id,url,normalized_url,source_url,discovered_at,provenance,owner_candidate,locale,freshness,rights_privacy_state,checksum,disposition,evidence_date,notes
url-0001,https://lps.ufrj.br/,https://lps.ufrj.br/,https://lps.ufrj.br/,2026-08-30T23:03:43Z,live-http-timeout,LPS web maintainers,pt-BR,unavailable-at-capture,public-record,sha256:8e8e0f85165b3ce857e06cc233398eb5cb43504680dc55e5b280bd182d212da2,301,2026-08-30,TCP/HTTPS timeout after 20 s; current truth not inferred
url-0002,https://www.lps.ufrj.br/,https://www.lps.ufrj.br/,https://www.lps.ufrj.br/,2026-08-30T23:03:43Z,live-http-redirect,LPS web maintainers,pt-BR,current,public-record,sha256:e810b97422947b2ac8b26b408353d9596f01c5f77ad9d9573bf0e614fae35b55,301,2026-08-30,HTTP 301 to current public Google Site
url-0003,https://sites.google.com/lps.ufrj.br/lps/in%C3%ADcio,https://sites.google.com/lps.ufrj.br/lps/in%C3%ADcio,https://sites.google.com/lps.ufrj.br/lps/in%C3%ADcio,2026-08-30T23:03:43Z,live-http,LPS web maintainers,pt-BR,current,public-record,sha256:5b9806409270361960152044d40cb587cd1e88036cef4e4fee487e4018acb4c7,migrate,2026-08-30,current Google Site: home
url-0004,https://sites.google.com/lps.ufrj.br/lps/sobre/sobre,https://sites.google.com/lps.ufrj.br/lps/sobre/sobre,https://sites.google.com/lps.ufrj.br/lps/in%C3%ADcio,2026-08-30T23:03:43Z,live-http,LPS web maintainers,pt-BR,current,public-record,sha256:1b00b1e361e03c34ab712f61a9011b904dcee1f2f6864635c7282a733a0d4d52,migrate,2026-08-30,current Google Site: about
url-0005,https://sites.google.com/lps.ufrj.br/lps/sobre/identidade-visual,https://sites.google.com/lps.ufrj.br/lps/sobre/identidade-visual,https://sites.google.com/lps.ufrj.br/lps/in%C3%ADcio,2026-08-30T23:03:43Z,live-http,LPS web maintainers,pt-BR,current,public-record,sha256:d1251f9a32a2819837475b5af6ac6ee9a9b03d372784fb9a44894a437d98740a,migrate,2026-08-30,current Google Site: visual identity
url-0006,https://sites.google.com/lps.ufrj.br/lps/professores,https://sites.google.com/lps.ufrj.br/lps/professores,https://sites.google.com/lps.ufrj.br/lps/in%C3%ADcio,2026-08-30T23:03:43Z,live-http,LPS web maintainers,pt-BR,current,public-record,sha256:c8fada6876d89909985fa5d6cc1a2757cd3f9347840373ebba94a8bd88b44f76,migrate,2026-08-30,current Google Site: faculty
url-0007,https://sites.google.com/lps.ufrj.br/lps/not%C3%ADcias/oportunidades-de-bolsa,https://sites.google.com/lps.ufrj.br/lps/not%C3%ADcias/oportunidades-de-bolsa,https://sites.google.com/lps.ufrj.br/lps/in%C3%ADcio,2026-08-30T23:03:43Z,live-http,LPS web maintainers,pt-BR,current,public-record,sha256:42d6a86048a255a5afa26026e905704b3febaf638fbe3a928d9f12eefa63ed97,migrate,2026-08-30,current Google Site: scholarship opportunities
url-0008,https://sites.google.com/lps.ufrj.br/lps/projetos,https://sites.google.com/lps.ufrj.br/lps/projetos,https://sites.google.com/lps.ufrj.br/lps/in%C3%ADcio,2026-08-30T23:03:43Z,live-http,LPS web maintainers,pt-BR,current,public-record,sha256:a3b5c9cae40c0e3e2c67aac3a3489e021f514d11318d48801a1f800397f89dca,migrate,2026-08-30,current Google Site: projects
url-0009,https://sites.google.com/lps.ufrj.br/caloba/in%C3%ADcio,https://sites.google.com/lps.ufrj.br/caloba/in%C3%ADcio,https://sites.google.com/lps.ufrj.br/lps/professores,2026-08-30T23:03:43Z,live-http,caloba profile owner,pt-BR,current,public-record,sha256:e012d3f2a18c3ce077b756bff7a7567baecd6f3655595595af05effe114247e5,link,2026-08-30,public faculty/staff subsite linked from current LPS surface
url-0010,https://sites.google.com/lps.ufrj.br/caloba/ensino,https://sites.google.com/lps.ufrj.br/caloba/ensino,https://sites.google.com/lps.ufrj.br/lps/professores,2026-08-30T23:03:43Z,live-http,caloba profile owner,pt-BR,current,public-record,sha256:1162fa5d945845c6ef920e30714df59994c6d31844d04ac4d09ff3c75bea2013,link,2026-08-30,public faculty/staff subsite linked from current LPS surface
url-0011,https://sites.google.com/lps.ufrj.br/caloba/ensino/cpe721-redes-neurais-feedforward,https://sites.google.com/lps.ufrj.br/caloba/ensino/cpe721-redes-neurais-feedforward,https://sites.google.com/lps.ufrj.br/lps/professores,2026-08-30T23:03:43Z,live-http,caloba profile owner,pt-BR,current,public-record,sha256:36053e372ba7ffe3cc02971e133e1728c233091383b62549f64985c40c530602,link,2026-08-30,public faculty/staff subsite linked from current LPS surface
url-0012,https://sites.google.com/lps.ufrj.br/caloba/ensino/cpe722-redes-neurais-n%C3%A3o-supervisionadas-e-agrupamentos,https://sites.google.com/lps.ufrj.br/caloba/ensino/cpe722-redes-neurais-n%C3%A3o-supervisionadas-e-agrupamentos,https://sites.google.com/lps.ufrj.br/lps/professores,2026-08-30T23:03:43Z,live-http,caloba profile owner,pt-BR,current,public-record,sha256:e21fbdb2d2439fddc78c00f9032c14ecef25ea25aacc20880f599282efadb8eb,link,2026-08-30,public faculty/staff subsite linked from current LPS surface
url-0013,https://sites.google.com/lps.ufrj.br/acmq/in%C3%ADcio,https://sites.google.com/lps.ufrj.br/acmq/in%C3%ADcio,https://sites.google.com/lps.ufrj.br/lps/professores,2026-08-30T23:03:43Z,live-http,acmq profile owner,pt-BR,current,public-record,sha256:1da0c8b777bb45bf096f2ffdeb527d3b93bf8bde16ae290adfa1696ee1f680ff,link,2026-08-30,public faculty/staff subsite linked from current LPS surface
url-0014,https://sites.google.com/lps.ufrj.br/jodafons/in%C3%ADcio,https://sites.google.com/lps.ufrj.br/jodafons/in%C3%ADcio,https://sites.google.com/lps.ufrj.br/lps/professores,2026-08-30T23:03:43Z,live-http,jodafons profile owner,pt-BR,current,public-record,sha256:b8518d17e16ec254a90e50e2404fe5b2da328aeb4888373f4c2d24e7c507caa9,link,2026-08-30,public faculty/staff subsite linked from current LPS surface
url-0015,https://sites.google.com/lps.ufrj.br/jodafons/pee/cpe-782-ica,https://sites.google.com/lps.ufrj.br/jodafons/pee/cpe-782-ica,https://sites.google.com/lps.ufrj.br/lps/professores,2026-08-30T23:03:43Z,live-http,jodafons profile owner,pt-BR,current,public-record,sha256:2ca82937e1d569aefec1bc05e4cbcbf88e400f6b79287a068e4ade75d0c28c2c,link,2026-08-30,public faculty/staff subsite linked from current LPS surface
url-0016,https://sites.google.com/lps.ufrj.br/jodafons/pee/cpe-886-quantum-machine-learning,https://sites.google.com/lps.ufrj.br/jodafons/pee/cpe-886-quantum-machine-learning,https://sites.google.com/lps.ufrj.br/lps/professores,2026-08-30T23:03:43Z,live-http,jodafons profile owner,pt-BR,current,public-record,sha256:7734e3fc7752df24774e66777bb588910aaf191ea3c1c52dafd8edd13664f02a,link,2026-08-30,public faculty/staff subsite linked from current LPS surface
url-0017,https://sites.google.com/lps.ufrj.br/jodafons/pee/rap-2026,https://sites.google.com/lps.ufrj.br/jodafons/pee/rap-2026,https://sites.google.com/lps.ufrj.br/lps/professores,2026-08-30T23:03:43Z,live-http,jodafons profile owner,pt-BR,current,public-record,sha256:7e290b138fdeac5b4ecc51259736a549f1fdd0fe863aa0d13ac50119b2d06944,link,2026-08-30,public faculty/staff subsite linked from current LPS surface
url-0018,https://sites.google.com/lps.ufrj.br/jodafons/gradua%C3%A7%C3%A3o/eel710-instrumenta%C3%A7%C3%A3o-e-t%C3%A9cnicas-de-medidas-202602,https://sites.google.com/lps.ufrj.br/jodafons/gradua%C3%A7%C3%A3o/eel710-instrumenta%C3%A7%C3%A3o-e-t%C3%A9cnicas-de-medidas-202602,https://sites.google.com/lps.ufrj.br/lps/professores,2026-08-30T23:03:43Z,live-http,jodafons profile owner,pt-BR,current,public-record,sha256:76f5a48d818e6f1611592024516ba6b9889c197c9f17aa4aa14e974c82223a34,link,2026-08-30,public faculty/staff subsite linked from current LPS surface
url-0019,https://sites.google.com/lps.ufrj.br/jodafons/orienta%C3%A7%C3%B5es/gradua%C3%A7%C3%A3o,https://sites.google.com/lps.ufrj.br/jodafons/orienta%C3%A7%C3%B5es/gradua%C3%A7%C3%A3o,https://sites.google.com/lps.ufrj.br/lps/professores,2026-08-30T23:03:43Z,live-http,jodafons profile owner,pt-BR,current,public-record,sha256:a93ebc5c278ccd21c52562d7bada2738159697a0772ee7f976ff428796893da8,link,2026-08-30,public faculty/staff subsite linked from current LPS surface
url-0020,https://sites.google.com/lps.ufrj.br/jodafons/oportunidades-de-bolsa,https://sites.google.com/lps.ufrj.br/jodafons/oportunidades-de-bolsa,https://sites.google.com/lps.ufrj.br/lps/professores,2026-08-30T23:03:43Z,live-http,jodafons profile owner,pt-BR,current,public-record,sha256:151e4b818b68f55cea3c6fe12ca2ff35ac822befbb606949cda176bece510803,link,2026-08-30,public faculty/staff subsite linked from current LPS surface
url-0021,https://sites.google.com/lps.ufrj.br/seixas/in%C3%ADcio,https://sites.google.com/lps.ufrj.br/seixas/in%C3%ADcio,https://sites.google.com/lps.ufrj.br/lps/professores,2026-08-30T23:03:43Z,live-http,seixas profile owner,pt-BR,current,public-record,sha256:cd231aea9ab55202fdf5d41d74d599d0f49b5b1c9d0c23d4d641855ffa4d7529,link,2026-08-30,public faculty/staff subsite linked from current LPS surface
url-0022,https://sites.google.com/lps.ufrj.br/namourajr/in%C3%ADcio,https://sites.google.com/lps.ufrj.br/namourajr/in%C3%ADcio,https://sites.google.com/lps.ufrj.br/lps/professores,2026-08-30T23:03:43Z,live-http,namourajr profile owner,pt-BR,current,public-record,sha256:b1edb8e99e8ef59950856e3cd89c0be8944addacecd86c981ab3ca734d0869a2,link,2026-08-30,public faculty/staff subsite linked from current LPS surface
url-0023,https://sites.google.com/lps.ufrj.br/namourajr/ensino,https://sites.google.com/lps.ufrj.br/namourajr/ensino,https://sites.google.com/lps.ufrj.br/lps/professores,2026-08-30T23:03:43Z,live-http,namourajr profile owner,pt-BR,current,public-record,sha256:3fad4b9c6cd318433e9a39948e5b639bb1523dca655fa8b232e653bd30ab2b97,link,2026-08-30,public faculty/staff subsite linked from current LPS surface
url-0024,https://sites.google.com/lps.ufrj.br/namourajr/ensino/redes-neurais-feedforward-cpe-721,https://sites.google.com/lps.ufrj.br/namourajr/ensino/redes-neurais-feedforward-cpe-721,https://sites.google.com/lps.ufrj.br/lps/professores,2026-08-30T23:03:43Z,live-http,namourajr profile owner,pt-BR,current,public-record,sha256:e323f89118a30b20013eca4a6a198fa820b34b31d6433f5ca5e044b6ad0d7a10,link,2026-08-30,public faculty/staff subsite linked from current LPS surface
url-0025,https://sites.google.com/lps.ufrj.br/namourajr/ensino/sistemas-lineares-i,https://sites.google.com/lps.ufrj.br/namourajr/ensino/sistemas-lineares-i,https://sites.google.com/lps.ufrj.br/lps/professores,2026-08-30T23:03:43Z,live-http,namourajr profile owner,pt-BR,current,public-record,sha256:09b5b9f1d70d458e6fa2c5011219eb3719e6fb1dd4b28adfb2c934d37ffb23ea,link,2026-08-30,public faculty/staff subsite linked from current LPS surface
url-0026,https://sites.google.com/lps.ufrj.br/namourajr/ensino/aprendizado-profundo,https://sites.google.com/lps.ufrj.br/namourajr/ensino/aprendizado-profundo,https://sites.google.com/lps.ufrj.br/lps/professores,2026-08-30T23:03:43Z,live-http,namourajr profile owner,pt-BR,current,public-record,sha256:8b1912ce47198b8340c23982ea9318b2a10a44de820db3ff84bdf4941938ac58,link,2026-08-30,public faculty/staff subsite linked from current LPS surface
url-0027,https://sites.google.com/lps.ufrj.br/namourajr/projetos,https://sites.google.com/lps.ufrj.br/namourajr/projetos,https://sites.google.com/lps.ufrj.br/lps/professores,2026-08-30T23:03:43Z,live-http,namourajr profile owner,pt-BR,current,public-record,sha256:5e475b3629d01d0ff81f87ba37e838b9e109a766f50d1eb784b31559bd818170,link,2026-08-30,public faculty/staff subsite linked from current LPS surface
url-0028,https://sites.google.com/lps.ufrj.br/namourajr/coordena%C3%A7%C3%A3odel,https://sites.google.com/lps.ufrj.br/namourajr/coordena%C3%A7%C3%A3odel,https://sites.google.com/lps.ufrj.br/lps/professores,2026-08-30T23:03:43Z,live-http,namourajr profile owner,pt-BR,current,public-record,sha256:c816d2ef8eaaed781dcae1e48d3250dca15c45185873db0423742b64c75e96bf,link,2026-08-30,public faculty/staff subsite linked from current LPS surface
url-0029,https://sites.google.com/lps.ufrj.br/namourajr/pesquisa,https://sites.google.com/lps.ufrj.br/namourajr/pesquisa,https://sites.google.com/lps.ufrj.br/lps/professores,2026-08-30T23:03:43Z,live-http,namourajr profile owner,pt-BR,current,public-record,sha256:74303e6ec47858545dec05f0f2ff004dd145d1fc37a735dc1c3937cef28529fb,link,2026-08-30,public faculty/staff subsite linked from current LPS surface
url-0030,https://sites.google.com/lps.ufrj.br/lorenzetti/in%C3%ADcio,https://sites.google.com/lps.ufrj.br/lorenzetti/in%C3%ADcio,https://sites.google.com/lps.ufrj.br/lps/professores,2026-08-30T23:03:43Z,live-http-auth-wall,lorenzetti site owner,pt-BR,access-restricted-at-capture,private-excluded,sha256:de10e202eab8c86c15616ce198a4267df3805a623d41a1b12f75e6dab2499aa0,private-excluded,2026-08-30,redirected to Google sign-in; no private access attempted
url-0031,https://sites.google.com/lps.ufrj.br/glance/about,https://sites.google.com/lps.ufrj.br/glance/about,https://sites.google.com/lps.ufrj.br/lps/professores,2026-08-30T23:03:43Z,live-http-auth-wall,glance site owner,pt-BR,access-restricted-at-capture,private-excluded,sha256:3cadb62f9dd664de73bafa2221e01d6b8ae572b139e4be6262a82a7dc90847ac,private-excluded,2026-08-30,redirected to Google sign-in; no private access attempted
url-0032,https://sites.google.com/lps.ufrj.br/infra/in%C3%ADcio,https://sites.google.com/lps.ufrj.br/infra/in%C3%ADcio,https://sites.google.com/lps.ufrj.br/lps/professores,2026-08-30T23:03:43Z,live-http-auth-wall,infra site owner,pt-BR,access-restricted-at-capture,private-excluded,sha256:ade4346fe41348e3211c88c9737ec220858ea5043d030666e6b35b75369d5704,private-excluded,2026-08-30,redirected to Google sign-in; no private access attempted
url-0033,http://lattes.cnpq.br/7901653289226815,http://lattes.cnpq.br/7901653289226815,https://sites.google.com/lps.ufrj.br/acmq/in%C3%ADcio,2026-08-30T23:03:43Z,live-page-link,ACMQ profile owner,pt-BR,current,externally-maintained,sha256:e07bf8c9b0386daf3d19e7088a1ca072201717681e913f8161d215b8ea78e5d1,link,2026-08-30,external public profile; link rather than migrate
url-0034,http://lattes.cnpq.br/3592331377050716,http://lattes.cnpq.br/3592331377050716,https://sites.google.com/lps.ufrj.br/jodafons/in%C3%ADcio,2026-08-30T23:03:43Z,live-page-link,Jodafons profile owner,pt-BR,current,externally-maintained,sha256:e0ddcf7ac684fe76fbbde5a354d3eb1147911732e0522ef6c7e44567653a2863,link,2026-08-30,external public profile; link rather than migrate
url-0035,http://lattes.cnpq.br/1404632471755241,http://lattes.cnpq.br/1404632471755241,https://sites.google.com/lps.ufrj.br/seixas/in%C3%ADcio,2026-08-30T23:03:43Z,live-page-link,Seixas profile owner,pt-BR,current,externally-maintained,sha256:734d604888f3457c6ee0bba237287354a89ba63d9af2356e5271f68934ab0346,link,2026-08-30,external public profile; link rather than migrate
url-0036,http://lattes.cnpq.br/2696393506316122,http://lattes.cnpq.br/2696393506316122,https://sites.google.com/lps.ufrj.br/namourajr/in%C3%ADcio,2026-08-30T23:03:43Z,live-page-link,Namoura Jr profile owner,pt-BR,current,externally-maintained,sha256:78ddfec10ef74f72f2509ff75627f6ffb07a341b28ed8e5333c03c7741623ad6,link,2026-08-30,external public profile; link rather than migrate
url-0037,https://github.com/jodafons,https://github.com/jodafons,https://sites.google.com/lps.ufrj.br/jodafons/in%C3%ADcio,2026-08-30T23:03:43Z,live-page-link,Jodafons,pt-BR,current,externally-maintained,sha256:41e3f3b8387f5d4a8d572e214c59aec2cbbc1227ee3426a38ff42efc9d1aeb17,link,2026-08-30,external public profile; link rather than migrate
url-0038,https://github.com/natmourajr,https://github.com/natmourajr,https://sites.google.com/lps.ufrj.br/namourajr/in%C3%ADcio,2026-08-30T23:03:43Z,live-page-link,Namoura Jr,pt-BR,current,externally-maintained,sha256:fe09361e994e23bc76db7bf6cd3a27779c761f35760014ec3f7e19f481a62fa3,link,2026-08-30,external public profile; link rather than migrate
url-0039,https://www.embrapii.coppe.ufrj.br/laboratorios/1228/lps-laboratorio-de-processamento-de-sinais,https://www.embrapii.coppe.ufrj.br/laboratorios/1228/lps-laboratorio-de-processamento-de-sinais,https://www.embrapii.coppe.ufrj.br/laboratorios/1228/lps-laboratorio-de-processamento-de-sinais,2026-08-30T23:03:43Z,institutional-profile,COPPE EMBRAPII communications,pt-BR,current,externally-maintained,sha256:841bd1d70b668ae3ecb486d2999259e134347ae04efc913deb624e6bd4adb337,link,2026-08-30,current institutional profile; facts require owner review before migration
url-0040,https://github.com/lps-ufrj-br,https://github.com/lps-ufrj-br,https://api.github.com/orgs/lps-ufrj-br,2026-08-30T23:03:43Z,github-api,LPS GitHub organization owners,pt-BR,current,externally-maintained,sha256:33efa4ffa0b20b26b2d9c96701bd90975b32f9bd34f5aef0524057febfc4eb3b,link,2026-08-30,public organization; GitHub reports is_verified=false
url-0041,https://github.com/lps-ufrj-br/pybeamer,https://github.com/lps-ufrj-br/pybeamer,https://api.github.com/orgs/lps-ufrj-br/repos?type=public&per_page=100,2026-08-30T23:03:43Z,github-api,LPS GitHub organization owners,pt-BR,2025-12-08T22:12:22Z,externally-maintained,sha256:f478e326a948ddd7e9f826ed25253d73dc2bae53b5a0c7c764d493cfe8abd5a4,link,2026-08-30,public repository; license=NOASSERTION
url-0042,https://github.com/lps-ufrj-br/expand-folders,https://github.com/lps-ufrj-br/expand-folders,https://api.github.com/orgs/lps-ufrj-br/repos?type=public&per_page=100,2026-08-30T23:03:43Z,github-api,LPS GitHub organization owners,pt-BR,2025-12-08T22:11:53Z,externally-maintained,sha256:e88b620f9db6763d8a34d2ca3dd1b63194c0eb2fc83457f47834ab311b210870,link,2026-08-30,public repository; license=NOASSERTION
url-0043,https://github.com/lps-ufrj-br/maestro-lightning,https://github.com/lps-ufrj-br/maestro-lightning,https://api.github.com/orgs/lps-ufrj-br/repos?type=public&per_page=100,2026-08-30T23:03:43Z,github-api,LPS GitHub organization owners,pt-BR,2026-06-21T14:40:23Z,externally-maintained,sha256:6ba89a6063e6b45107fec12234101350ad5cb545cced67d0b39ebaa8c7834308,link,2026-08-30,public repository; license=NOASSERTION
url-0044,https://github.com/lps-ufrj-br/datacenter,https://github.com/lps-ufrj-br/datacenter,https://api.github.com/orgs/lps-ufrj-br/repos?type=public&per_page=100,2026-08-30T23:03:43Z,github-api,LPS GitHub organization owners,pt-BR,2026-07-10T22:55:20Z,externally-maintained,sha256:7b3eab055a9f99513e68cc798a2b498cc910234d8cbc15667f83551b30577ce3,link,2026-08-30,public repository; license=NOASSERTION
url-0045,https://github.com/lps-ufrj-br/.github,https://github.com/lps-ufrj-br/.github,https://api.github.com/orgs/lps-ufrj-br/repos?type=public&per_page=100,2026-08-30T23:03:43Z,github-api,LPS GitHub organization owners,pt-BR,2025-12-05T23:48:16Z,externally-maintained,sha256:377ce135d3a32fcec50a91447bb36891c9dd5e93c54d1a0995dd8a3d99985624,link,2026-08-30,public repository; license=NOASSERTION
url-0046,https://github.com/lps-ufrj-br/latex-lps-report-template,https://github.com/lps-ufrj-br/latex-lps-report-template,https://api.github.com/orgs/lps-ufrj-br/repos?type=public&per_page=100,2026-08-30T23:03:43Z,github-api,LPS GitHub organization owners,pt-BR,2026-08-07T18:54:01Z,externally-maintained,sha256:4e12e53ce2adbb0794e02e073cb02a2cb6e5c8a6a4966c29e1e4a38df3358529,link,2026-08-30,public repository; license=NOASSERTION
url-0047,https://github.com/lps-ufrj-br/latex-lps-slides-template,https://github.com/lps-ufrj-br/latex-lps-slides-template,https://api.github.com/orgs/lps-ufrj-br/repos?type=public&per_page=100,2026-08-30T23:03:43Z,github-api,LPS GitHub organization owners,pt-BR,2026-08-05T20:59:10Z,externally-maintained,sha256:07ee79e9bb502dbd49bd96ba2b596c0f6f172b688c2405efbb3ff23dac3913d8,link,2026-08-30,public repository; license=NOASSERTION
url-0048,https://lps-ufrj-br.github.io/datacenter/,https://lps-ufrj-br.github.io/datacenter,https://sites.google.com/lps.ufrj.br/lps/sobre/sobre,2026-08-30T23:03:43Z,live-page-link,LPS GitHub organization owners,pt-BR,current,externally-maintained,sha256:945be8e6ad8d66f15f4e5517445e98cac267fc636ddd870cc86f5e9b8eeb2b21,link,2026-08-30,public technical documentation linked by current LPS site
url-0049,https://lps-ufrj-br.github.io/datacenter/docs/How_to_use_sbatch.html,https://lps-ufrj-br.github.io/datacenter/docs/How_to_use_sbatch.html,https://sites.google.com/lps.ufrj.br/lps/sobre/sobre,2026-08-30T23:03:43Z,live-page-link,LPS GitHub organization owners,pt-BR,current,externally-maintained,sha256:b319f2dd05df4295d95979c8780a4e91d18162a494068be8c61cfd41e5057504,link,2026-08-30,public technical documentation linked by current LPS site
url-0050,https://lps-ufrj-br.github.io/datacenter/docs/How_to_build_a_singularity_image.html,https://lps-ufrj-br.github.io/datacenter/docs/How_to_build_a_singularity_image.html,https://sites.google.com/lps.ufrj.br/lps/sobre/sobre,2026-08-30T23:03:43Z,live-page-link,LPS GitHub organization owners,pt-BR,current,externally-maintained,sha256:cbf31d00e9fa1195f0bdbd8589485e79288fc49faf9d0796ddba91b2732e60a2,link,2026-08-30,public technical documentation linked by current LPS site
url-0051,https://lps-ufrj-br.github.io/datacenter/docs/How_to_use_singularity.html,https://lps-ufrj-br.github.io/datacenter/docs/How_to_use_singularity.html,https://sites.google.com/lps.ufrj.br/lps/sobre/sobre,2026-08-30T23:03:43Z,live-page-link,LPS GitHub organization owners,pt-BR,current,externally-maintained,sha256:1d49b21f771d25cb094c60eeec7a67a8c2777063087ae49353fe2273c62f081a,link,2026-08-30,public technical documentation linked by current LPS site
url-0052,https://lps-ufrj-br.github.io/datacenter/docs/How_to_use_slurm.html,https://lps-ufrj-br.github.io/datacenter/docs/How_to_use_slurm.html,https://sites.google.com/lps.ufrj.br/lps/sobre/sobre,2026-08-30T23:03:43Z,live-page-link,LPS GitHub organization owners,pt-BR,current,externally-maintained,sha256:f4cab4c753572674a226bbb82cbdc411f005f868f33e0376eaa0b73d62237912,link,2026-08-30,public technical documentation linked by current LPS site
url-0053,https://lps-ufrj-br.github.io/maestro-lightning/,https://lps-ufrj-br.github.io/maestro-lightning,https://sites.google.com/lps.ufrj.br/lps/sobre/sobre,2026-08-30T23:03:43Z,live-page-link,LPS GitHub organization owners,pt-BR,current,externally-maintained,sha256:fc963c110752fe6093cd00050b8acb96d9200031a96a037cabc7c4ccaf066ae2,link,2026-08-30,public technical documentation linked by current LPS site
url-0054,https://lps-ufrj-br.github.io/maestro-lightning/docs/How_to_run_the_sequence.html,https://lps-ufrj-br.github.io/maestro-lightning/docs/How_to_run_the_sequence.html,https://sites.google.com/lps.ufrj.br/lps/sobre/sobre,2026-08-30T23:03:43Z,live-page-link,LPS GitHub organization owners,pt-BR,current,externally-maintained,sha256:be9f1a799e0d2fc136081d7b87d5a2ee82707628e4b4f3aa39a5e83e92100b7a,link,2026-08-30,public technical documentation linked by current LPS site
url-0055,http://www.lps.ufrj.br:80/,http://www.lps.ufrj.br/,"https://web.archive.org/cdx/search/cdx?url=lps.ufrj.br/*&output=json&filter=statuscode:200&filter=mimetype:text/html&fl=timestamp,original,statuscode,digest&collapse=urlkey&limit=10000",1998-12-12T03:06:47Z,archive-cdx,LPS web maintainers,und,historical-archive-only,public-record,sha256:e037168194523ce725c40271290abadf3ca7f40ca52513bf90f3ff18ffedd1ee,410,1998-12-12,Wayback CDX capture 1998-12-12; archive is not current truth; CDX digest=TIBMG5XXHIS2KO7DDEFMU23NTKFVXMFL
url-0056,https://www.lps.ufrj.br/admin/index.php,https://www.lps.ufrj.br/admin/index.php,"https://web.archive.org/cdx/search/cdx?url=lps.ufrj.br/*&output=json&filter=statuscode:200&filter=mimetype:text/html&fl=timestamp,original,statuscode,digest&collapse=urlkey&limit=10000",2011-07-06T16:24:01Z,archive-cdx,LPS web maintainers,und,historical-archive-only,private-excluded,sha256:6363eaf1b34d62963f233c4a7c12c2f4b438d456bcfebb7befaf8c1cf45df1e4,private-excluded,2011-07-06,Wayback CDX capture 2011-07-06; archive is not current truth; CDX digest=5CP4M4RSTJH3FSNP5VS4CHD2OICZQV6J
url-0057,http://www.lps.ufrj.br:80/alert.html,http://www.lps.ufrj.br/alert.html,"https://web.archive.org/cdx/search/cdx?url=lps.ufrj.br/*&output=json&filter=statuscode:200&filter=mimetype:text/html&fl=timestamp,original,statuscode,digest&collapse=urlkey&limit=10000",2006-10-31T17:27:38Z,archive-cdx,LPS web maintainers,und,historical-archive-only,public-record,sha256:5a57eca4c2a3034cb7d3d5c03e4fe2c0a85bce5d96a55bd2af72548b26490512,410,2006-10-31,Wayback CDX capture 2006-10-31; archive is not current truth; CDX digest=WRIIAWMKLB2RJZHA5NN74Q3UDQOYLDF3
url-0058,http://www.lps.ufrj.br:80/alumni.htm,http://www.lps.ufrj.br/alumni.htm,"https://web.archive.org/cdx/search/cdx?url=lps.ufrj.br/*&output=json&filter=statuscode:200&filter=mimetype:text/html&fl=timestamp,original,statuscode,digest&collapse=urlkey&limit=10000",2001-04-06T02:28:48Z,archive-cdx,LPS web maintainers,und,historical-archive-only,public-record,sha256:8011f586e73ceb22c2ee312e0d4be002e1807c17bf505800041dd68e365c160c,301,2001-04-06,Wayback CDX capture 2001-04-06; archive is not current truth; CDX digest=OH3HNVKCJINA2TQSSAAN56BA7BHWL3SV
url-0059,http://www.lps.ufrj.br:80/alumni.html,http://www.lps.ufrj.br/alumni.html,"https://web.archive.org/cdx/search/cdx?url=lps.ufrj.br/*&output=json&filter=statuscode:200&filter=mimetype:text/html&fl=timestamp,original,statuscode,digest&collapse=urlkey&limit=10000",2002-07-21T04:43:40Z,archive-cdx,LPS web maintainers,und,historical-archive-only,public-record,sha256:cda597ea0df25f6c3c0419d09e5fceadd7f2fc70d3158bcc8dc6d29215432674,301,2002-07-21,Wayback CDX capture 2002-07-21; archive is not current truth; CDX digest=XK3DVAOAUG5VFV2KJJF75S6PKVB6MUOO
url-0060,https://www.lps.ufrj.br/alumni.php?lang=en,https://www.lps.ufrj.br/alumni.php?lang=en,"https://web.archive.org/cdx/search/cdx?url=lps.ufrj.br/*&output=json&filter=statuscode:200&filter=mimetype:text/html&fl=timestamp,original,statuscode,digest&collapse=urlkey&limit=10000",2011-07-06T16:26:48Z,archive-cdx,LPS web maintainers,und,historical-archive-only,public-record,sha256:a17806ca41a406c8dbb9780b358d999c7198f6461cfe35c3e4bf73c07ad6533c,301,2011-07-06,Wayback CDX capture 2011-07-06; archive is not current truth; CDX digest=HTBDWLUZGH56XVXQVGXJYGW5XDXK3CYE
url-0061,https://www.lps.ufrj.br/alumni.php?lang=pt,https://www.lps.ufrj.br/alumni.php?lang=pt,"https://web.archive.org/cdx/search/cdx?url=lps.ufrj.br/*&output=json&filter=statuscode:200&filter=mimetype:text/html&fl=timestamp,original,statuscode,digest&collapse=urlkey&limit=10000",2012-12-29T13:10:08Z,archive-cdx,LPS web maintainers,und,historical-archive-only,public-record,sha256:b854c6592f5079a26507df82a25ad6d1a49465f9b9e58c555599793a0e60e091,301,2012-12-29,Wayback CDX capture 2012-12-29; archive is not current truth; CDX digest=LZBTPJS5S7ZIP67MXFDGDCV3T6BTIE2K
url-0062,http://www.lps.ufrj.br:80/awards.html,http://www.lps.ufrj.br/awards.html,"https://web.archive.org/cdx/search/cdx?url=lps.ufrj.br/*&output=json&filter=statuscode:200&filter=mimetype:text/html&fl=timestamp,original,statuscode,digest&collapse=urlkey&limit=10000",2002-02-13T11:31:28Z,archive-cdx,LPS web maintainers,und,historical-archive-only,public-record,sha256:d44fa040cc2cf04f22afee702af94a48e1e18e64a63be372baf5c3358e68b29d,301,2002-02-13,Wayback CDX capture 2002-02-13; archive is not current truth; CDX digest=OEK2VLDJAC3F3UGFRA2UMDXRNT76C5QI
url-0063,http://www.lps.ufrj.br:80/biblioteca/library.html,http://www.lps.ufrj.br/biblioteca/library.html,"https://web.archive.org/cdx/search/cdx?url=lps.ufrj.br/*&output=json&filter=statuscode:200&filter=mimetype:text/html&fl=timestamp,original,statuscode,digest&collapse=urlkey&limit=10000",2006-08-27T01:05:10Z,archive-cdx,LPS web maintainers,und,historical-archive-only,public-record,sha256:b17723ba2e73de6e537a7c0ed901bbc8778794d73f309655016a4cdddc86c0f8,410,2006-08-27,Wayback CDX capture 2006-08-27; archive is not current truth; CDX digest=Q6DUXVDFTQKCQAOX7A3FOWGT6NRHMBCB
url-0064,http://www.lps.ufrj.br:80/biblioteca/library2.html,http://www.lps.ufrj.br/biblioteca/library2.html,"https://web.archive.org/cdx/search/cdx?url=lps.ufrj.br/*&output=json&filter=statuscode:200&filter=mimetype:text/html&fl=timestamp,original,statuscode,digest&collapse=urlkey&limit=10000",2006-07-16T02:18:41Z,archive-cdx,LPS web maintainers,und,historical-archive-only,public-record,sha256:0e5d24c54e0f4cf4eb9eaefed5e1e973d2f7ff4eccba100c8170e82b6b09cb8c,410,2006-07-16,Wayback CDX capture 2006-07-16; archive is not current truth; CDX digest=M5GGWGUJ4QW4CKHLQJ3HJ4LCSYELHB6W
url-0065,http://www.lps.ufrj.br:80/biblioteca/livros.html,http://www.lps.ufrj.br/biblioteca/livros.html,"https://web.archive.org/cdx/search/cdx?url=lps.ufrj.br/*&output=json&filter=statuscode:200&filter=mimetype:text/html&fl=timestamp,original,statuscode,digest&collapse=urlkey&limit=10000",2006-11-11T09:42:33Z,archive-cdx,LPS web maintainers,und,historical-archive-only,public-record,sha256:59a311a312efa25d1281956e13844c79dad354717856b24581f4f2d7bd4b4407,410,2006-11-11,Wayback CDX capture 2006-11-11; archive is not current truth; CDX digest=O3XJX7WAZ6OMSSLNUF44NRZY2WO5L2NN
url-0066,http://www.lps.ufrj.br:80/biblioteca/revistas.html,http://www.lps.ufrj.br/biblioteca/revistas.html,"https://web.archive.org/cdx/search/cdx?url=lps.ufrj.br/*&output=json&filter=statuscode:200&filter=mimetype:text/html&fl=timestamp,original,statuscode,digest&collapse=urlkey&limit=10000",2006-11-11T09:43:12Z,archive-cdx,LPS web maintainers,und,historical-archive-only,public-record,sha256:29bb02cfe487073354194b447f4e77ce6d71445a8298cbb8f103c37058acbc35,410,2006-11-11,Wayback CDX capture 2006-11-11; archive is not current truth; CDX digest=VKWSQPVDSWSMW3X5Z6LNDIEXD6BWPJKG
url-0067,https://www.lps.ufrj.br/collaborators.php?lang=en,https://www.lps.ufrj.br/collaborators.php?lang=en,"https://web.archive.org/cdx/search/cdx?url=lps.ufrj.br/*&output=json&filter=statuscode:200&filter=mimetype:text/html&fl=timestamp,original,statuscode,digest&collapse=urlkey&limit=10000",2011-07-06T16:26:31Z,archive-cdx,LPS web maintainers,und,historical-archive-only,public-record,sha256:4d4d8b4f5921b5dea7e624514af999d646ebf301c92cb5d206b9f091490df34d,301,2011-07-06,Wayback CDX capture 2011-07-06; archive is not current truth; CDX digest=APSQWORUFGKWNX25A4XOA46R4XB6JD7Z
url-0068,https://www.lps.ufrj.br/collaborators.php?lang=pt,https://www.lps.ufrj.br/collaborators.php?lang=pt,"https://web.archive.org/cdx/search/cdx?url=lps.ufrj.br/*&output=json&filter=statuscode:200&filter=mimetype:text/html&fl=timestamp,original,statuscode,digest&collapse=urlkey&limit=10000",2012-12-29T13:11:06Z,archive-cdx,LPS web maintainers,und,historical-archive-only,public-record,sha256:9a9475a3d3d2d445b839e34f721f68bd16483a37f98fde1c3c1b9a76105e4a49,301,2012-12-29,Wayback CDX capture 2012-12-29; archive is not current truth; CDX digest=EDQEYJ6HROWVVU3HNGQR2A3CEKFPJS3O
url-0069,http://www.lps.ufrj.br:80/consulting/consulting.html,http://www.lps.ufrj.br/consulting/consulting.html,"https://web.archive.org/cdx/search/cdx?url=lps.ufrj.br/*&output=json&filter=statuscode:200&filter=mimetype:text/html&fl=timestamp,original,statuscode,digest&collapse=urlkey&limit=10000",2002-02-13T11:28:07Z,archive-cdx,LPS web maintainers,und,historical-archive-only,public-record,sha256:e1f678c41fdfbed5aadb7d31aa54a05087b220fd1c335a35937cc3c0ae4fab0a,301,2002-02-13,Wayback CDX capture 2002-02-13; archive is not current truth; CDX digest=NJHCBH37IRDL4HCYXEPCCVDBCNHREZS7
url-0070,http://www.lps.ufrj.br/consultoria/consulting.html,http://www.lps.ufrj.br/consultoria/consulting.html,"https://web.archive.org/cdx/search/cdx?url=lps.ufrj.br/*&output=json&filter=statuscode:200&filter=mimetype:text/html&fl=timestamp,original,statuscode,digest&collapse=urlkey&limit=10000",2007-06-22T14:28:43Z,archive-cdx,LPS web maintainers,und,historical-archive-only,public-record,sha256:b3e39f8a87803664af72cc34e4c6f5e92ad3db710790a864b2f36427c16a32b3,301,2007-06-22,Wayback CDX capture 2007-06-22; archive is not current truth; CDX digest=4OETK7CEN37NZIWAIISHMXTKCDSOKAEL
url-0071,http://www.lps.ufrj.br/contato/contact.html,http://www.lps.ufrj.br/contato/contact.html,"https://web.archive.org/cdx/search/cdx?url=lps.ufrj.br/*&output=json&filter=statuscode:200&filter=mimetype:text/html&fl=timestamp,original,statuscode,digest&collapse=urlkey&limit=10000",2007-06-22T14:28:56Z,archive-cdx,LPS web maintainers,und,historical-archive-only,public-record,sha256:6120a0a18074c17c5e49cf2b82d63d478adbdbfbb24c40f06eacc7ea8a3fc779,301,2007-06-22,Wayback CDX capture 2007-06-22; archive is not current truth; CDX digest=BJHWCILO42AEB722OAPVNNK66X5P4GQD
url-0072,http://www.lps.ufrj.br:80/courses.html,http://www.lps.ufrj.br/courses.html,"https://web.archive.org/cdx/search/cdx?url=lps.ufrj.br/*&output=json&filter=statuscode:200&filter=mimetype:text/html&fl=timestamp,original,statuscode,digest&collapse=urlkey&limit=10000",2002-02-13T11:42:19Z,archive-cdx,LPS web maintainers,und,historical-archive-only,public-record,sha256:07e1a0c0d560c9eff5928c0e1922db59acf197c875761de3587d24678c6ab3d3,301,2002-02-13,Wayback CDX capture 2002-02-13; archive is not current truth; CDX digest=ROSA272PYQCEFFVJKLI5B7YBUQ3QROTG
url-0073,https://www.lps.ufrj.br/courses.php?lang=en,https://www.lps.ufrj.br/courses.php?lang=en,"https://web.archive.org/cdx/search/cdx?url=lps.ufrj.br/*&output=json&filter=statuscode:200&filter=mimetype:text/html&fl=timestamp,original,statuscode,digest&collapse=urlkey&limit=10000",2011-07-06T16:23:51Z,archive-cdx,LPS web maintainers,und,historical-archive-only,public-record,sha256:cbef06bb1ae7c0a6f7697eca186de0c9c2e3a169701fc2f005e6c49c624d555e,301,2011-07-06,Wayback CDX capture 2011-07-06; archive is not current truth; CDX digest=CQVTQ6445FDW4U3M4M6KJXFEHNEOH6VD
url-0074,https://www.lps.ufrj.br/courses.php?lang=pt,https://www.lps.ufrj.br/courses.php?lang=pt,"https://web.archive.org/cdx/search/cdx?url=lps.ufrj.br/*&output=json&filter=statuscode:200&filter=mimetype:text/html&fl=timestamp,original,statuscode,digest&collapse=urlkey&limit=10000",2012-12-29T13:08:18Z,archive-cdx,LPS web maintainers,und,historical-archive-only,public-record,sha256:a04eb82f1bc2844bb037db6a54056c62a23fde63f64ea3fb402b312fb0f471e1,301,2012-12-29,Wayback CDX capture 2012-12-29; archive is not current truth; CDX digest=CQSMWCF5J7NL22IGYVBAUVDJGHNNZHJ7
url-0075,http://www.lps.ufrj.br:80/courses_pt.php?,http://www.lps.ufrj.br/courses_pt.php,"https://web.archive.org/cdx/search/cdx?url=lps.ufrj.br/*&output=json&filter=statuscode:200&filter=mimetype:text/html&fl=timestamp,original,statuscode,digest&collapse=urlkey&limit=10000",2009-10-15T02:29:35Z,archive-cdx,LPS web maintainers,und,historical-archive-only,public-record,sha256:9e6fed5b3cfa90e18851ccecfbce4af8152ae0b8a8fb03691eb7642ec4601106,301,2009-10-15,Wayback CDX capture 2009-10-15; archive is not current truth; CDX digest=2RFCHWKUWERENMMW4NWGSUZKPZLVDX4F
url-0076,http://www.lps.ufrj.br:80/cursos/courses_given.html,http://www.lps.ufrj.br/cursos/courses_given.html,"https://web.archive.org/cdx/search/cdx?url=lps.ufrj.br/*&output=json&filter=statuscode:200&filter=mimetype:text/html&fl=timestamp,original,statuscode,digest&collapse=urlkey&limit=10000",2006-11-11T09:43:22Z,archive-cdx,LPS web maintainers,und,historical-archive-only,public-record,sha256:996d2258721bfbb1ce66321d8886ab6fd36be5281cd87cbb48e66e9ee9ff5016,301,2006-11-11,Wayback CDX capture 2006-11-11; archive is not current truth; CDX digest=ROSA272PYQCEFFVJKLI5B7YBUQ3QROTG
url-0077,http://www.lps.ufrj.br:80/cursos/shortcourses.html,http://www.lps.ufrj.br/cursos/shortcourses.html,"https://web.archive.org/cdx/search/cdx?url=lps.ufrj.br/*&output=json&filter=statuscode:200&filter=mimetype:text/html&fl=timestamp,original,statuscode,digest&collapse=urlkey&limit=10000",2006-07-16T02:18:52Z,archive-cdx,LPS web maintainers,und,historical-archive-only,public-record,sha256:00a5df90453a6a446e1c035d4b34bf074a3762e8e79146bfec8ec8c3f03d3a0a,301,2006-07-16,Wayback CDX capture 2006-07-16; archive is not current truth; CDX digest=ROSA272PYQCEFFVJKLI5B7YBUQ3QROTG
url-0078,http://www.lps.ufrj.br:80/cursos/tvdigital.html,http://www.lps.ufrj.br/cursos/tvdigital.html,"https://web.archive.org/cdx/search/cdx?url=lps.ufrj.br/*&output=json&filter=statuscode:200&filter=mimetype:text/html&fl=timestamp,original,statuscode,digest&collapse=urlkey&limit=10000",2006-11-11T09:44:05Z,archive-cdx,LPS web maintainers,und,historical-archive-only,public-record,sha256:d1b6fe3e24848bea4a6a6767950ab8467b2dcca3f6eb524022c765eacbdadbf9,410,2006-11-11,Wayback CDX capture 2006-11-11; archive is not current truth; CDX digest=UTFQPZG5KEMVREMQS4NK3K53S3OOO3JW
url-0079,https://www.lps.ufrj.br/destaque/index.php,https://www.lps.ufrj.br/destaque/index.php,"https://web.archive.org/cdx/search/cdx?url=lps.ufrj.br/*&output=json&filter=statuscode:200&filter=mimetype:text/html&fl=timestamp,original,statuscode,digest&collapse=urlkey&limit=10000",2011-07-06T16:26:40Z,archive-cdx,LPS web maintainers,und,historical-archive-only,public-record,sha256:b8c95fb271523b97af9df33c0d5a6c1df569e3ba6e1487637f31576c134e2597,410,2011-07-06,Wayback CDX capture 2011-07-06; archive is not current truth; CDX digest=X2LOW6AWRKDX7EKULRPFGQQG2G5YRUIW
url-0080,http://www.lps.ufrj.br:80/diversos/miscellaneous.html,http://www.lps.ufrj.br/diversos/miscellaneous.html,"https://web.archive.org/cdx/search/cdx?url=lps.ufrj.br/*&output=json&filter=statuscode:200&filter=mimetype:text/html&fl=timestamp,original,statuscode,digest&collapse=urlkey&limit=10000",2006-07-16T02:19:21Z,archive-cdx,LPS web maintainers,und,historical-archive-only,public-record,sha256:36077faee8dbf7f17b8bf926a8831ac0c90e5f5b7d2c5da8fd5af58bd7863a1d,410,2006-07-16,Wayback CDX capture 2006-07-16; archive is not current truth; CDX digest=LXICEATUTHHMBYO6X5KSVC34SHYJBZYM
url-0081,http://www.lps.ufrj.br:80/faculty.html,http://www.lps.ufrj.br/faculty.html,"https://web.archive.org/cdx/search/cdx?url=lps.ufrj.br/*&output=json&filter=statuscode:200&filter=mimetype:text/html&fl=timestamp,original,statuscode,digest&collapse=urlkey&limit=10000",2001-04-08T18:56:26Z,archive-cdx,LPS web maintainers,und,historical-archive-only,public-record,sha256:075a07ce5d48e40b9bd26c8d5515af8c59f5a71aeafe233e29d0e8bb5f18c5ae,301,2001-04-08,Wayback CDX capture 2001-04-08; archive is not current truth; CDX digest=NDJAWTJ7VUGCFBODDDCALZUAHNZT3YWU
url-0082,https://www.lps.ufrj.br/faculty.php?lang=en,https://www.lps.ufrj.br/faculty.php?lang=en,"https://web.archive.org/cdx/search/cdx?url=lps.ufrj.br/*&output=json&filter=statuscode:200&filter=mimetype:text/html&fl=timestamp,original,statuscode,digest&collapse=urlkey&limit=10000",2011-07-06T16:27:24Z,archive-cdx,LPS web maintainers,und,historical-archive-only,public-record,sha256:9dc609649110e6de05d5f6f38f33d2e5d152c6b616400cb2facb0784d1fb536a,301,2011-07-06,Wayback CDX capture 2011-07-06; archive is not current truth; CDX digest=K5NKKXSG6Y27B3M2T3QQP3A53BCZB2QQ
url-0083,https://www.lps.ufrj.br/faculty.php?lang=pt,https://www.lps.ufrj.br/faculty.php?lang=pt,"https://web.archive.org/cdx/search/cdx?url=lps.ufrj.br/*&output=json&filter=statuscode:200&filter=mimetype:text/html&fl=timestamp,original,statuscode,digest&collapse=urlkey&limit=10000",2012-12-29T13:09:11Z,archive-cdx,LPS web maintainers,und,historical-archive-only,public-record,sha256:3909c8bb7695f1c753a9bf1d45a855ec2afb3f393eead57ba29355eaebd5be72,301,2012-12-29,Wayback CDX capture 2012-12-29; archive is not current truth; CDX digest=UHA4XFM5XPIHOQQGRGDQBMVCK6JMSS4V
url-0084,http://www.lps.ufrj.br/index.html,http://www.lps.ufrj.br/index.html,"https://web.archive.org/cdx/search/cdx?url=lps.ufrj.br/*&output=json&filter=statuscode:200&filter=mimetype:text/html&fl=timestamp,original,statuscode,digest&collapse=urlkey&limit=10000",2007-06-22T14:28:49Z,archive-cdx,LPS web maintainers,und,historical-archive-only,public-record,sha256:755f57a70ad0e06d4408a0533eb90f09b2324278e72373e9110b092d664e17f5,410,2007-06-22,Wayback CDX capture 2007-06-22; archive is not current truth; CDX digest=OYXYZGPN4DHGUZNRXLSPX25ZRJ7WICLO
url-0085,https://www.lps.ufrj.br/index.php,https://www.lps.ufrj.br/index.php,"https://web.archive.org/cdx/search/cdx?url=lps.ufrj.br/*&output=json&filter=statuscode:200&filter=mimetype:text/html&fl=timestamp,original,statuscode,digest&collapse=urlkey&limit=10000",2012-12-29T13:08:25Z,archive-cdx,LPS web maintainers,und,historical-archive-only,public-record,sha256:1943bd0656dac12e0755125aff72703532f806453b81eb8e7a85d68893a3b56f,410,2012-12-29,Wayback CDX capture 2012-12-29; archive is not current truth; CDX digest=6D7KKRYBRXHQ7GFYCS27KINGQIGG5D2X
url-0086,https://www.lps.ufrj.br/index.php?lang=pt,https://www.lps.ufrj.br/index.php?lang=pt,"https://web.archive.org/cdx/search/cdx?url=lps.ufrj.br/*&output=json&filter=statuscode:200&filter=mimetype:text/html&fl=timestamp,original,statuscode,digest&collapse=urlkey&limit=10000",2011-07-06T16:28:35Z,archive-cdx,LPS web maintainers,und,historical-archive-only,public-record,sha256:73d3d71ddd18de2e2cfd9ab0f9d2828c72801cd08e4b0ba7c16449ca3c716c8e,410,2011-07-06,Wayback CDX capture 2011-07-06; archive is not current truth; CDX digest=6ZV6XOHYRJ7ZSY2X6Q5FSFOXA4LN74WH
url-0087,http://www.lps.ufrj.br:80/index_pt.php,http://www.lps.ufrj.br/index_pt.php,"https://web.archive.org/cdx/search/cdx?url=lps.ufrj.br/*&output=json&filter=statuscode:200&filter=mimetype:text/html&fl=timestamp,original,statuscode,digest&collapse=urlkey&limit=10000",2009-10-15T02:29:43Z,archive-cdx,LPS web maintainers,und,historical-archive-only,public-record,sha256:90e02b8c67bc568918d97179de27371b0799bbcc099bad4188cb09cc2169c10a,410,2009-10-15,Wayback CDX capture 2009-10-15; archive is not current truth; CDX digest=ELEVJS7C7VB7QP7S47ZEACVJMYG6AKP2
url-0088,http://lps.ufrj.br:80/indice.html,http://lps.ufrj.br/indice.html,"https://web.archive.org/cdx/search/cdx?url=lps.ufrj.br/*&output=json&filter=statuscode:200&filter=mimetype:text/html&fl=timestamp,original,statuscode,digest&collapse=urlkey&limit=10000",2001-02-10T22:11:49Z,archive-cdx,LPS web maintainers,und,historical-archive-only,public-record,sha256:876cefaebd1cca87327383d0ffd7faf152500d58dae816702408b30d42591113,410,2001-02-10,Wayback CDX capture 2001-02-10; archive is not current truth; CDX digest=WAWBUPNUXWXSPCQ5ZBAXM6MQCFULD5TU
url-0089,http://lps.ufrj.br:80/intro.htm,http://lps.ufrj.br/intro.htm,"https://web.archive.org/cdx/search/cdx?url=lps.ufrj.br/*&output=json&filter=statuscode:200&filter=mimetype:text/html&fl=timestamp,original,statuscode,digest&collapse=urlkey&limit=10000",2001-02-10T22:53:53Z,archive-cdx,LPS web maintainers,und,historical-archive-only,public-record,sha256:2e23661d8d752d11ee7cca0f61d7829149bbbdbaa5f03e01bdf5f6169b6e6b4c,301,2001-02-10,Wayback CDX capture 2001-02-10; archive is not current truth; CDX digest=A6SWXKXSSZ5R6FPMSDQGZ4MLHMRDAWS2
url-0090,http://www.lps.ufrj.br:80/intro.html,http://www.lps.ufrj.br/intro.html,"https://web.archive.org/cdx/search/cdx?url=lps.ufrj.br/*&output=json&filter=statuscode:200&filter=mimetype:text/html&fl=timestamp,original,statuscode,digest&collapse=urlkey&limit=10000",2001-04-06T04:58:03Z,archive-cdx,LPS web maintainers,und,historical-archive-only,public-record,sha256:0ce879598863ea74cd02bacb920ddf4a15fa674c7368017bf0283dd6f17fe461,301,2001-04-06,Wayback CDX capture 2001-04-06; archive is not current truth; CDX digest=6FEAZ6FYAI2AKJFSNSGGMES6H46O4RW6
url-0091,https://www.lps.ufrj.br/intro.php?lang=en,https://www.lps.ufrj.br/intro.php?lang=en,"https://web.archive.org/cdx/search/cdx?url=lps.ufrj.br/*&output=json&filter=statuscode:200&filter=mimetype:text/html&fl=timestamp,original,statuscode,digest&collapse=urlkey&limit=10000",2011-07-06T16:24:29Z,archive-cdx,LPS web maintainers,und,historical-archive-only,public-record,sha256:be7880cefef90bf3fe701e970a6c175568ac7a3c39ba854aff6f38176a364e6b,301,2011-07-06,Wayback CDX capture 2011-07-06; archive is not current truth; CDX digest=ERXKWL52Y2DQ4X4XWQLG4WSBH6AWW7HD
url-0092,https://www.lps.ufrj.br/intro.php?lang=pt,https://www.lps.ufrj.br/intro.php?lang=pt,"https://web.archive.org/cdx/search/cdx?url=lps.ufrj.br/*&output=json&filter=statuscode:200&filter=mimetype:text/html&fl=timestamp,original,statuscode,digest&collapse=urlkey&limit=10000",2012-12-29T13:13:17Z,archive-cdx,LPS web maintainers,und,historical-archive-only,public-record,sha256:c92ca4a1aacb944127e72cdf61b8069d089ac6d196d770f92be1563a842232dc,301,2012-12-29,Wayback CDX capture 2012-12-29; archive is not current truth; CDX digest=2CORDMG2ZZXL7PGVLV3YEVLANGXS5YEO
url-0093,http://www.lps.ufrj.br:80/intro/intro.html,http://www.lps.ufrj.br/intro/intro.html,"https://web.archive.org/cdx/search/cdx?url=lps.ufrj.br/*&output=json&filter=statuscode:200&filter=mimetype:text/html&fl=timestamp,original,statuscode,digest&collapse=urlkey&limit=10000",2006-08-27T01:09:03Z,archive-cdx,LPS web maintainers,und,historical-archive-only,public-record,sha256:0623b9865f31a640eeeaec40bdf92f2bb6aee2e1ec309cacdc96f1af9da67385,301,2006-08-27,Wayback CDX capture 2006-08-27; archive is not current truth; CDX digest=2GSMNUPXCCJKT7PJCVCKQN5TPVCYD5CN
url-0094,http://www.lps.ufrj.br:80/library.htm,http://www.lps.ufrj.br/library.htm,"https://web.archive.org/cdx/search/cdx?url=lps.ufrj.br/*&output=json&filter=statuscode:200&filter=mimetype:text/html&fl=timestamp,original,statuscode,digest&collapse=urlkey&limit=10000",2001-04-27T21:29:22Z,archive-cdx,LPS web maintainers,und,historical-archive-only,public-record,sha256:24efb22702dd28b1c9e1c2f5f34314e6f01bf1903dac2592cef9d3dc58ff6844,410,2001-04-27,Wayback CDX capture 2001-04-27; archive is not current truth; CDX digest=WK4QSLQ5WCVT7QRROMGOO7MTSF2GEP6O
url-0095,https://www.lps.ufrj.br/library.php?lang=en,https://www.lps.ufrj.br/library.php?lang=en,"https://web.archive.org/cdx/search/cdx?url=lps.ufrj.br/*&output=json&filter=statuscode:200&filter=mimetype:text/html&fl=timestamp,original,statuscode,digest&collapse=urlkey&limit=10000",2011-07-06T16:27:16Z,archive-cdx,LPS web maintainers,und,historical-archive-only,public-record,sha256:3d705557ef81a7212e7eca87a736b1b5602e37527fb59b9788ca6e4ea738fe7e,410,2011-07-06,Wayback CDX capture 2011-07-06; archive is not current truth; CDX digest=44XOT76FDSAQ243DVHAO4JD4UV23TRLI
url-0096,https://www.lps.ufrj.br/library.php?lang=pt,https://www.lps.ufrj.br/library.php?lang=pt,"https://web.archive.org/cdx/search/cdx?url=lps.ufrj.br/*&output=json&filter=statuscode:200&filter=mimetype:text/html&fl=timestamp,original,statuscode,digest&collapse=urlkey&limit=10000",2012-12-29T13:13:58Z,archive-cdx,LPS web maintainers,und,historical-archive-only,public-record,sha256:25e45ec507ae72dd65205ed3953278b34ead7f2fccc021bd3954f002231966d3,410,2012-12-29,Wayback CDX capture 2012-12-29; archive is not current truth; CDX digest=5LLAOGS7MGE75ERUHWVNFQX3PALWNZFQ
url-0097,http://www.lps.ufrj.br:80/library2.htm,http://www.lps.ufrj.br/library2.htm,"https://web.archive.org/cdx/search/cdx?url=lps.ufrj.br/*&output=json&filter=statuscode:200&filter=mimetype:text/html&fl=timestamp,original,statuscode,digest&collapse=urlkey&limit=10000",2001-04-08T18:56:57Z,archive-cdx,LPS web maintainers,und,historical-archive-only,public-record,sha256:33f92b3e77838228b4ff0d457a89948b1a08c6a527d624630efe6aca09ffae89,410,2001-04-08,Wayback CDX capture 2001-04-08; archive is not current truth; CDX digest=ANYYLAL4H27ZKMRNEWS4BELDKWU25HLH
url-0098,http://www.lps.ufrj.br:80/library2.html,http://www.lps.ufrj.br/library2.html,"https://web.archive.org/cdx/search/cdx?url=lps.ufrj.br/*&output=json&filter=statuscode:200&filter=mimetype:text/html&fl=timestamp,original,statuscode,digest&collapse=urlkey&limit=10000",2002-02-13T11:43:58Z,archive-cdx,LPS web maintainers,und,historical-archive-only,public-record,sha256:19fcd8b22e831c4ac1f03b44bd7ebc64e3f2f8eaeca12e29720c64253f4e3e88,410,2002-02-13,Wayback CDX capture 2002-02-13; archive is not current truth; CDX digest=M5GGWGUJ4QW4CKHLQJ3HJ4LCSYELHB6W
url-0099,http://www.lps.ufrj.br:80/links.htm,http://www.lps.ufrj.br/links.htm,"https://web.archive.org/cdx/search/cdx?url=lps.ufrj.br/*&output=json&filter=statuscode:200&filter=mimetype:text/html&fl=timestamp,original,statuscode,digest&collapse=urlkey&limit=10000",2001-04-08T18:56:56Z,archive-cdx,LPS web maintainers,und,historical-archive-only,public-record,sha256:ab0906aed49752b08a5b8939cfaccfe76218a230554065e2043808983bea52ac,410,2001-04-08,Wayback CDX capture 2001-04-08; archive is not current truth; CDX digest=D5NIDORF7FMUQLRGUGRDOJXCAA3KCOIY
url-0100,http://www.lps.ufrj.br:80/links.html,http://www.lps.ufrj.br/links.html,"https://web.archive.org/cdx/search/cdx?url=lps.ufrj.br/*&output=json&filter=statuscode:200&filter=mimetype:text/html&fl=timestamp,original,statuscode,digest&collapse=urlkey&limit=10000",2002-02-22T05:25:55Z,archive-cdx,LPS web maintainers,und,historical-archive-only,public-record,sha256:585f082b5ec75ff910f42df594c8b36b24535cc5c836add549c2c26173ca0f8e,410,2002-02-22,Wayback CDX capture 2002-02-22; archive is not current truth; CDX digest=R7T7TCUZY27AYU573FH7MOBHPXBLJ5UI
url-0101,https://www.lps.ufrj.br/links.php?lang=en,https://www.lps.ufrj.br/links.php?lang=en,"https://web.archive.org/cdx/search/cdx?url=lps.ufrj.br/*&output=json&filter=statuscode:200&filter=mimetype:text/html&fl=timestamp,original,statuscode,digest&collapse=urlkey&limit=10000",2011-07-06T16:26:16Z,archive-cdx,LPS web maintainers,und,historical-archive-only,public-record,sha256:4980f17a7a48ae2db234470e131bd8773f334f5cb00829209167045e4f685980,410,2011-07-06,Wayback CDX capture 2011-07-06; archive is not current truth; CDX digest=TXURP4MAXHKYPAK2B32DGDRYF4JZ3YXL
url-0102,https://www.lps.ufrj.br/links.php?lang=pt,https://www.lps.ufrj.br/links.php?lang=pt,"https://web.archive.org/cdx/search/cdx?url=lps.ufrj.br/*&output=json&filter=statuscode:200&filter=mimetype:text/html&fl=timestamp,original,statuscode,digest&collapse=urlkey&limit=10000",2012-12-29T13:08:44Z,archive-cdx,LPS web maintainers,und,historical-archive-only,public-record,sha256:6e4942a5af7a34bf4f18da9bc84a224627389859077ef5257f9b026f70e9db96,410,2012-12-29,Wayback CDX capture 2012-12-29; archive is not current truth; CDX digest=K5LBDWTJPLCASR4K2UDBKYBPAYS76Z2F
url-0103,http://www.lps.ufrj.br/links/links.html,http://www.lps.ufrj.br/links/links.html,"https://web.archive.org/cdx/search/cdx?url=lps.ufrj.br/*&output=json&filter=statuscode:200&filter=mimetype:text/html&fl=timestamp,original,statuscode,digest&collapse=urlkey&limit=10000",2007-06-22T14:29:21Z,archive-cdx,LPS web maintainers,und,historical-archive-only,public-record,sha256:4fc7a955c8bb81c5f84bab24e80d4ea7cca7caf063989bd7c795b5ee0b680d6e,410,2007-06-22,Wayback CDX capture 2007-06-22; archive is not current truth; CDX digest=R7T7TCUZY27AYU573FH7MOBHPXBLJ5UI
url-0104,https://www.lps.ufrj.br/miscellaneous.php?lang=en,https://www.lps.ufrj.br/miscellaneous.php?lang=en,"https://web.archive.org/cdx/search/cdx?url=lps.ufrj.br/*&output=json&filter=statuscode:200&filter=mimetype:text/html&fl=timestamp,original,statuscode,digest&collapse=urlkey&limit=10000",2011-07-06T16:28:01Z,archive-cdx,LPS web maintainers,und,historical-archive-only,public-record,sha256:6ee1c6cd8c66aa3f503445b243b04da36bac0cae331ac2ea8475ffd8e492192e,410,2011-07-06,Wayback CDX capture 2011-07-06; archive is not current truth; CDX digest=F7JW7YCTZVVHMUCKAJJXFBGTHSUJC5FP
url-0105,https://www.lps.ufrj.br/miscellaneous.php?lang=pt,https://www.lps.ufrj.br/miscellaneous.php?lang=pt,"https://web.archive.org/cdx/search/cdx?url=lps.ufrj.br/*&output=json&filter=statuscode:200&filter=mimetype:text/html&fl=timestamp,original,statuscode,digest&collapse=urlkey&limit=10000",2012-12-29T13:13:04Z,archive-cdx,LPS web maintainers,und,historical-archive-only,public-record,sha256:5e726f17bbc794a74dce12a2f2d7195507bb4528112a66b81b13baa498391a3f,410,2012-12-29,Wayback CDX capture 2012-12-29; archive is not current truth; CDX digest=CWH4ELWFA7GFJCZS3QG7YBFTLPKEGOQX
url-0106,http://www.lps.ufrj.br:80/new/sistema/,http://www.lps.ufrj.br/new/sistema,"https://web.archive.org/cdx/search/cdx?url=lps.ufrj.br/*&output=json&filter=statuscode:200&filter=mimetype:text/html&fl=timestamp,original,statuscode,digest&collapse=urlkey&limit=10000",2009-06-27T11:55:46Z,archive-cdx,LPS web maintainers,und,historical-archive-only,public-record,sha256:9fe504e86e54ee894a31fe477aa6de7d3f65669069e9cdfd3e148cff1670921a,410,2009-06-27,Wayback CDX capture 2009-06-27; archive is not current truth; CDX digest=IK7F4PGGC6KG6A2G6SCP6DRL55PCP4KB
url-0107,http://www.lps.ufrj.br:80/new/sistema/admin/index.php,http://www.lps.ufrj.br/new/sistema/admin/index.php,"https://web.archive.org/cdx/search/cdx?url=lps.ufrj.br/*&output=json&filter=statuscode:200&filter=mimetype:text/html&fl=timestamp,original,statuscode,digest&collapse=urlkey&limit=10000",2009-06-27T10:25:36Z,archive-cdx,LPS web maintainers,und,historical-archive-only,private-excluded,sha256:da8baa6972fa46d017e663ac7bdca05544b5f4526f3f3f4632c934cb913ac2d0,private-excluded,2009-06-27,Wayback CDX capture 2009-06-27; archive is not current truth; CDX digest=VGUWTXNQ3QREWEY5PV2YN5XZABISAGNB
url-0108,http://www.lps.ufrj.br:80/nivel01.html,http://www.lps.ufrj.br/nivel01.html,"https://web.archive.org/cdx/search/cdx?url=lps.ufrj.br/*&output=json&filter=statuscode:200&filter=mimetype:text/html&fl=timestamp,original,statuscode,digest&collapse=urlkey&limit=10000",2001-04-27T20:40:30Z,archive-cdx,LPS web maintainers,und,historical-archive-only,public-record,sha256:557aa5d988b561153daa2bd2f16bac2260546a5532f064b978bbd3b2e7a7904d,410,2001-04-27,Wayback CDX capture 2001-04-27; archive is not current truth; CDX digest=I2QID3EASQKADKV4B4KQDRX5P747UMG2
url-0109,https://www.lps.ufrj.br/pesquisa/,https://www.lps.ufrj.br/pesquisa,"https://web.archive.org/cdx/search/cdx?url=lps.ufrj.br/*&output=json&filter=statuscode:200&filter=mimetype:text/html&fl=timestamp,original,statuscode,digest&collapse=urlkey&limit=10000",2021-06-19T10:19:14Z,archive-cdx,LPS web maintainers,und,historical-archive-only,public-record,sha256:3296cbada8bca0919868478c8d2bd13934767b4e7fed1b48c062f17060f369a2,410,2021-06-19,Wayback CDX capture 2021-06-19; archive is not current truth; CDX digest=Z66J4HQGGEIZCWUZWB3X6YGJW2LFXD3U
url-0110,http://www.lps.ufrj.br:80/pessoal/alumni.html,http://www.lps.ufrj.br/pessoal/alumni.html,"https://web.archive.org/cdx/search/cdx?url=lps.ufrj.br/*&output=json&filter=statuscode:200&filter=mimetype:text/html&fl=timestamp,original,statuscode,digest&collapse=urlkey&limit=10000",2006-08-27T01:03:11Z,archive-cdx,LPS web maintainers,und,historical-archive-only,public-record,sha256:efb57addcbdb5050c50d269a75c3c4976f2dd925e8775e4025e1373fd74d49ab,301,2006-08-27,Wayback CDX capture 2006-08-27; archive is not current truth; CDX digest=2VGMAXVI2YPNSDSMF6ZQEHNGAEQPDTCF
url-0111,http://www.lps.ufrj.br:80/pessoal/faculty.html,http://www.lps.ufrj.br/pessoal/faculty.html,"https://web.archive.org/cdx/search/cdx?url=lps.ufrj.br/*&output=json&filter=statuscode:200&filter=mimetype:text/html&fl=timestamp,original,statuscode,digest&collapse=urlkey&limit=10000",2006-08-27T01:05:43Z,archive-cdx,LPS web maintainers,und,historical-archive-only,public-record,sha256:ca02f8b703bbbf9c4888a9a3ffd4d851c24afd229183bc7a2152445847a3e961,301,2006-08-27,Wayback CDX capture 2006-08-27; archive is not current truth; CDX digest=NFX6WQFSLH4FDFEOSJTV5QYMUHTK5FM4
url-0112,http://www.lps.ufrj.br:80/pessoal/researcher.html,http://www.lps.ufrj.br/pessoal/researcher.html,"https://web.archive.org/cdx/search/cdx?url=lps.ufrj.br/*&output=json&filter=statuscode:200&filter=mimetype:text/html&fl=timestamp,original,statuscode,digest&collapse=urlkey&limit=10000",2006-07-16T02:18:29Z,archive-cdx,LPS web maintainers,und,historical-archive-only,public-record,sha256:5282cecb3972afff3e47e36f6ccaf870d1b214ac774935bf2b4c99a0594b1ac9,301,2006-07-16,Wayback CDX capture 2006-07-16; archive is not current truth; CDX digest=E7WH2D62F5DI3JTL77HWM7J7R4C3KPH4
url-0113,http://www.lps.ufrj.br:80/pessoal/staff.html,http://www.lps.ufrj.br/pessoal/staff.html,"https://web.archive.org/cdx/search/cdx?url=lps.ufrj.br/*&output=json&filter=statuscode:200&filter=mimetype:text/html&fl=timestamp,original,statuscode,digest&collapse=urlkey&limit=10000",2006-08-27T01:03:39Z,archive-cdx,LPS web maintainers,und,historical-archive-only,public-record,sha256:0d63874730db377715c6eb92c4fde10a859780744a84a122db5eec8c89c5303d,301,2006-08-27,Wayback CDX capture 2006-08-27; archive is not current truth; CDX digest=NIBXMRHESPTFPHZIJXBDMS44P5E6UVQE
url-0114,http://www.lps.ufrj.br:80/pessoal/visitors.html,http://www.lps.ufrj.br/pessoal/visitors.html,"https://web.archive.org/cdx/search/cdx?url=lps.ufrj.br/*&output=json&filter=statuscode:200&filter=mimetype:text/html&fl=timestamp,original,statuscode,digest&collapse=urlkey&limit=10000",2006-07-16T02:17:48Z,archive-cdx,LPS web maintainers,und,historical-archive-only,public-record,sha256:014ffa152037ec01f8502753fe079a7eb33aa4052b460aa0696433f10eb3fd79,301,2006-07-16,Wayback CDX capture 2006-07-16; archive is not current truth; CDX digest=FJ6EZ4IWKOIH5SN7X4HR2P3NUKJYIWIR
url-0115,http://www.lps.ufrj.br:80/pics.html,http://www.lps.ufrj.br/pics.html,"https://web.archive.org/cdx/search/cdx?url=lps.ufrj.br/*&output=json&filter=statuscode:200&filter=mimetype:text/html&fl=timestamp,original,statuscode,digest&collapse=urlkey&limit=10000",2001-04-09T05:35:10Z,archive-cdx,LPS web maintainers,und,historical-archive-only,public-record,sha256:c8c43645c31623c44f6581c1af7e9fec25d2ef9d07ed75eabbf10fcebc66aa92,410,2001-04-09,Wayback CDX capture 2001-04-09; archive is not current truth; CDX digest=EUD7I4I4DYBYGBO2LYZEPYXG6JYZZILU
url-0116,http://www.lps.ufrj.br/premios/awards.html,http://www.lps.ufrj.br/premios/awards.html,"https://web.archive.org/cdx/search/cdx?url=lps.ufrj.br/*&output=json&filter=statuscode:200&filter=mimetype:text/html&fl=timestamp,original,statuscode,digest&collapse=urlkey&limit=10000",2007-06-22T14:28:38Z,archive-cdx,LPS web maintainers,und,historical-archive-only,public-record,sha256:dc8fb6cb8015564fb6c6351502453d3bff3f384a4c56f144fb1103e7045ad3ca,301,2007-06-22,Wayback CDX capture 2007-06-22; archive is not current truth; CDX digest=NF356T4VEX7JVSFPTUNG5HLKORCQQFIT
url-0117,http://www.lps.ufrj.br:80/profs/acmq/,http://www.lps.ufrj.br/profs/acmq,"https://web.archive.org/cdx/search/cdx?url=lps.ufrj.br/*&output=json&filter=statuscode:200&filter=mimetype:text/html&fl=timestamp,original,statuscode,digest&collapse=urlkey&limit=10000",2006-11-16T17:11:03Z,archive-cdx,LPS web maintainers,und,historical-archive-only,public-record,sha256:c9cab3fb7c9581d0417cfbf079b8ab9d6d724af72f2a02f4720f204836637ce5,301,2006-11-16,Wayback CDX capture 2006-11-16; archive is not current truth; CDX digest=N5QJCL2QVHZEIQRVBQI6EKNNBO5D3ZE6
url-0118,http://www.lps.ufrj.br:80/profs/acmq/index.html,http://www.lps.ufrj.br/profs/acmq/index.html,"https://web.archive.org/cdx/search/cdx?url=lps.ufrj.br/*&output=json&filter=statuscode:200&filter=mimetype:text/html&fl=timestamp,original,statuscode,digest&collapse=urlkey&limit=10000",2001-04-24T05:40:45Z,archive-cdx,LPS web maintainers,und,historical-archive-only,public-record,sha256:76ccfcb71a5eb11af53b5119cc547d2f6c983501a21df851a638f2a50c941230,301,2001-04-24,Wayback CDX capture 2001-04-24; archive is not current truth; CDX digest=KBQJXYTGQ3Q3SOQPWABKOWURUQMCYDOP
url-0119,http://www.lps.ufrj.br:80/profs/acmq/public.html,http://www.lps.ufrj.br/profs/acmq/public.html,"https://web.archive.org/cdx/search/cdx?url=lps.ufrj.br/*&output=json&filter=statuscode:200&filter=mimetype:text/html&fl=timestamp,original,statuscode,digest&collapse=urlkey&limit=10000",2001-04-25T14:24:37Z,archive-cdx,LPS web maintainers,und,historical-archive-only,public-record,sha256:0667268f74efcad8efdad15e358996c776775fdcead395b86f02c464fe3d61d0,301,2001-04-25,Wayback CDX capture 2001-04-25; archive is not current truth; CDX digest=ENMEV53M4PM7LSB6REDH673MOTBPZNXM
url-0120,http://www.lps.ufrj.br:80/profs/biscainho/,http://www.lps.ufrj.br/profs/biscainho,"https://web.archive.org/cdx/search/cdx?url=lps.ufrj.br/*&output=json&filter=statuscode:200&filter=mimetype:text/html&fl=timestamp,original,statuscode,digest&collapse=urlkey&limit=10000",2001-08-07T19:43:42Z,archive-cdx,LPS web maintainers,und,historical-archive-only,public-record,sha256:d97f785d7552e8f1605f65ebb0ec53c1ca94bb501f79928961b7f04a096d4f0c,301,2001-08-07,Wayback CDX capture 2001-08-07; archive is not current truth; CDX digest=CLKHQ3LH644TWPPM2URO44RLXVI6WYDK
url-0121,http://www.lps.ufrj.br:80/profs/biscainho/index.html,http://www.lps.ufrj.br/profs/biscainho/index.html,"https://web.archive.org/cdx/search/cdx?url=lps.ufrj.br/*&output=json&filter=statuscode:200&filter=mimetype:text/html&fl=timestamp,original,statuscode,digest&collapse=urlkey&limit=10000",2001-06-09T21:29:19Z,archive-cdx,LPS web maintainers,und,historical-archive-only,public-record,sha256:640cbe1343a194e884f1f173f039afb97533548910c12055d1e6f49fab317ed0,301,2001-06-09,Wayback CDX capture 2001-06-09; archive is not current truth; CDX digest=CLKHQ3LH644TWPPM2URO44RLXVI6WYDK
url-0122,http://www.lps.ufrj.br:80/profs/biscainho/public.html,http://www.lps.ufrj.br/profs/biscainho/public.html,"https://web.archive.org/cdx/search/cdx?url=lps.ufrj.br/*&output=json&filter=statuscode:200&filter=mimetype:text/html&fl=timestamp,original,statuscode,digest&collapse=urlkey&limit=10000",2002-03-16T13:35:50Z,archive-cdx,LPS web maintainers,und,historical-archive-only,public-record,sha256:cb3094213b1e77e3a3efe87f6eedde449876e75adaccd24c2f03ff2ee2b8ecc2,301,2002-03-16,Wayback CDX capture 2002-03-16; archive is not current truth; CDX digest=IUC57ARPTVKCQNVYQKX652ZZS7RT7WAF
url-0123,http://www.lps.ufrj.br:80/profs/caloba/,http://www.lps.ufrj.br/profs/caloba,"https://web.archive.org/cdx/search/cdx?url=lps.ufrj.br/*&output=json&filter=statuscode:200&filter=mimetype:text/html&fl=timestamp,original,statuscode,digest&collapse=urlkey&limit=10000",2002-09-06T06:19:01Z,archive-cdx,LPS web maintainers,und,historical-archive-only,public-record,sha256:7c2982265c778ed22ee1ac59290f5bb2c039cf80b6eec27da27bb830a9d3bfac,301,2002-09-06,Wayback CDX capture 2002-09-06; archive is not current truth; CDX digest=QGJYCWXLGSXCTIML4BYGSUWROPDP5N7C
url-0124,http://www.lps.ufrj.br:80/profs/caloba/index.html,http://www.lps.ufrj.br/profs/caloba/index.html,"https://web.archive.org/cdx/search/cdx?url=lps.ufrj.br/*&output=json&filter=statuscode:200&filter=mimetype:text/html&fl=timestamp,original,statuscode,digest&collapse=urlkey&limit=10000",2001-04-25T01:08:59Z,archive-cdx,LPS web maintainers,und,historical-archive-only,public-record,sha256:060c4aeb0124faa0c5f48456829985f1741b65594aabb27959264dd846e1c3fe,301,2001-04-25,Wayback CDX capture 2001-04-25; archive is not current truth; CDX digest=QGJYCWXLGSXCTIML4BYGSUWROPDP5N7C
url-0125,http://www.lps.ufrj.br:80/profs/caloba/public.html,http://www.lps.ufrj.br/profs/caloba/public.html,"https://web.archive.org/cdx/search/cdx?url=lps.ufrj.br/*&output=json&filter=statuscode:200&filter=mimetype:text/html&fl=timestamp,original,statuscode,digest&collapse=urlkey&limit=10000",2001-04-25T19:16:16Z,archive-cdx,LPS web maintainers,und,historical-archive-only,public-record,sha256:6aa6376a891dd19cefafa7154dfac6d0d4fc4c777922843ddeaef56e1903439c,301,2001-04-25,Wayback CDX capture 2001-04-25; archive is not current truth; CDX digest=UNON4276YYXPMYWO5HER3AVCCASXBNRZ
url-0126,http://www.lps.ufrj.br:80/profs/campos/,http://www.lps.ufrj.br/profs/campos,"https://web.archive.org/cdx/search/cdx?url=lps.ufrj.br/*&output=json&filter=statuscode:200&filter=mimetype:text/html&fl=timestamp,original,statuscode,digest&collapse=urlkey&limit=10000",2002-09-06T16:42:15Z,archive-cdx,LPS web maintainers,und,historical-archive-only,public-record,sha256:bac92da11f250354f44fc300de9720404a5546676307f2de360ac9657c92914a,301,2002-09-06,Wayback CDX capture 2002-09-06; archive is not current truth; CDX digest=OHFAHEAPB4ZTUJUCLL6UW4DKRVOGBEP5
url-0127,http://www.lps.ufrj.br/profs/campos/cabecalho.htm,http://www.lps.ufrj.br/profs/campos/cabecalho.htm,"https://web.archive.org/cdx/search/cdx?url=lps.ufrj.br/*&output=json&filter=statuscode:200&filter=mimetype:text/html&fl=timestamp,original,statuscode,digest&collapse=urlkey&limit=10000",2007-07-28T17:14:36Z,archive-cdx,LPS web maintainers,und,historical-archive-only,public-record,sha256:82fb04b045e9d8503148e951195912b3043b77e39e4a8ccc1681e5457991a3da,301,2007-07-28,Wayback CDX capture 2007-07-28; archive is not current truth; CDX digest=ZIT63J4JBXCP6EMZM5K5KADV6DVPAAJN
url-0128,http://www.lps.ufrj.br/profs/campos/contacts.htm,http://www.lps.ufrj.br/profs/campos/contacts.htm,"https://web.archive.org/cdx/search/cdx?url=lps.ufrj.br/*&output=json&filter=statuscode:200&filter=mimetype:text/html&fl=timestamp,original,statuscode,digest&collapse=urlkey&limit=10000",2007-07-28T17:14:55Z,archive-cdx,LPS web maintainers,und,historical-archive-only,public-record,sha256:1d05e7a92debe5e7adbe567f5efaeaf616e1662c7f7d57dc36099cd6659caf78,301,2007-07-28,Wayback CDX capture 2007-07-28; archive is not current truth; CDX digest=OMRDBGDXFABTJCG5XX5WHZV4KPSABNFV
url-0129,http://www.lps.ufrj.br:80/profs/campos/index.html,http://www.lps.ufrj.br/profs/campos/index.html,"https://web.archive.org/cdx/search/cdx?url=lps.ufrj.br/*&output=json&filter=statuscode:200&filter=mimetype:text/html&fl=timestamp,original,statuscode,digest&collapse=urlkey&limit=10000",2001-04-25T01:15:27Z,archive-cdx,LPS web maintainers,und,historical-archive-only,public-record,sha256:cd9714ebc9834d5abdbaf15821b217c94b50f7b575f68cd4c4d8cff103763e35,301,2001-04-25,Wayback CDX capture 2001-04-25; archive is not current truth; CDX digest=HBKZODLW3VW6ZJYYBI7YWZ64FCIEVZG7
url-0130,http://www.lps.ufrj.br/profs/campos/menu.htm,http://www.lps.ufrj.br/profs/campos/menu.htm,"https://web.archive.org/cdx/search/cdx?url=lps.ufrj.br/*&output=json&filter=statuscode:200&filter=mimetype:text/html&fl=timestamp,original,statuscode,digest&collapse=urlkey&limit=10000",2007-07-28T17:14:43Z,archive-cdx,LPS web maintainers,und,historical-archive-only,public-record,sha256:9e80f8ad08d55fcf48946a58761382f0bc9deb8d3f95955043f77ce0c3f856e8,301,2007-07-28,Wayback CDX capture 2007-07-28; archive is not current truth; CDX digest=LPRXY7DQPI2JSPIW4OLI4V2VN5EV3EKG
url-0131,http://www.lps.ufrj.br:80/profs/campos/papers.htm,http://www.lps.ufrj.br/profs/campos/papers.htm,"https://web.archive.org/cdx/search/cdx?url=lps.ufrj.br/*&output=json&filter=statuscode:200&filter=mimetype:text/html&fl=timestamp,original,statuscode,digest&collapse=urlkey&limit=10000",2003-05-25T06:50:16Z,archive-cdx,LPS web maintainers,und,historical-archive-only,public-record,sha256:04da0f550caea9c4138f7a371235e713df3b212e535ab15cd6d4474a9e8f7682,301,2003-05-25,Wayback CDX capture 2003-05-25; archive is not current truth; CDX digest=4XQUOI77S5UW62KDJB7DLMNH5DEJUW3W
url-0132,http://www.lps.ufrj.br:80/profs/campos/public.html,http://www.lps.ufrj.br/profs/campos/public.html,"https://web.archive.org/cdx/search/cdx?url=lps.ufrj.br/*&output=json&filter=statuscode:200&filter=mimetype:text/html&fl=timestamp,original,statuscode,digest&collapse=urlkey&limit=10000",2001-04-25T19:30:51Z,archive-cdx,LPS web maintainers,und,historical-archive-only,public-record,sha256:9d74b5a109abfb07a939d8ea61173d94e3975f650ef41924a865a9a0ca3cdb87,301,2001-04-25,Wayback CDX capture 2001-04-25; archive is not current truth; CDX digest=5M67WUXA5WSQBPFDZNVMCYVRNN2KUP5W
url-0133,http://www.lps.ufrj.br/profs/campos/sobra.htm,http://www.lps.ufrj.br/profs/campos/sobra.htm,"https://web.archive.org/cdx/search/cdx?url=lps.ufrj.br/*&output=json&filter=statuscode:200&filter=mimetype:text/html&fl=timestamp,original,statuscode,digest&collapse=urlkey&limit=10000",2007-07-28T17:14:49Z,archive-cdx,LPS web maintainers,und,historical-archive-only,public-record,sha256:4fba61b5515a0440a7c20df6ea41295ae63752ad80cfaec09d6d37fa7219dde3,301,2007-07-28,Wayback CDX capture 2007-07-28; archive is not current truth; CDX digest=OFFYAFGJILH5JHZ5GI7JMBYI4AQETMR7
url-0134,http://www.lps.ufrj.br:80/profs/campos/studants.htm,http://www.lps.ufrj.br/profs/campos/studants.htm,"https://web.archive.org/cdx/search/cdx?url=lps.ufrj.br/*&output=json&filter=statuscode:200&filter=mimetype:text/html&fl=timestamp,original,statuscode,digest&collapse=urlkey&limit=10000",2003-05-25T06:49:31Z,archive-cdx,LPS web maintainers,und,historical-archive-only,public-record,sha256:b4b1bf50857615d3227e89bb151d4a59d83d95a1f3fc0e2dc04860c9b59d758f,301,2003-05-25,Wayback CDX capture 2003-05-25; archive is not current truth; CDX digest=4ZP25MXDZRMGFRU7ZO2SELBVU4ZYZXTP
url-0135,http://www.lps.ufrj.br:80/profs/diniz/,http://www.lps.ufrj.br/profs/diniz,"https://web.archive.org/cdx/search/cdx?url=lps.ufrj.br/*&output=json&filter=statuscode:200&filter=mimetype:text/html&fl=timestamp,original,statuscode,digest&collapse=urlkey&limit=10000",2002-09-10T05:32:19Z,archive-cdx,LPS web maintainers,und,historical-archive-only,public-record,sha256:b252d80b42f404b4258695173e40a00ad2aa055900d1a53f7b43bff01704780e,301,2002-09-10,Wayback CDX capture 2002-09-10; archive is not current truth; CDX digest=I44HCEC4UCQDZDEZNN6IKXRM2LWDZ6Z6
url-0136,http://www.lps.ufrj.br:80/profs/diniz/adaptivebook/,http://www.lps.ufrj.br/profs/diniz/adaptivebook,"https://web.archive.org/cdx/search/cdx?url=lps.ufrj.br/*&output=json&filter=statuscode:200&filter=mimetype:text/html&fl=timestamp,original,statuscode,digest&collapse=urlkey&limit=10000",2003-06-28T07:39:04Z,archive-cdx,LPS web maintainers,und,historical-archive-only,public-record,sha256:7ae3937519a509fa91039d8a0b6fff56b151ec838c7557d59c29e5e8877b1920,301,2003-06-28,Wayback CDX capture 2003-06-28; archive is not current truth; CDX digest=CBVFDTQNBBAQO53TIU63FJC637M3IV62
url-0137,http://www.lps.ufrj.br:80/profs/diniz/adaptivebook/contact.htm,http://www.lps.ufrj.br/profs/diniz/adaptivebook/contact.htm,"https://web.archive.org/cdx/search/cdx?url=lps.ufrj.br/*&output=json&filter=statuscode:200&filter=mimetype:text/html&fl=timestamp,original,statuscode,digest&collapse=urlkey&limit=10000",2004-02-10T09:53:37Z,archive-cdx,LPS web maintainers,und,historical-archive-only,public-record,sha256:719f32fcfb4728518fe36cda6f05d7d41081d2fdb3ef62225b8d1d12f8491fb9,301,2004-02-10,Wayback CDX capture 2004-02-10; archive is not current truth; CDX digest=QPBLG3CAB5D5LIE4EDUFBOFR2C42COVD
url-0138,http://www.lps.ufrj.br:80/profs/diniz/adaptivebook/menu_book.htm,http://www.lps.ufrj.br/profs/diniz/adaptivebook/menu_book.htm,"https://web.archive.org/cdx/search/cdx?url=lps.ufrj.br/*&output=json&filter=statuscode:200&filter=mimetype:text/html&fl=timestamp,original,statuscode,digest&collapse=urlkey&limit=10000",2002-12-06T17:42:31Z,archive-cdx,LPS web maintainers,und,historical-archive-only,public-record,sha256:9bb8f385056c3fbe3d004dfbbc80d3c0142f4fd8479b7ec732657a2cf66f17a2,301,2002-12-06,Wayback CDX capture 2002-12-06; archive is not current truth; CDX digest=2HOK6PGUYLPMHYQ3CMNX3HGNDGJULGJD
url-0139,http://www.lps.ufrj.br:80/profs/diniz/adaptivebook/newproblems.htm,http://www.lps.ufrj.br/profs/diniz/adaptivebook/newproblems.htm,"https://web.archive.org/cdx/search/cdx?url=lps.ufrj.br/*&output=json&filter=statuscode:200&filter=mimetype:text/html&fl=timestamp,original,statuscode,digest&collapse=urlkey&limit=10000",2004-01-28T00:46:41Z,archive-cdx,LPS web maintainers,und,historical-archive-only,public-record,sha256:effaae052bedbe31005a7dd5c3bd26ba320969eb74932f9aa0d87972b534e298,301,2004-01-28,Wayback CDX capture 2004-01-28; archive is not current truth; CDX digest=M6U5CDTRY2FIR6WNJHK3TZXBW5JSBWFD
url-0140,http://www.lps.ufrj.br:80/profs/diniz/adaptivebook/pag1_book.htm,http://www.lps.ufrj.br/profs/diniz/adaptivebook/pag1_book.htm,"https://web.archive.org/cdx/search/cdx?url=lps.ufrj.br/*&output=json&filter=statuscode:200&filter=mimetype:text/html&fl=timestamp,original,statuscode,digest&collapse=urlkey&limit=10000",2002-12-06T18:20:41Z,archive-cdx,LPS web maintainers,und,historical-archive-only,public-record,sha256:935a8df7ef371fdd873fa715f672ab4b65fd1936bed355ebd08c31f9977b7993,301,2002-12-06,Wayback CDX capture 2002-12-06; archive is not current truth; CDX digest=F7ZRXR24WJD42BHJKLGNBXS2TG75LN7M
url-0141,http://www.lps.ufrj.br:80/profs/diniz/awards.htm,http://www.lps.ufrj.br/profs/diniz/awards.htm,"https://web.archive.org/cdx/search/cdx?url=lps.ufrj.br/*&output=json&filter=statuscode:200&filter=mimetype:text/html&fl=timestamp,original,statuscode,digest&collapse=urlkey&limit=10000",2002-12-06T12:23:59Z,archive-cdx,LPS web maintainers,und,historical-archive-only,public-record,sha256:fb30b0aef60efd512ce710047c4c45117558ce7777f57f73f0a09a425cfacecd,301,2002-12-06,Wayback CDX capture 2002-12-06; archive is not current truth; CDX digest=KWCO22Y3FP6L43YCYNBCMZ6JMK7JJV6J
url-0142,http://www.lps.ufrj.br:80/profs/diniz/consultancy.htm,http://www.lps.ufrj.br/profs/diniz/consultancy.htm,"https://web.archive.org/cdx/search/cdx?url=lps.ufrj.br/*&output=json&filter=statuscode:200&filter=mimetype:text/html&fl=timestamp,original,statuscode,digest&collapse=urlkey&limit=10000",2004-02-10T10:07:06Z,archive-cdx,LPS web maintainers,und,historical-archive-only,public-record,sha256:40e8496d7ff7fdf060125347f2f84974e394a3a61d5fca79037890b4e9dcf359,301,2004-02-10,Wayback CDX capture 2004-02-10; archive is not current truth; CDX digest=LKPNSBIG2PWEUZGSWIOEB2ENMSSMEOZT
url-0143,http://www.lps.ufrj.br:80/profs/diniz/contact.htm,http://www.lps.ufrj.br/profs/diniz/contact.htm,"https://web.archive.org/cdx/search/cdx?url=lps.ufrj.br/*&output=json&filter=statuscode:200&filter=mimetype:text/html&fl=timestamp,original,statuscode,digest&collapse=urlkey&limit=10000",2002-12-06T12:18:49Z,archive-cdx,LPS web maintainers,und,historical-archive-only,public-record,sha256:b8f8d8cb15cf092a550128ea2a7da229e072c36fc083243a3020f55ce5243950,301,2002-12-06,Wayback CDX capture 2002-12-06; archive is not current truth; CDX digest=YUJLJU2LV4HAGDVWMONAYKSORXBIWQ6M
url-0144,http://www.lps.ufrj.br:80/profs/diniz/digitalbook/,http://www.lps.ufrj.br/profs/diniz/digitalbook,"https://web.archive.org/cdx/search/cdx?url=lps.ufrj.br/*&output=json&filter=statuscode:200&filter=mimetype:text/html&fl=timestamp,original,statuscode,digest&collapse=urlkey&limit=10000",2002-12-06T12:15:32Z,archive-cdx,LPS web maintainers,und,historical-archive-only,public-record,sha256:fa16db0bb56edcdd48c625713e2ea4d897904782ba8c719951c125844853edf0,301,2002-12-06,Wayback CDX capture 2002-12-06; archive is not current truth; CDX digest=MBME277U75QVJSUEAPGPAQRXDIYZ3CR4
url-0145,http://www.lps.ufrj.br:80/profs/diniz/digitalbook/authors.htm,http://www.lps.ufrj.br/profs/diniz/digitalbook/authors.htm,"https://web.archive.org/cdx/search/cdx?url=lps.ufrj.br/*&output=json&filter=statuscode:200&filter=mimetype:text/html&fl=timestamp,original,statuscode,digest&collapse=urlkey&limit=10000",2005-01-06T16:20:20Z,archive-cdx,LPS web maintainers,und,historical-archive-only,public-record,sha256:37fd5f2d8196a2963fc7a00c5cf2dbd0c9f2381e6d139b23e8c75bbef9f7bad8,301,2005-01-06,Wayback CDX capture 2005-01-06; archive is not current truth; CDX digest=UNDPTQRMGOSHTKBZG72WYNBQQDVXIRKE
url-0146,http://www.lps.ufrj.br:80/profs/diniz/digitalbook/contact.htm,http://www.lps.ufrj.br/profs/diniz/digitalbook/contact.htm,"https://web.archive.org/cdx/search/cdx?url=lps.ufrj.br/*&output=json&filter=statuscode:200&filter=mimetype:text/html&fl=timestamp,original,statuscode,digest&collapse=urlkey&limit=10000",2005-01-06T16:20:30Z,archive-cdx,LPS web maintainers,und,historical-archive-only,public-record,sha256:d99d38c15926f63db24278149f58c3d1fcadf6f8f971de764ec8c83385d60f82,301,2005-01-06,Wayback CDX capture 2005-01-06; archive is not current truth; CDX digest=5ZVEGKGMJHQL3IQ2LX5ZEEN46VB4ZYCH
url-0147,http://www.lps.ufrj.br:80/profs/diniz/digitalbook/contents.htm,http://www.lps.ufrj.br/profs/diniz/digitalbook/contents.htm,"https://web.archive.org/cdx/search/cdx?url=lps.ufrj.br/*&output=json&filter=statuscode:200&filter=mimetype:text/html&fl=timestamp,original,statuscode,digest&collapse=urlkey&limit=10000",2003-11-25T20:04:22Z,archive-cdx,LPS web maintainers,und,historical-archive-only,public-record,sha256:c2e28bf27e8ea1a5dcf53655ec61f393a025e15c122ae2393684eb3667ab4666,301,2003-11-25,Wayback CDX capture 2003-11-25; archive is not current truth; CDX digest=4F3LVMRTDEF5AGXNEQF26GE24NVSE3AB
url-0148,http://www.lps.ufrj.br:80/profs/diniz/digitalbook/menu_book.htm,http://www.lps.ufrj.br/profs/diniz/digitalbook/menu_book.htm,"https://web.archive.org/cdx/search/cdx?url=lps.ufrj.br/*&output=json&filter=statuscode:200&filter=mimetype:text/html&fl=timestamp,original,statuscode,digest&collapse=urlkey&limit=10000",2003-09-26T14:53:56Z,archive-cdx,LPS web maintainers,und,historical-archive-only,public-record,sha256:a669a6e42528f3c78d7cd647badc233471c2142e7248273fe030362a1e96bf4c,301,2003-09-26,Wayback CDX capture 2003-09-26; archive is not current truth; CDX digest=O2QCMCBR4KYDOU6CF7VIQSL5U334NQ36
url-0149,http://www.lps.ufrj.br:80/profs/diniz/digitalbook/newproblems.htm,http://www.lps.ufrj.br/profs/diniz/digitalbook/newproblems.htm,"https://web.archive.org/cdx/search/cdx?url=lps.ufrj.br/*&output=json&filter=statuscode:200&filter=mimetype:text/html&fl=timestamp,original,statuscode,digest&collapse=urlkey&limit=10000",2003-11-26T01:09:14Z,archive-cdx,LPS web maintainers,und,historical-archive-only,public-record,sha256:c506a61cc7f3c0a571fcc187035ae1fcab1bb0bcc37749c1852b050a3ac90c5d,301,2003-11-26,Wayback CDX capture 2003-11-26; archive is not current truth; CDX digest=VLITIXSPMWQBVZ7MBZVKNKHUQYTQXBOU
url-0150,http://www.lps.ufrj.br:80/profs/diniz/digitalbook/pag1_book.htm,http://www.lps.ufrj.br/profs/diniz/digitalbook/pag1_book.htm,"https://web.archive.org/cdx/search/cdx?url=lps.ufrj.br/*&output=json&filter=statuscode:200&filter=mimetype:text/html&fl=timestamp,original,statuscode,digest&collapse=urlkey&limit=10000",2003-09-27T19:15:45Z,archive-cdx,LPS web maintainers,und,historical-archive-only,public-record,sha256:53f60d181c959a326659a9ae551d0cbe3fad6fc40413d3446f5442a2682da2fd,301,2003-09-27,Wayback CDX capture 2003-09-27; archive is not current truth; CDX digest=HOQGFXLCXOR5LAUXYKNNCHA53SCDNYRN
url-0151,http://www.lps.ufrj.br:80/profs/diniz/index.html,http://www.lps.ufrj.br/profs/diniz/index.html,"https://web.archive.org/cdx/search/cdx?url=lps.ufrj.br/*&output=json&filter=statuscode:200&filter=mimetype:text/html&fl=timestamp,original,statuscode,digest&collapse=urlkey&limit=10000",2000-01-18T14:40:21Z,archive-cdx,LPS web maintainers,und,historical-archive-only,public-record,sha256:8ae0687fadbf0fd23d1f6c361e40cee164604b82f6a78a4d95a9e2077474f32b,301,2000-01-18,Wayback CDX capture 2000-01-18; archive is not current truth; CDX digest=AHSMGRC2BSRUEJHZEN4WP22A2IIGXTFY
url-0152,http://www.lps.ufrj.br:80/profs/diniz/invited_lectures.htm,http://www.lps.ufrj.br/profs/diniz/invited_lectures.htm,"https://web.archive.org/cdx/search/cdx?url=lps.ufrj.br/*&output=json&filter=statuscode:200&filter=mimetype:text/html&fl=timestamp,original,statuscode,digest&collapse=urlkey&limit=10000",2003-05-22T02:05:48Z,archive-cdx,LPS web maintainers,und,historical-archive-only,public-record,sha256:270925c26822ee634f1ff4feae06c17da37ac3ef11d8a58edeeb552b685a52ba,301,2003-05-22,Wayback CDX capture 2003-05-22; archive is not current truth; CDX digest=K3BMYBHBNWP4YOHSBGYWRHAW4F4MPFIY
url-0153,http://www.lps.ufrj.br:80/profs/diniz/menu.htm,http://www.lps.ufrj.br/profs/diniz/menu.htm,"https://web.archive.org/cdx/search/cdx?url=lps.ufrj.br/*&output=json&filter=statuscode:200&filter=mimetype:text/html&fl=timestamp,original,statuscode,digest&collapse=urlkey&limit=10000",2003-05-07T16:05:25Z,archive-cdx,LPS web maintainers,und,historical-archive-only,public-record,sha256:579e9efeb9f24852ea2d359b80926c9c02ba97102fb099f35e2af10cdc3384cf,301,2003-05-07,Wayback CDX capture 2003-05-07; archive is not current truth; CDX digest=J6OV2XWR6DZ474M4MZFCULHCSWHVNMYH
url-0154,http://www.lps.ufrj.br:80/profs/diniz/pag1.htm,http://www.lps.ufrj.br/profs/diniz/pag1.htm,"https://web.archive.org/cdx/search/cdx?url=lps.ufrj.br/*&output=json&filter=statuscode:200&filter=mimetype:text/html&fl=timestamp,original,statuscode,digest&collapse=urlkey&limit=10000",2002-12-06T09:26:48Z,archive-cdx,LPS web maintainers,und,historical-archive-only,public-record,sha256:9c5e639cbdd9cc3f8ab04d4c5dd798959841871ed82d44afe9e1cafc920c1a86,301,2002-12-06,Wayback CDX capture 2002-12-06; archive is not current truth; CDX digest=FWP2NZSHCRR5F5DUOLATJEJZYTBPY5WD
url-0155,http://www.lps.ufrj.br:80/profs/diniz/public.html,http://www.lps.ufrj.br/profs/diniz/public.html,"https://web.archive.org/cdx/search/cdx?url=lps.ufrj.br/*&output=json&filter=statuscode:200&filter=mimetype:text/html&fl=timestamp,original,statuscode,digest&collapse=urlkey&limit=10000",2001-02-22T04:06:52Z,archive-cdx,LPS web maintainers,und,historical-archive-only,public-record,sha256:57594653b16d83ddce014408b5919fddb52f81a94ed88cc6613e6dc7c9cb2b4e,301,2001-02-22,Wayback CDX capture 2001-02-22; archive is not current truth; CDX digest=C7QX3UM37FXA6WARKFJ3N7TIJEI6H3FS
url-0156,http://www.lps.ufrj.br:80/profs/diniz/publications.htm,http://www.lps.ufrj.br/profs/diniz/publications.htm,"https://web.archive.org/cdx/search/cdx?url=lps.ufrj.br/*&output=json&filter=statuscode:200&filter=mimetype:text/html&fl=timestamp,original,statuscode,digest&collapse=urlkey&limit=10000",2002-12-06T12:33:27Z,archive-cdx,LPS web maintainers,und,historical-archive-only,public-record,sha256:5168feafd4219353cdf0b60a301ecb49790321257bff59cb8e7cff16a4162eb4,301,2002-12-06,Wayback CDX capture 2002-12-06; archive is not current truth; CDX digest=2VCJILWU6ESPJPCLWQ2PIA5J3MOJFYDF
url-0157,http://www.lps.ufrj.br:80/profs/diniz/research_areas.htm,http://www.lps.ufrj.br/profs/diniz/research_areas.htm,"https://web.archive.org/cdx/search/cdx?url=lps.ufrj.br/*&output=json&filter=statuscode:200&filter=mimetype:text/html&fl=timestamp,original,statuscode,digest&collapse=urlkey&limit=10000",2002-12-06T12:30:25Z,archive-cdx,LPS web maintainers,und,historical-archive-only,public-record,sha256:3b00f23fa3c5edd24c46cd3713aaa9f8288baba2c28fd6275ceae12315a9f306,301,2002-12-06,Wayback CDX capture 2002-12-06; archive is not current truth; CDX digest=FJGLRGXFJREX7AEEETTI4VSNXYYAYHS3
url-0158,http://www.lps.ufrj.br:80/profs/diniz/teaching.htm,http://www.lps.ufrj.br/profs/diniz/teaching.htm,"https://web.archive.org/cdx/search/cdx?url=lps.ufrj.br/*&output=json&filter=statuscode:200&filter=mimetype:text/html&fl=timestamp,original,statuscode,digest&collapse=urlkey&limit=10000",2003-05-23T05:06:47Z,archive-cdx,LPS web maintainers,und,historical-archive-only,public-record,sha256:5671577a035e7e97aec2edb5b08574d01f37253e54307aef4d55f9e255d6b97f,301,2003-05-23,Wayback CDX capture 2003-05-23; archive is not current truth; CDX digest=KRIY2YBOCC7NONYMZCFUBNIRVNRTYUEL
url-0159,http://www.lps.ufrj.br:80/profs/diniz/thesis.htm,http://www.lps.ufrj.br/profs/diniz/thesis.htm,"https://web.archive.org/cdx/search/cdx?url=lps.ufrj.br/*&output=json&filter=statuscode:200&filter=mimetype:text/html&fl=timestamp,original,statuscode,digest&collapse=urlkey&limit=10000",2002-12-06T12:28:08Z,archive-cdx,LPS web maintainers,und,historical-archive-only,public-record,sha256:c30d55a0ae41250814a939633b3f5ad5e55659b9695509b92a820431bc70a8a7,301,2002-12-06,Wayback CDX capture 2002-12-06; archive is not current truth; CDX digest=TOKA77YWFOD2RLCCKJLS627ZNRZXLKVV
url-0160,http://www.lps.ufrj.br:80/profs/diniz/wavelets/,http://www.lps.ufrj.br/profs/diniz/wavelets,"https://web.archive.org/cdx/search/cdx?url=lps.ufrj.br/*&output=json&filter=statuscode:200&filter=mimetype:text/html&fl=timestamp,original,statuscode,digest&collapse=urlkey&limit=10000",2009-05-01T05:42:15Z,archive-cdx,LPS web maintainers,und,historical-archive-only,public-record,sha256:91b56f5b5b7d4758d0577b4d352848894bd67f6c4b87bdfa925c04dea906d4ae,301,2009-05-01,Wayback CDX capture 2009-05-01; archive is not current truth; CDX digest=VW4B3IBB75MVPNAY6URZRSIITT4XOFCU
url-0161,http://www.lps.ufrj.br:80/profs/diniz/wavelets/?C=D;O=A,http://www.lps.ufrj.br/profs/diniz/wavelets?C=D%3BO%3DA,"https://web.archive.org/cdx/search/cdx?url=lps.ufrj.br/*&output=json&filter=statuscode:200&filter=mimetype:text/html&fl=timestamp,original,statuscode,digest&collapse=urlkey&limit=10000",2009-04-28T15:56:57Z,archive-cdx,LPS web maintainers,und,historical-archive-only,public-record,sha256:4b7c7fb15f5144b84da0080ef525abf393307a3b816d1bf756fa1976c6814afe,301,2009-04-28,Wayback CDX capture 2009-04-28; archive is not current truth; CDX digest=PD75MACITP2NGE657WVWT7I4RYGLBHNW
url-0162,http://www.lps.ufrj.br:80/profs/diniz/wavelets/?C=M;O=A,http://www.lps.ufrj.br/profs/diniz/wavelets?C=M%3BO%3DA,"https://web.archive.org/cdx/search/cdx?url=lps.ufrj.br/*&output=json&filter=statuscode:200&filter=mimetype:text/html&fl=timestamp,original,statuscode,digest&collapse=urlkey&limit=10000",2009-04-28T15:57:00Z,archive-cdx,LPS web maintainers,und,historical-archive-only,public-record,sha256:9d37326d35d44d0511ac6e5465a8ff4ac7f80b999838e4fdd3646875b48b1b81,301,2009-04-28,Wayback CDX capture 2009-04-28; archive is not current truth; CDX digest=3O7TB6X7BYN7XMUNNANNNXQFXPS7WM7W
url-0163,http://www.lps.ufrj.br:80/profs/diniz/wavelets/?C=N;O=D,http://www.lps.ufrj.br/profs/diniz/wavelets?C=N%3BO%3DD,"https://web.archive.org/cdx/search/cdx?url=lps.ufrj.br/*&output=json&filter=statuscode:200&filter=mimetype:text/html&fl=timestamp,original,statuscode,digest&collapse=urlkey&limit=10000",2009-04-28T15:57:12Z,archive-cdx,LPS web maintainers,und,historical-archive-only,public-record,sha256:15fe0ded28d15bf750ec902395a8538077dd1c3a6b5e7bed448f4c2cbfbb9448,301,2009-04-28,Wayback CDX capture 2009-04-28; archive is not current truth; CDX digest=PIAYISKVSRAB4IH7ZDZTXW63AYOCT3VW
url-0164,http://www.lps.ufrj.br:80/profs/diniz/wavelets/?C=S;O=A,http://www.lps.ufrj.br/profs/diniz/wavelets?C=S%3BO%3DA,"https://web.archive.org/cdx/search/cdx?url=lps.ufrj.br/*&output=json&filter=statuscode:200&filter=mimetype:text/html&fl=timestamp,original,statuscode,digest&collapse=urlkey&limit=10000",2009-04-28T15:57:16Z,archive-cdx,LPS web maintainers,und,historical-archive-only,public-record,sha256:de5ad23b2b32e77a383b3590fccc23d892ac9abde3af4db8314730486ddb21b0,301,2009-04-28,Wayback CDX capture 2009-04-28; archive is not current truth; CDX digest=RVUAUR55LBXMWU4IIMMIGWXKIZU6FI46
url-0165,http://www.lps.ufrj.br:80/profs/eduardo/,http://www.lps.ufrj.br/profs/eduardo,"https://web.archive.org/cdx/search/cdx?url=lps.ufrj.br/*&output=json&filter=statuscode:200&filter=mimetype:text/html&fl=timestamp,original,statuscode,digest&collapse=urlkey&limit=10000",2004-11-04T22:07:53Z,archive-cdx,LPS web maintainers,und,historical-archive-only,public-record,sha256:392575c785e0fe98fcb0760541e98e0c2980275fc88b6f4b970034254b60c8e4,301,2004-11-04,Wayback CDX capture 2004-11-04; archive is not current truth; CDX digest=UWXLKKNL5ZTAFPR53VUNV4ZETLANRQ22
url-0166,http://www.lps.ufrj.br:80/profs/eduardo/consulting.htm,http://www.lps.ufrj.br/profs/eduardo/consulting.htm,"https://web.archive.org/cdx/search/cdx?url=lps.ufrj.br/*&output=json&filter=statuscode:200&filter=mimetype:text/html&fl=timestamp,original,statuscode,digest&collapse=urlkey&limit=10000",2004-11-12T16:02:06Z,archive-cdx,LPS web maintainers,und,historical-archive-only,public-record,sha256:a29b01ff671030ce9e3f7d0ff420c217c2097d751dad538c39ca12cb2ff139c3,301,2004-11-12,Wayback CDX capture 2004-11-12; archive is not current truth; CDX digest=GB56JBGC55IHH3QVTNBVW73ZRY6HHAEW
url-0167,http://www.lps.ufrj.br:80/profs/eduardo/contact-edu.htm,http://www.lps.ufrj.br/profs/eduardo/contact-edu.htm,"https://web.archive.org/cdx/search/cdx?url=lps.ufrj.br/*&output=json&filter=statuscode:200&filter=mimetype:text/html&fl=timestamp,original,statuscode,digest&collapse=urlkey&limit=10000",2004-11-12T16:10:03Z,archive-cdx,LPS web maintainers,und,historical-archive-only,public-record,sha256:bff951fa1a1bb7e33e4075d26e9bb3692e43d57e59d6512b7622579629d70d24,301,2004-11-12,Wayback CDX capture 2004-11-12; archive is not current truth; CDX digest=VDQN3PD2GPHDKKIQZKO3AMNEJPQ2NG7A
url-0168,http://www.lps.ufrj.br:80/profs/eduardo/experience.htm,http://www.lps.ufrj.br/profs/eduardo/experience.htm,"https://web.archive.org/cdx/search/cdx?url=lps.ufrj.br/*&output=json&filter=statuscode:200&filter=mimetype:text/html&fl=timestamp,original,statuscode,digest&collapse=urlkey&limit=10000",2004-11-12T16:11:17Z,archive-cdx,LPS web maintainers,und,historical-archive-only,public-record,sha256:bc28848899e9c17cd788d62098965a3104ee5ca3b86de62c88653ee6ceeb167a,301,2004-11-12,Wayback CDX capture 2004-11-12; archive is not current truth; CDX digest=RENSGXFJ2TWTJCDGDQYUYMTMPNV6EWQ4
url-0169,http://www.lps.ufrj.br:80/profs/eduardo/index.htm,http://www.lps.ufrj.br/profs/eduardo/index.htm,"https://web.archive.org/cdx/search/cdx?url=lps.ufrj.br/*&output=json&filter=statuscode:200&filter=mimetype:text/html&fl=timestamp,original,statuscode,digest&collapse=urlkey&limit=10000",2005-02-16T12:33:10Z,archive-cdx,LPS web maintainers,und,historical-archive-only,public-record,sha256:a9af8c54e17d088e95537bae69aebdf471956f06f26bd647e8e7682503a451c3,301,2005-02-16,Wayback CDX capture 2005-02-16; archive is not current truth; CDX digest=UWXLKKNL5ZTAFPR53VUNV4ZETLANRQ22
url-0170,http://www.lps.ufrj.br:80/profs/eduardo/index.html,http://www.lps.ufrj.br/profs/eduardo/index.html,"https://web.archive.org/cdx/search/cdx?url=lps.ufrj.br/*&output=json&filter=statuscode:200&filter=mimetype:text/html&fl=timestamp,original,statuscode,digest&collapse=urlkey&limit=10000",2001-04-25T06:55:25Z,archive-cdx,LPS web maintainers,und,historical-archive-only,public-record,sha256:c7c9e7193f874e2fa5959f8bc6bfa3de616f9f6656e4ed82331f992466950a71,301,2001-04-25,Wayback CDX capture 2001-04-25; archive is not current truth; CDX digest=U43BLDCOVYU6DUUQLJC2RBB6M3QXT7DY
url-0171,http://www.lps.ufrj.br:80/profs/eduardo/menu.htm,http://www.lps.ufrj.br/profs/eduardo/menu.htm,"https://web.archive.org/cdx/search/cdx?url=lps.ufrj.br/*&output=json&filter=statuscode:200&filter=mimetype:text/html&fl=timestamp,original,statuscode,digest&collapse=urlkey&limit=10000",2005-01-03T00:07:23Z,archive-cdx,LPS web maintainers,und,historical-archive-only,public-record,sha256:c2152cd2cc9003be247e7a6f5b066e17850f7d0b2583faddbbfee6a9bd374771,301,2005-01-03,Wayback CDX capture 2005-01-03; archive is not current truth; CDX digest=XQWKITI336CVQLDDT3CGHXLYIT7PLSWI
url-0172,http://www.lps.ufrj.br:80/profs/eduardo/node1.html,http://www.lps.ufrj.br/profs/eduardo/node1.html,"https://web.archive.org/cdx/search/cdx?url=lps.ufrj.br/*&output=json&filter=statuscode:200&filter=mimetype:text/html&fl=timestamp,original,statuscode,digest&collapse=urlkey&limit=10000",2003-08-14T13:14:19Z,archive-cdx,LPS web maintainers,und,historical-archive-only,public-record,sha256:73b76a8a0cf7ce8c2e7eee0fea1598e2510107f49ccf427729ce444332613eb6,301,2003-08-14,Wayback CDX capture 2003-08-14; archive is not current truth; CDX digest=LBJT2ZM3PZ3P2XTX4NNP4V7EXYPFIFXU
url-0173,http://www.lps.ufrj.br:80/profs/eduardo/node10.html,http://www.lps.ufrj.br/profs/eduardo/node10.html,"https://web.archive.org/cdx/search/cdx?url=lps.ufrj.br/*&output=json&filter=statuscode:200&filter=mimetype:text/html&fl=timestamp,original,statuscode,digest&collapse=urlkey&limit=10000",2003-05-26T05:27:07Z,archive-cdx,LPS web maintainers,und,historical-archive-only,public-record,sha256:bad4ee217e5f661cfc53f266992fda44c3a339187a0f8d3a10555cd4c3d4a2c4,301,2003-05-26,Wayback CDX capture 2003-05-26; archive is not current truth; CDX digest=JN74BYLFCKR4HCVRCO6WP7VIMM3PV6VZ
url-0174,http://www.lps.ufrj.br:80/profs/eduardo/node11.html,http://www.lps.ufrj.br/profs/eduardo/node11.html,"https://web.archive.org/cdx/search/cdx?url=lps.ufrj.br/*&output=json&filter=statuscode:200&filter=mimetype:text/html&fl=timestamp,original,statuscode,digest&collapse=urlkey&limit=10000",2003-08-14T13:16:19Z,archive-cdx,LPS web maintainers,und,historical-archive-only,public-record,sha256:e7eaafc83e30dabede0241ddc251229c89a79a74e834caf7db5196ea765441ce,301,2003-08-14,Wayback CDX capture 2003-08-14; archive is not current truth; CDX digest=W67EL67UM7OHWOP3OSGI3T2HMTNWFAPK
url-0175,http://www.lps.ufrj.br:80/profs/eduardo/node12.html,http://www.lps.ufrj.br/profs/eduardo/node12.html,"https://web.archive.org/cdx/search/cdx?url=lps.ufrj.br/*&output=json&filter=statuscode:200&filter=mimetype:text/html&fl=timestamp,original,statuscode,digest&collapse=urlkey&limit=10000",2003-05-27T04:34:42Z,archive-cdx,LPS web maintainers,und,historical-archive-only,public-record,sha256:cc00434e3bcfde8c59eb055a4f6a4b092f9b21056b0606d5cfcf9b5c8b62e8c1,301,2003-05-27,Wayback CDX capture 2003-05-27; archive is not current truth; CDX digest=MQD5JMNCLBRXOAO2XB4RALLU4K6LC4KA
url-0176,http://www.lps.ufrj.br:80/profs/eduardo/node13.html,http://www.lps.ufrj.br/profs/eduardo/node13.html,"https://web.archive.org/cdx/search/cdx?url=lps.ufrj.br/*&output=json&filter=statuscode:200&filter=mimetype:text/html&fl=timestamp,original,statuscode,digest&collapse=urlkey&limit=10000",2002-02-25T20:16:45Z,archive-cdx,LPS web maintainers,und,historical-archive-only,public-record,sha256:502e453ff554e9f6c5ce193e6b68207c6d8c7663ae73a73a6450176c2da93a32,301,2002-02-25,Wayback CDX capture 2002-02-25; archive is not current truth; CDX digest=RN4LY6CIPWAGOYFBJICUXEWRN7C2SM3V
url-0177,http://www.lps.ufrj.br:80/profs/eduardo/node14.html,http://www.lps.ufrj.br/profs/eduardo/node14.html,"https://web.archive.org/cdx/search/cdx?url=lps.ufrj.br/*&output=json&filter=statuscode:200&filter=mimetype:text/html&fl=timestamp,original,statuscode,digest&collapse=urlkey&limit=10000",2003-09-21T03:04:40Z,archive-cdx,LPS web maintainers,und,historical-archive-only,public-record,sha256:bb28f15f9d509b1fcb761048d9dfc2bf5a7f85f6293dc37b69f49787bc384287,301,2003-09-21,Wayback CDX capture 2003-09-21; archive is not current truth; CDX digest=DZD2W5M2LIROTSHQJKUFBMVIOJJCD3VU
url-0178,http://www.lps.ufrj.br:80/profs/eduardo/node2.html,http://www.lps.ufrj.br/profs/eduardo/node2.html,"https://web.archive.org/cdx/search/cdx?url=lps.ufrj.br/*&output=json&filter=statuscode:200&filter=mimetype:text/html&fl=timestamp,original,statuscode,digest&collapse=urlkey&limit=10000",2002-02-25T20:16:33Z,archive-cdx,LPS web maintainers,und,historical-archive-only,public-record,sha256:246c56829da394f15af9e673c0baecde7765b2d338272f10996e0d83a226c789,301,2002-02-25,Wayback CDX capture 2002-02-25; archive is not current truth; CDX digest=XSUKF3KNJTDYMT34L6V3UH63NS5CV46R
url-0179,http://www.lps.ufrj.br:80/profs/eduardo/node3.html,http://www.lps.ufrj.br/profs/eduardo/node3.html,"https://web.archive.org/cdx/search/cdx?url=lps.ufrj.br/*&output=json&filter=statuscode:200&filter=mimetype:text/html&fl=timestamp,original,statuscode,digest&collapse=urlkey&limit=10000",2003-05-28T21:59:01Z,archive-cdx,LPS web maintainers,und,historical-archive-only,public-record,sha256:84ce878db61659c995f36afd4ad3de8e3d5027752a275b1d87d2982faad0751e,301,2003-05-28,Wayback CDX capture 2003-05-28; archive is not current truth; CDX digest=AFDQ4W5KLKSOVNA7GHX7C2C2URXFH3NN
url-0180,http://www.lps.ufrj.br:80/profs/eduardo/node5.html,http://www.lps.ufrj.br/profs/eduardo/node5.html,"https://web.archive.org/cdx/search/cdx?url=lps.ufrj.br/*&output=json&filter=statuscode:200&filter=mimetype:text/html&fl=timestamp,original,statuscode,digest&collapse=urlkey&limit=10000",2003-05-30T00:35:18Z,archive-cdx,LPS web maintainers,und,historical-archive-only,public-record,sha256:813dd8307be018d941dedbce4b9fc68e693f30cea6fac753f937f84efb1caabb,301,2003-05-30,Wayback CDX capture 2003-05-30; archive is not current truth; CDX digest=N5GLECVQVOWRR26NJ6IWF3IO3ZB5TLPJ
url-0181,http://www.lps.ufrj.br:80/profs/eduardo/node6.html,http://www.lps.ufrj.br/profs/eduardo/node6.html,"https://web.archive.org/cdx/search/cdx?url=lps.ufrj.br/*&output=json&filter=statuscode:200&filter=mimetype:text/html&fl=timestamp,original,statuscode,digest&collapse=urlkey&limit=10000",2003-05-30T00:36:43Z,archive-cdx,LPS web maintainers,und,historical-archive-only,public-record,sha256:e4c072c41574d31b0cfd2f4e69f5b412b477c4b51f1680e1181fe0098011194c,301,2003-05-30,Wayback CDX capture 2003-05-30; archive is not current truth; CDX digest=5RJJSCLJQ5GHDK2TL6Y2ICM4MQOC7N6G
url-0182,http://www.lps.ufrj.br:80/profs/eduardo/node7.html,http://www.lps.ufrj.br/profs/eduardo/node7.html,"https://web.archive.org/cdx/search/cdx?url=lps.ufrj.br/*&output=json&filter=statuscode:200&filter=mimetype:text/html&fl=timestamp,original,statuscode,digest&collapse=urlkey&limit=10000",2002-02-26T10:28:33Z,archive-cdx,LPS web maintainers,und,historical-archive-only,public-record,sha256:e43f5654777a577d2bcbbb9d23285037e17a91677658548fbceff1c2b64839e7,301,2002-02-26,Wayback CDX capture 2002-02-26; archive is not current truth; CDX digest=OATNLD5U3RRXOWT4W3UXGW2DAF4FOIHU
url-0183,http://www.lps.ufrj.br:80/profs/eduardo/node8.html,http://www.lps.ufrj.br/profs/eduardo/node8.html,"https://web.archive.org/cdx/search/cdx?url=lps.ufrj.br/*&output=json&filter=statuscode:200&filter=mimetype:text/html&fl=timestamp,original,statuscode,digest&collapse=urlkey&limit=10000",2002-02-26T10:20:08Z,archive-cdx,LPS web maintainers,und,historical-archive-only,public-record,sha256:25e7dac0d02f067eae5a71b3b15059d6fad3b825c9e38e7046ffebaecf817270,301,2002-02-26,Wayback CDX capture 2002-02-26; archive is not current truth; CDX digest=ER4SPG5E22RPJDYYRDP7AAZE6Z3ZCQQJ
url-0184,http://www.lps.ufrj.br:80/profs/eduardo/node9.html,http://www.lps.ufrj.br/profs/eduardo/node9.html,"https://web.archive.org/cdx/search/cdx?url=lps.ufrj.br/*&output=json&filter=statuscode:200&filter=mimetype:text/html&fl=timestamp,original,statuscode,digest&collapse=urlkey&limit=10000",2003-09-01T13:44:14Z,archive-cdx,LPS web maintainers,und,historical-archive-only,public-record,sha256:63ef9c6622de1694471ee9a72b08ebd98db62bd6fb56a40af8fdd01a7000b78a,301,2003-09-01,Wayback CDX capture 2003-09-01; archive is not current truth; CDX digest=DEM7AV3F5QRGLHX7LBEOBOOYTZFRYGZ5
url-0185,http://www.lps.ufrj.br:80/profs/eduardo/pag1-edu.htm,http://www.lps.ufrj.br/profs/eduardo/pag1-edu.htm,"https://web.archive.org/cdx/search/cdx?url=lps.ufrj.br/*&output=json&filter=statuscode:200&filter=mimetype:text/html&fl=timestamp,original,statuscode,digest&collapse=urlkey&limit=10000",2004-11-09T16:07:13Z,archive-cdx,LPS web maintainers,und,historical-archive-only,public-record,sha256:4a4b84dd386662931736c47bf087cc7e4a606851c82ba9db068b781a294d41f2,301,2004-11-09,Wayback CDX capture 2004-11-09; archive is not current truth; CDX digest=IK6LNTM24HSNZA2AAJMY4OFCW2FZCZ3C
url-0186,http://www.lps.ufrj.br:80/profs/eduardo/public.html,http://www.lps.ufrj.br/profs/eduardo/public.html,"https://web.archive.org/cdx/search/cdx?url=lps.ufrj.br/*&output=json&filter=statuscode:200&filter=mimetype:text/html&fl=timestamp,original,statuscode,digest&collapse=urlkey&limit=10000",2001-04-26T00:10:45Z,archive-cdx,LPS web maintainers,und,historical-archive-only,public-record,sha256:fa8a22abd7e4a10c8ef859e7b6daf108a1981ce8d927a1648677d6cebe1052f9,301,2001-04-26,Wayback CDX capture 2001-04-26; archive is not current truth; CDX digest=XBKNS5EFBIKFCQLTVKJJ4BJM6VHKRABQ
url-0187,http://www.lps.ufrj.br:80/profs/eduardo/publications-edu.htm,http://www.lps.ufrj.br/profs/eduardo/publications-edu.htm,"https://web.archive.org/cdx/search/cdx?url=lps.ufrj.br/*&output=json&filter=statuscode:200&filter=mimetype:text/html&fl=timestamp,original,statuscode,digest&collapse=urlkey&limit=10000",2004-11-12T16:08:40Z,archive-cdx,LPS web maintainers,und,historical-archive-only,public-record,sha256:e88fef63edfc60da2ae8c7a2545352e93686f5eaf25ac46da24ab27a9d4730e9,301,2004-11-12,Wayback CDX capture 2004-11-12; archive is not current truth; CDX digest=5ADE4CD3GCAJJ37QBTWZJJAUVNYPGOMA
url-0188,http://www.lps.ufrj.br:80/profs/eduardo/research-edu.htm,http://www.lps.ufrj.br/profs/eduardo/research-edu.htm,"https://web.archive.org/cdx/search/cdx?url=lps.ufrj.br/*&output=json&filter=statuscode:200&filter=mimetype:text/html&fl=timestamp,original,statuscode,digest&collapse=urlkey&limit=10000",2004-11-12T16:18:04Z,archive-cdx,LPS web maintainers,und,historical-archive-only,public-record,sha256:5e48535bc8f193562c8639510272cfb4a6482b3ce27af11eb3d7f502e852c40e,301,2004-11-12,Wayback CDX capture 2004-11-12; archive is not current truth; CDX digest=IKV5XPRORILWUCGDAQUQF6MQFVA6AP7T
url-0189,http://www.lps.ufrj.br:80/profs/eduardo/teaching-edu.htm,http://www.lps.ufrj.br/profs/eduardo/teaching-edu.htm,"https://web.archive.org/cdx/search/cdx?url=lps.ufrj.br/*&output=json&filter=statuscode:200&filter=mimetype:text/html&fl=timestamp,original,statuscode,digest&collapse=urlkey&limit=10000",2004-11-12T16:15:26Z,archive-cdx,LPS web maintainers,und,historical-archive-only,public-record,sha256:4109fcd9d9632dce5570badd981359922753d88c488689211a49569e8e0215d4,301,2004-11-12,Wayback CDX capture 2004-11-12; archive is not current truth; CDX digest=4RWYGL2ZKI46CKPWHRXM2E2BCGAHZ36R
url-0190,http://www.lps.ufrj.br:80/profs/eduardo/thesis-edu.htm,http://www.lps.ufrj.br/profs/eduardo/thesis-edu.htm,"https://web.archive.org/cdx/search/cdx?url=lps.ufrj.br/*&output=json&filter=statuscode:200&filter=mimetype:text/html&fl=timestamp,original,statuscode,digest&collapse=urlkey&limit=10000",2004-11-12T16:19:18Z,archive-cdx,LPS web maintainers,und,historical-archive-only,public-record,sha256:e68c56a2d0e80422139742bdcdf11467a6205d774a225d3fd55aee2087c79977,301,2004-11-12,Wayback CDX capture 2004-11-12; archive is not current truth; CDX digest=DIXEQQWQ7NEO7KHIIA2HBHG67DAAQ6R6
url-0191,http://www.lps.ufrj.br:80/profs/gelson/,http://www.lps.ufrj.br/profs/gelson,"https://web.archive.org/cdx/search/cdx?url=lps.ufrj.br/*&output=json&filter=statuscode:200&filter=mimetype:text/html&fl=timestamp,original,statuscode,digest&collapse=urlkey&limit=10000",2002-09-07T13:25:55Z,archive-cdx,LPS web maintainers,und,historical-archive-only,public-record,sha256:a208785f225e039215feb5b141fa34b8264d229b3bec51513420c7a3456b026a,301,2002-09-07,Wayback CDX capture 2002-09-07; archive is not current truth; CDX digest=GZGOUSBORR7ISOA725AQWYZP3DJI7ALS
url-0192,http://www.lps.ufrj.br:80/profs/gelson/index.html,http://www.lps.ufrj.br/profs/gelson/index.html,"https://web.archive.org/cdx/search/cdx?url=lps.ufrj.br/*&output=json&filter=statuscode:200&filter=mimetype:text/html&fl=timestamp,original,statuscode,digest&collapse=urlkey&limit=10000",2001-07-31T13:36:50Z,archive-cdx,LPS web maintainers,und,historical-archive-only,public-record,sha256:fbe62e6a53e9c139c28304ab44414f6d50fc3f3ad1ad54179940dd7869c285c3,301,2001-07-31,Wayback CDX capture 2001-07-31; archive is not current truth; CDX digest=GZGOUSBORR7ISOA725AQWYZP3DJI7ALS
url-0193,http://www.lps.ufrj.br:80/profs/gelson/public.html,http://www.lps.ufrj.br/profs/gelson/public.html,"https://web.archive.org/cdx/search/cdx?url=lps.ufrj.br/*&output=json&filter=statuscode:200&filter=mimetype:text/html&fl=timestamp,original,statuscode,digest&collapse=urlkey&limit=10000",2002-07-12T01:47:01Z,archive-cdx,LPS web maintainers,und,historical-archive-only,public-record,sha256:61b32a0471d74dc6a9c022fe6e30cfdcdf722351d243d25d093707f1c7ce35a4,301,2002-07-12,Wayback CDX capture 2002-07-12; archive is not current truth; CDX digest=V34XT3EHHLDDTY7TD4P2LDMTTKOZJGSH
url-0194,http://www.lps.ufrj.br:80/profs/gil/,http://www.lps.ufrj.br/profs/gil,"https://web.archive.org/cdx/search/cdx?url=lps.ufrj.br/*&output=json&filter=statuscode:200&filter=mimetype:text/html&fl=timestamp,original,statuscode,digest&collapse=urlkey&limit=10000",2002-08-03T23:43:08Z,archive-cdx,LPS web maintainers,und,historical-archive-only,public-record,sha256:f3ca0f1b8fe9b9e63724e89c861e83d7342902d60de360d1bdda3eadbaf2f5e6,301,2002-08-03,Wayback CDX capture 2002-08-03; archive is not current truth; CDX digest=QMJJBCWJ33MXWCPMKK7IELVMFXGY4VSZ
url-0195,http://www.lps.ufrj.br:80/profs/gil/index.html,http://www.lps.ufrj.br/profs/gil/index.html,"https://web.archive.org/cdx/search/cdx?url=lps.ufrj.br/*&output=json&filter=statuscode:200&filter=mimetype:text/html&fl=timestamp,original,statuscode,digest&collapse=urlkey&limit=10000",2001-04-25T06:56:56Z,archive-cdx,LPS web maintainers,und,historical-archive-only,public-record,sha256:bbaa1b691e696a506cf9cb2f241f90d37ffe0e688f41c7335ee48d88ad96fffd,301,2001-04-25,Wayback CDX capture 2001-04-25; archive is not current truth; CDX digest=QMJJBCWJ33MXWCPMKK7IELVMFXGY4VSZ
url-0196,http://www.lps.ufrj.br:80/profs/gil/public.html,http://www.lps.ufrj.br/profs/gil/public.html,"https://web.archive.org/cdx/search/cdx?url=lps.ufrj.br/*&output=json&filter=statuscode:200&filter=mimetype:text/html&fl=timestamp,original,statuscode,digest&collapse=urlkey&limit=10000",2001-04-26T00:13:00Z,archive-cdx,LPS web maintainers,und,historical-archive-only,public-record,sha256:ea105c54866637af9dc4f2854e3786b597cd1f9aaf9c4248b459c4ab9f002aeb,301,2001-04-26,Wayback CDX capture 2001-04-26; archive is not current truth; CDX digest=WJICVCS55RCFFDYWHJHO2V7KMNFREKUW
url-0197,http://www.lps.ufrj.br:80/profs/merched/,http://www.lps.ufrj.br/profs/merched,"https://web.archive.org/cdx/search/cdx?url=lps.ufrj.br/*&output=json&filter=statuscode:200&filter=mimetype:text/html&fl=timestamp,original,statuscode,digest&collapse=urlkey&limit=10000",2006-11-16T17:10:35Z,archive-cdx,LPS web maintainers,und,historical-archive-only,public-record,sha256:802d33e8c504308d5d2ac79a93a7a964262262dad7f05668822e903299064a61,301,2006-11-16,Wayback CDX capture 2006-11-16; archive is not current truth; CDX digest=FNPUGBSKHUX5EATGE7EMF5RBN2JDRIUH
url-0198,http://www.lps.ufrj.br:80/profs/merched/index.html,http://www.lps.ufrj.br/profs/merched/index.html,"https://web.archive.org/cdx/search/cdx?url=lps.ufrj.br/*&output=json&filter=statuscode:200&filter=mimetype:text/html&fl=timestamp,original,statuscode,digest&collapse=urlkey&limit=10000",2004-12-25T11:15:40Z,archive-cdx,LPS web maintainers,und,historical-archive-only,public-record,sha256:0ef247b0cf57c1676e5dd72d99c27a66d95650ea1b13d14e65823d5b3b86479f,301,2004-12-25,Wayback CDX capture 2004-12-25; archive is not current truth; CDX digest=FNPUGBSKHUX5EATGE7EMF5RBN2JDRIUH
url-0199,http://www.lps.ufrj.br/profs/merched/menu.htm,http://www.lps.ufrj.br/profs/merched/menu.htm,"https://web.archive.org/cdx/search/cdx?url=lps.ufrj.br/*&output=json&filter=statuscode:200&filter=mimetype:text/html&fl=timestamp,original,statuscode,digest&collapse=urlkey&limit=10000",2007-07-28T17:11:36Z,archive-cdx,LPS web maintainers,und,historical-archive-only,public-record,sha256:5ff03af19a21e5d01d741c1a26e1018c832478692ff0c86402868cb1d92b5f83,301,2007-07-28,Wayback CDX capture 2007-07-28; archive is not current truth; CDX digest=MEBKLWDZKMBVRBWDB7LI5LW2BQ6LP6BS
url-0200,http://www.lps.ufrj.br/profs/merched/pag1.htm,http://www.lps.ufrj.br/profs/merched/pag1.htm,"https://web.archive.org/cdx/search/cdx?url=lps.ufrj.br/*&output=json&filter=statuscode:200&filter=mimetype:text/html&fl=timestamp,original,statuscode,digest&collapse=urlkey&limit=10000",2007-07-28T17:11:30Z,archive-cdx,LPS web maintainers,und,historical-archive-only,public-record,sha256:2cd7e1e8d5ebf102de591679e3e62d08e6af1186b3af96dd85aee31b5326b3f8,301,2007-07-28,Wayback CDX capture 2007-07-28; archive is not current truth; CDX digest=AKAKHEPCMGZ5RKH7FT6QCZ7TMSWTUN7X
url-0201,http://www.lps.ufrj.br:80/profs/seixas/,http://www.lps.ufrj.br/profs/seixas,"https://web.archive.org/cdx/search/cdx?url=lps.ufrj.br/*&output=json&filter=statuscode:200&filter=mimetype:text/html&fl=timestamp,original,statuscode,digest&collapse=urlkey&limit=10000",2002-01-11T10:04:49Z,archive-cdx,LPS web maintainers,und,historical-archive-only,public-record,sha256:4f9992579100d38e927191c7565f15edbadc6b1e39bb6a382827fc1e850cdfb9,301,2002-01-11,Wayback CDX capture 2002-01-11; archive is not current truth; CDX digest=2J43UMCEIRSYP6TK5BSNWD2BMBZNVAYV
url-0202,http://www.lps.ufrj.br:80/profs/seixas/index.html,http://www.lps.ufrj.br/profs/seixas/index.html,"https://web.archive.org/cdx/search/cdx?url=lps.ufrj.br/*&output=json&filter=statuscode:200&filter=mimetype:text/html&fl=timestamp,original,statuscode,digest&collapse=urlkey&limit=10000",2001-08-11T01:00:56Z,archive-cdx,LPS web maintainers,und,historical-archive-only,public-record,sha256:df19ba87ab75387dab88041e951d06033c34caf4a47660ae20e5dc503ad5d105,301,2001-08-11,Wayback CDX capture 2001-08-11; archive is not current truth; CDX digest=2J43UMCEIRSYP6TK5BSNWD2BMBZNVAYV
url-0203,http://www.lps.ufrj.br:80/profs/seixas/public.html,http://www.lps.ufrj.br/profs/seixas/public.html,"https://web.archive.org/cdx/search/cdx?url=lps.ufrj.br/*&output=json&filter=statuscode:200&filter=mimetype:text/html&fl=timestamp,original,statuscode,digest&collapse=urlkey&limit=10000",2001-04-26T04:52:15Z,archive-cdx,LPS web maintainers,und,historical-archive-only,public-record,sha256:ade61a0df37b1abee40c5a67000bfd42ca4105800eb8e13d9b1c1fb4b2779932,301,2001-04-26,Wayback CDX capture 2001-04-26; archive is not current truth; CDX digest=GGWVOMIVYZY72FJDFYFN36453Z3J6O7G
url-0204,http://www.lps.ufrj.br:80/profs/sergioln/,http://www.lps.ufrj.br/profs/sergioln,"https://web.archive.org/cdx/search/cdx?url=lps.ufrj.br/*&output=json&filter=statuscode:200&filter=mimetype:text/html&fl=timestamp,original,statuscode,digest&collapse=urlkey&limit=10000",2002-08-04T02:24:33Z,archive-cdx,LPS web maintainers,und,historical-archive-only,public-record,sha256:204f333779d6d7c0369c020476e8c4dab6ed8c1a215a4cfc1f3845bdacfa9285,301,2002-08-04,Wayback CDX capture 2002-08-04; archive is not current truth; CDX digest=KA26PWYODOZKSJK7OV6MZSTZ7KO6ONVJ
url-0205,http://www.lps.ufrj.br/profs/sergioln/home.html,http://www.lps.ufrj.br/profs/sergioln/home.html,"https://web.archive.org/cdx/search/cdx?url=lps.ufrj.br/*&output=json&filter=statuscode:200&filter=mimetype:text/html&fl=timestamp,original,statuscode,digest&collapse=urlkey&limit=10000",2007-07-28T17:11:50Z,archive-cdx,LPS web maintainers,und,historical-archive-only,public-record,sha256:c970a78ab208c2efc442187acf4ff0d51880ef7b78f9ae12f0c14dee85ee3fd1,301,2007-07-28,Wayback CDX capture 2007-07-28; archive is not current truth; CDX digest=KSKE3AF7WNQKT6KHF7AUNJCK6QAH4U3A
url-0206,http://www.lps.ufrj.br:80/profs/sergioln/index.html,http://www.lps.ufrj.br/profs/sergioln/index.html,"https://web.archive.org/cdx/search/cdx?url=lps.ufrj.br/*&output=json&filter=statuscode:200&filter=mimetype:text/html&fl=timestamp,original,statuscode,digest&collapse=urlkey&limit=10000",1999-02-19T13:18:31Z,archive-cdx,LPS web maintainers,und,historical-archive-only,public-record,sha256:80e033fc1ea1d4885f7c909f274a577086ab952228766a9d9cd7f363b77e86b1,301,1999-02-19,Wayback CDX capture 1999-02-19; archive is not current truth; CDX digest=E262MJN4PYVOFLTBAJNULD65EZNFDRWV
url-0207,http://www.lps.ufrj.br/profs/sergioln/menu1.html,http://www.lps.ufrj.br/profs/sergioln/menu1.html,"https://web.archive.org/cdx/search/cdx?url=lps.ufrj.br/*&output=json&filter=statuscode:200&filter=mimetype:text/html&fl=timestamp,original,statuscode,digest&collapse=urlkey&limit=10000",2007-07-28T17:11:57Z,archive-cdx,LPS web maintainers,und,historical-archive-only,public-record,sha256:d652e0767f1ab1b61b32525ac31d2ba614d7f2323493092988c438191bde7208,301,2007-07-28,Wayback CDX capture 2007-07-28; archive is not current truth; CDX digest=PRLCVM3LM275OT7WAFKJQ2FP2MARRCUN
url-0208,http://www.lps.ufrj.br:80/profs/sergioln/public.html,http://www.lps.ufrj.br/profs/sergioln/public.html,"https://web.archive.org/cdx/search/cdx?url=lps.ufrj.br/*&output=json&filter=statuscode:200&filter=mimetype:text/html&fl=timestamp,original,statuscode,digest&collapse=urlkey&limit=10000",1999-02-19T15:17:03Z,archive-cdx,LPS web maintainers,und,historical-archive-only,public-record,sha256:2b97f672b6c6002f8d1093714130a8fa60d3ee147e72421b6e396d428d333e49,301,1999-02-19,Wayback CDX capture 1999-02-19; archive is not current truth; CDX digest=F523VOA6DIMRNOQKVYIBSPVBZI733HFZ
url-0209,http://www.lps.ufrj.br:80/profs/sergioln/publications.html,http://www.lps.ufrj.br/profs/sergioln/publications.html,"https://web.archive.org/cdx/search/cdx?url=lps.ufrj.br/*&output=json&filter=statuscode:200&filter=mimetype:text/html&fl=timestamp,original,statuscode,digest&collapse=urlkey&limit=10000",2010-01-21T16:26:58Z,archive-cdx,LPS web maintainers,und,historical-archive-only,public-record,sha256:a7a884c1393bdaa5e71159109bae74df417734d3e3a5fac7a77f56cc9b73c120,301,2010-01-21,Wayback CDX capture 2010-01-21; archive is not current truth; CDX digest=MQM7IPHKIVXLQT4PZOZZ27QHSINDIG4R
url-0210,http://www.lps.ufrj.br:80/profs/sergioln/theses.html,http://www.lps.ufrj.br/profs/sergioln/theses.html,"https://web.archive.org/cdx/search/cdx?url=lps.ufrj.br/*&output=json&filter=statuscode:200&filter=mimetype:text/html&fl=timestamp,original,statuscode,digest&collapse=urlkey&limit=10000",2007-07-09T00:09:14Z,archive-cdx,LPS web maintainers,und,historical-archive-only,public-record,sha256:27e03ef642f490ce137e02d7236264139a63f873c4fa6684fb9713db0ad4167f,301,2007-07-09,Wayback CDX capture 2007-07-09; archive is not current truth; CDX digest=73JDTAAFLVSVD5QOXAFPIUKQT7JV63J6
url-0211,http://www.lps.ufrj.br:80/projects/addproj.html,http://www.lps.ufrj.br/projects/addproj.html,"https://web.archive.org/cdx/search/cdx?url=lps.ufrj.br/*&output=json&filter=statuscode:200&filter=mimetype:text/html&fl=timestamp,original,statuscode,digest&collapse=urlkey&limit=10000",2001-04-26T05:01:29Z,archive-cdx,LPS web maintainers,und,historical-archive-only,public-record,sha256:bd0587415397711c8ebfed4c4dc13f8f833993c3567bfa70aad04abc0a263900,410,2001-04-26,Wayback CDX capture 2001-04-26; archive is not current truth; CDX digest=YZPCFUQIYGZSOOWXFTRQBCITWW5PWDD2
url-0212,http://www.lps.ufrj.br:80/projects/proj10.html,http://www.lps.ufrj.br/projects/proj10.html,"https://web.archive.org/cdx/search/cdx?url=lps.ufrj.br/*&output=json&filter=statuscode:200&filter=mimetype:text/html&fl=timestamp,original,statuscode,digest&collapse=urlkey&limit=10000",2001-04-26T08:59:30Z,archive-cdx,LPS web maintainers,und,historical-archive-only,public-record,sha256:5305d1201ae09298577e3ac6eec47253e43aa643bc6b53e53182539c85e4f016,301,2001-04-26,Wayback CDX capture 2001-04-26; archive is not current truth; CDX digest=UTESVPFD3VU67IF23GVUDFGKNB3MBGIG
url-0213,http://www.lps.ufrj.br:80/projects/proj11.html,http://www.lps.ufrj.br/projects/proj11.html,"https://web.archive.org/cdx/search/cdx?url=lps.ufrj.br/*&output=json&filter=statuscode:200&filter=mimetype:text/html&fl=timestamp,original,statuscode,digest&collapse=urlkey&limit=10000",2001-04-26T09:02:33Z,archive-cdx,LPS web maintainers,und,historical-archive-only,public-record,sha256:9ca5d28cfb34f369552375213dc730d4a91e7847b64a3a55a58a07e7ec8f4de1,301,2001-04-26,Wayback CDX capture 2001-04-26; archive is not current truth; CDX digest=BDSMGAJFMKU5IT2INMWABNGFMOSXKHYF
url-0214,http://www.lps.ufrj.br:80/projects/proj12.html,http://www.lps.ufrj.br/projects/proj12.html,"https://web.archive.org/cdx/search/cdx?url=lps.ufrj.br/*&output=json&filter=statuscode:200&filter=mimetype:text/html&fl=timestamp,original,statuscode,digest&collapse=urlkey&limit=10000",2001-04-26T09:06:57Z,archive-cdx,LPS web maintainers,und,historical-archive-only,public-record,sha256:155a15b87c407f8ff439423449b283c17139b4d5b88ce9515bf3f1f8d7a069dc,301,2001-04-26,Wayback CDX capture 2001-04-26; archive is not current truth; CDX digest=R6KUDWS7K6O3RZKI6T4YPL6IFKGAKQNB
url-0215,http://www.lps.ufrj.br:80/projects/proj13.html,http://www.lps.ufrj.br/projects/proj13.html,"https://web.archive.org/cdx/search/cdx?url=lps.ufrj.br/*&output=json&filter=statuscode:200&filter=mimetype:text/html&fl=timestamp,original,statuscode,digest&collapse=urlkey&limit=10000",2001-04-26T13:23:51Z,archive-cdx,LPS web maintainers,und,historical-archive-only,public-record,sha256:6ed139dd3e52d4a2eb4ee37ea1b27b5f6bb13b4f7a1df264aba88ce7d140783b,301,2001-04-26,Wayback CDX capture 2001-04-26; archive is not current truth; CDX digest=OUHMMFL67LN7722TNAP66OZG3EXFQFGQ
url-0216,http://www.lps.ufrj.br:80/projects/proj14.html,http://www.lps.ufrj.br/projects/proj14.html,"https://web.archive.org/cdx/search/cdx?url=lps.ufrj.br/*&output=json&filter=statuscode:200&filter=mimetype:text/html&fl=timestamp,original,statuscode,digest&collapse=urlkey&limit=10000",2001-04-26T13:19:10Z,archive-cdx,LPS web maintainers,und,historical-archive-only,public-record,sha256:55d934e607f3f7953aa4f2db9ecc206f70456f29f4776470dd17218640aff8df,301,2001-04-26,Wayback CDX capture 2001-04-26; archive is not current truth; CDX digest=7ASRVGDBHOCM2CG2BNJT3SM7OGHGBXG4
url-0217,http://www.lps.ufrj.br:80/projects/proj15.html,http://www.lps.ufrj.br/projects/proj15.html,"https://web.archive.org/cdx/search/cdx?url=lps.ufrj.br/*&output=json&filter=statuscode:200&filter=mimetype:text/html&fl=timestamp,original,statuscode,digest&collapse=urlkey&limit=10000",2001-04-26T12:54:02Z,archive-cdx,LPS web maintainers,und,historical-archive-only,public-record,sha256:1c7ba3f5ca4c05b0b9188f5d3228dbcd2c452d25184b23138b9a893ae6d6c295,301,2001-04-26,Wayback CDX capture 2001-04-26; archive is not current truth; CDX digest=TOVAGRFIWGPSUJ5WRRUHBUABQE5OLTJO
url-0218,http://www.lps.ufrj.br:80/projects/proj17.html,http://www.lps.ufrj.br/projects/proj17.html,"https://web.archive.org/cdx/search/cdx?url=lps.ufrj.br/*&output=json&filter=statuscode:200&filter=mimetype:text/html&fl=timestamp,original,statuscode,digest&collapse=urlkey&limit=10000",2001-04-26T16:32:52Z,archive-cdx,LPS web maintainers,und,historical-archive-only,public-record,sha256:03a12990155e292b85215d897debe439a00b11f63cc2507229389f6a1ca7e0fe,301,2001-04-26,Wayback CDX capture 2001-04-26; archive is not current truth; CDX digest=EJBRDRM7QEGGQ5D2UZKTKEOHJZYUAVP7
url-0219,http://www.lps.ufrj.br:80/projects/proj18.html,http://www.lps.ufrj.br/projects/proj18.html,"https://web.archive.org/cdx/search/cdx?url=lps.ufrj.br/*&output=json&filter=statuscode:200&filter=mimetype:text/html&fl=timestamp,original,statuscode,digest&collapse=urlkey&limit=10000",2001-04-26T16:45:02Z,archive-cdx,LPS web maintainers,und,historical-archive-only,public-record,sha256:ba5f5b51d811c0d9d4dfc42040dcb79ec2af3de442fe3a74e8f543b807d92828,301,2001-04-26,Wayback CDX capture 2001-04-26; archive is not current truth; CDX digest=BTUL72V3KHZQC2NMXYWCWVHIEQU43EL4
url-0220,http://www.lps.ufrj.br:80/projects/proj19.html,http://www.lps.ufrj.br/projects/proj19.html,"https://web.archive.org/cdx/search/cdx?url=lps.ufrj.br/*&output=json&filter=statuscode:200&filter=mimetype:text/html&fl=timestamp,original,statuscode,digest&collapse=urlkey&limit=10000",2001-04-26T20:20:35Z,archive-cdx,LPS web maintainers,und,historical-archive-only,public-record,sha256:2e617b8c795d2f8703a60f1d30dad21b4724376a367be4f85a834bca95c3e246,301,2001-04-26,Wayback CDX capture 2001-04-26; archive is not current truth; CDX digest=4XXMA23JL5GPBBIMIV4X7FT3JWAB4QWW
url-0221,http://www.lps.ufrj.br:80/projects/proj3.html,http://www.lps.ufrj.br/projects/proj3.html,"https://web.archive.org/cdx/search/cdx?url=lps.ufrj.br/*&output=json&filter=statuscode:200&filter=mimetype:text/html&fl=timestamp,original,statuscode,digest&collapse=urlkey&limit=10000",2001-04-26T20:31:33Z,archive-cdx,LPS web maintainers,und,historical-archive-only,public-record,sha256:4a897fd44d2a4f5049938d84a0893e7a9ef4b4624f455dd820f91f92136f6f89,301,2001-04-26,Wayback CDX capture 2001-04-26; archive is not current truth; CDX digest=PUFBPXRKULNOG5HMGDBQ6BYOT62RNWCV
url-0222,http://www.lps.ufrj.br:80/projects/proj4.html,http://www.lps.ufrj.br/projects/proj4.html,"https://web.archive.org/cdx/search/cdx?url=lps.ufrj.br/*&output=json&filter=statuscode:200&filter=mimetype:text/html&fl=timestamp,original,statuscode,digest&collapse=urlkey&limit=10000",2001-04-27T00:05:27Z,archive-cdx,LPS web maintainers,und,historical-archive-only,public-record,sha256:06c37783e104b04f4721c781bf8825233851bb9f213f619d564db2064106d8a2,301,2001-04-27,Wayback CDX capture 2001-04-27; archive is not current truth; CDX digest=BJA32O2CW25HC6RLRZEUTYADUDKA3B3B
url-0223,http://www.lps.ufrj.br:80/projects/proj5.html,http://www.lps.ufrj.br/projects/proj5.html,"https://web.archive.org/cdx/search/cdx?url=lps.ufrj.br/*&output=json&filter=statuscode:200&filter=mimetype:text/html&fl=timestamp,original,statuscode,digest&collapse=urlkey&limit=10000",2001-04-27T00:01:05Z,archive-cdx,LPS web maintainers,und,historical-archive-only,public-record,sha256:1cd95ec2e52d0dcdf41ad9e9953c76bfef74c4bf35e103ef2392919b6dd58671,301,2001-04-27,Wayback CDX capture 2001-04-27; archive is not current truth; CDX digest=4MF5QLR5C44B2PP6CWINHFGQM3MAOZPY
url-0224,http://www.lps.ufrj.br:80/projects/proj7.html,http://www.lps.ufrj.br/projects/proj7.html,"https://web.archive.org/cdx/search/cdx?url=lps.ufrj.br/*&output=json&filter=statuscode:200&filter=mimetype:text/html&fl=timestamp,original,statuscode,digest&collapse=urlkey&limit=10000",2001-04-27T02:57:05Z,archive-cdx,LPS web maintainers,und,historical-archive-only,public-record,sha256:0253c107d4d358ce51ef51fa8a70d1b3316ce6641e23f9d20ccac4e35ab66ffe,301,2001-04-27,Wayback CDX capture 2001-04-27; archive is not current truth; CDX digest=BEVEFHCIW5QGMJWC2GKO456TKVETWEIE
url-0225,http://www.lps.ufrj.br:80/projects/proj8.html,http://www.lps.ufrj.br/projects/proj8.html,"https://web.archive.org/cdx/search/cdx?url=lps.ufrj.br/*&output=json&filter=statuscode:200&filter=mimetype:text/html&fl=timestamp,original,statuscode,digest&collapse=urlkey&limit=10000",2001-04-27T03:03:31Z,archive-cdx,LPS web maintainers,und,historical-archive-only,public-record,sha256:067a8c1251e3dca9ac993413494437dfd6b2c01cb4cfd5d6644a8b6be917dad7,301,2001-04-27,Wayback CDX capture 2001-04-27; archive is not current truth; CDX digest=5TPDJDSEANOM6GGXMM3SK7W5VN2TB236
url-0226,http://www.lps.ufrj.br:80/projects/proj9.html,http://www.lps.ufrj.br/projects/proj9.html,"https://web.archive.org/cdx/search/cdx?url=lps.ufrj.br/*&output=json&filter=statuscode:200&filter=mimetype:text/html&fl=timestamp,original,statuscode,digest&collapse=urlkey&limit=10000",2001-04-27T03:00:12Z,archive-cdx,LPS web maintainers,und,historical-archive-only,public-record,sha256:001c2a2eb88a2895315311ca473cf9fa266ef5bb9d487f9f2309692b792cae66,301,2001-04-27,Wayback CDX capture 2001-04-27; archive is not current truth; CDX digest=JRTIGYNCZUFZGLKM6JYKS7HASJZV64AI
url-0227,http://www.lps.ufrj.br:80/projetos/research.html,http://www.lps.ufrj.br/projetos/research.html,"https://web.archive.org/cdx/search/cdx?url=lps.ufrj.br/*&output=json&filter=statuscode:200&filter=mimetype:text/html&fl=timestamp,original,statuscode,digest&collapse=urlkey&limit=10000",2006-07-16T02:18:11Z,archive-cdx,LPS web maintainers,und,historical-archive-only,public-record,sha256:2c1598e8e9c8581d7293cb2b6610dd794c1f6c66b5e0ebfa1d17212e3c9c4f9c,301,2006-07-16,Wayback CDX capture 2006-07-16; archive is not current truth; CDX digest=QYGHSWYCZKJKBEPHSDCHWLNGCPYG7ZMC
url-0228,http://www.lps.ufrj.br:80/publicacoes/c_books/chapters_books_2009.html,http://www.lps.ufrj.br/publicacoes/c_books/chapters_books_2009.html,"https://web.archive.org/cdx/search/cdx?url=lps.ufrj.br/*&output=json&filter=statuscode:200&filter=mimetype:text/html&fl=timestamp,original,statuscode,digest&collapse=urlkey&limit=10000",2009-02-23T16:48:27Z,archive-cdx,LPS web maintainers,und,historical-archive-only,public-record,sha256:16483e24b009459c3ea5beba09fa38eb2f97a183fcbf5eae5aeb26f7b66f54ed,301,2009-02-23,Wayback CDX capture 2009-02-23; archive is not current truth; CDX digest=KRO7GXM67YFAZUB4Z7T66BWFXHUFQZNC
url-0229,http://www.lps.ufrj.br:80/publicacoes/conference/conference_2003.html,http://www.lps.ufrj.br/publicacoes/conference/conference_2003.html,"https://web.archive.org/cdx/search/cdx?url=lps.ufrj.br/*&output=json&filter=statuscode:200&filter=mimetype:text/html&fl=timestamp,original,statuscode,digest&collapse=urlkey&limit=10000",2007-10-14T00:47:17Z,archive-cdx,LPS web maintainers,und,historical-archive-only,public-record,sha256:52800d73e56f26b09b6fdcabf96dcd11856d9616682f90ee7fa3f8a507f15efc,301,2007-10-14,Wayback CDX capture 2007-10-14; archive is not current truth; CDX digest=ISH5LER2T6AY5AK3T573SHKYRUWWDUSL
url-0230,http://www.lps.ufrj.br:80/publicacoes/publications.html,http://www.lps.ufrj.br/publicacoes/publications.html,"https://web.archive.org/cdx/search/cdx?url=lps.ufrj.br/*&output=json&filter=statuscode:200&filter=mimetype:text/html&fl=timestamp,original,statuscode,digest&collapse=urlkey&limit=10000",2006-07-16T02:19:33Z,archive-cdx,LPS web maintainers,und,historical-archive-only,public-record,sha256:dc96bda93257803db975c64233c97f4a7577304192922a73b117d1b3b6faaf5e,301,2006-07-16,Wayback CDX capture 2006-07-16; archive is not current truth; CDX digest=K5SGUYFNVG6QZSWHVACTE2AMDGCNAYMI
url-0231,http://www.lps.ufrj.br:80/publications/1996.html,http://www.lps.ufrj.br/publications/1996.html,"https://web.archive.org/cdx/search/cdx?url=lps.ufrj.br/*&output=json&filter=statuscode:200&filter=mimetype:text/html&fl=timestamp,original,statuscode,digest&collapse=urlkey&limit=10000",2001-04-27T05:58:20Z,archive-cdx,LPS web maintainers,und,historical-archive-only,public-record,sha256:b024dc3b34f1239d0f404a69a71522070d878c1b2633c52167bce18edb2d64d4,301,2001-04-27,Wayback CDX capture 2001-04-27; archive is not current truth; CDX digest=XICVIIY26FFTCDACF6MQ3KO5Z6RNSHFK
url-0232,http://www.lps.ufrj.br:80/publications/1997.html,http://www.lps.ufrj.br/publications/1997.html,"https://web.archive.org/cdx/search/cdx?url=lps.ufrj.br/*&output=json&filter=statuscode:200&filter=mimetype:text/html&fl=timestamp,original,statuscode,digest&collapse=urlkey&limit=10000",2001-04-27T06:03:46Z,archive-cdx,LPS web maintainers,und,historical-archive-only,public-record,sha256:c05c1f30f1d3dbd06e0d27608fe5013627e8fef704b72e56d39e815beb61bcd9,301,2001-04-27,Wayback CDX capture 2001-04-27; archive is not current truth; CDX digest=JA254CSZFD6RELGQOXL3CUZVBPGUSJOE
url-0233,http://www.lps.ufrj.br:80/publications/1998.html,http://www.lps.ufrj.br/publications/1998.html,"https://web.archive.org/cdx/search/cdx?url=lps.ufrj.br/*&output=json&filter=statuscode:200&filter=mimetype:text/html&fl=timestamp,original,statuscode,digest&collapse=urlkey&limit=10000",2001-04-27T06:09:44Z,archive-cdx,LPS web maintainers,und,historical-archive-only,public-record,sha256:a71cdf536234f6106377dded4b0880edbc6765682408d94699f136672c3c6e35,301,2001-04-27,Wayback CDX capture 2001-04-27; archive is not current truth; CDX digest=UQRLCSVAK4H5EWU5FSVJ5PCWB56EVK3C
url-0234,http://www.lps.ufrj.br:80/publications/1999.html,http://www.lps.ufrj.br/publications/1999.html,"https://web.archive.org/cdx/search/cdx?url=lps.ufrj.br/*&output=json&filter=statuscode:200&filter=mimetype:text/html&fl=timestamp,original,statuscode,digest&collapse=urlkey&limit=10000",2001-04-27T08:40:33Z,archive-cdx,LPS web maintainers,und,historical-archive-only,public-record,sha256:ab890b08dc21f126a1dd89c573fdef9c6c3aebae9cff4bdb797dade58e31f1e4,301,2001-04-27,Wayback CDX capture 2001-04-27; archive is not current truth; CDX digest=5E7NMJ64KJ2ZAXYXAME2WHHNMIHPCRFF
url-0235,http://www.lps.ufrj.br:80/publications/2000.html,http://www.lps.ufrj.br/publications/2000.html,"https://web.archive.org/cdx/search/cdx?url=lps.ufrj.br/*&output=json&filter=statuscode:200&filter=mimetype:text/html&fl=timestamp,original,statuscode,digest&collapse=urlkey&limit=10000",2001-04-27T08:42:16Z,archive-cdx,LPS web maintainers,und,historical-archive-only,public-record,sha256:0ea8e7014f44801875d818908f2d01143a60ceec42b699946d0bcb68e73e648b,301,2001-04-27,Wayback CDX capture 2001-04-27; archive is not current truth; CDX digest=5SZDORMIBINU7HGBZEDVWKPO3YV7NCOO
url-0236,http://www.lps.ufrj.br:80/publications/books.html,http://www.lps.ufrj.br/publications/books.html,"https://web.archive.org/cdx/search/cdx?url=lps.ufrj.br/*&output=json&filter=statuscode:200&filter=mimetype:text/html&fl=timestamp,original,statuscode,digest&collapse=urlkey&limit=10000",2001-04-27T08:53:12Z,archive-cdx,LPS web maintainers,und,historical-archive-only,public-record,sha256:98cf78391de019c9691ac886f7e83b13ce1c76710948a423b178109718d1bb88,301,2001-04-27,Wayback CDX capture 2001-04-27; archive is not current truth; CDX digest=H6RA2GJOLWLJGHU4OOP7ISDOJKV77IHY
url-0237,http://www.lps.ufrj.br:80/publications/books_chapters.html,http://www.lps.ufrj.br/publications/books_chapters.html,"https://web.archive.org/cdx/search/cdx?url=lps.ufrj.br/*&output=json&filter=statuscode:200&filter=mimetype:text/html&fl=timestamp,original,statuscode,digest&collapse=urlkey&limit=10000",2001-04-27T11:44:43Z,archive-cdx,LPS web maintainers,und,historical-archive-only,public-record,sha256:2b9f13909b4b4afdf2151f62e81e94fd7fc3a4e63a727e9f67a81aded93a22ec,301,2001-04-27,Wayback CDX capture 2001-04-27; archive is not current truth; CDX digest=OMIDX35JOLECWZZX7WOIVYQNR7L23WGC
url-0238,http://www.lps.ufrj.br:80/publications/journal_papers.html,http://www.lps.ufrj.br/publications/journal_papers.html,"https://web.archive.org/cdx/search/cdx?url=lps.ufrj.br/*&output=json&filter=statuscode:200&filter=mimetype:text/html&fl=timestamp,original,statuscode,digest&collapse=urlkey&limit=10000",2001-04-27T11:12:32Z,archive-cdx,LPS web maintainers,und,historical-archive-only,public-record,sha256:7e8e3ed40264805a04e4eb19b162204e8fcc690503e6903e5e96b6bb1b10ad2e,301,2001-04-27,Wayback CDX capture 2001-04-27; archive is not current truth; CDX digest=2NLF2TUXOJWTDVWWTTSM4Q6ILIKFMBKS
url-0239,http://www.lps.ufrj.br:80/publications/pap_publis_lc.htm,http://www.lps.ufrj.br/publications/pap_publis_lc.htm,"https://web.archive.org/cdx/search/cdx?url=lps.ufrj.br/*&output=json&filter=statuscode:200&filter=mimetype:text/html&fl=timestamp,original,statuscode,digest&collapse=urlkey&limit=10000",2001-04-27T11:14:46Z,archive-cdx,LPS web maintainers,und,historical-archive-only,public-record,sha256:6acc12236fbe8165957798afb0f8541c31761d7b2e22a6c7d59fe65fd15bc5f7,301,2001-04-27,Wayback CDX capture 2001-04-27; archive is not current truth; CDX digest=5H3ZSCZGKYWIURH7344W3PYA5Z6S7IG6
url-0240,http://www.lps.ufrj.br:80/publications/publications.html,http://www.lps.ufrj.br/publications/publications.html,"https://web.archive.org/cdx/search/cdx?url=lps.ufrj.br/*&output=json&filter=statuscode:200&filter=mimetype:text/html&fl=timestamp,original,statuscode,digest&collapse=urlkey&limit=10000",2002-03-02T02:32:14Z,archive-cdx,LPS web maintainers,und,historical-archive-only,public-record,sha256:286cb0f17282a14bc6446080259c2e9a38b10caa272d279d186c7e4fe60e58b5,301,2002-03-02,Wayback CDX capture 2002-03-02; archive is not current truth; CDX digest=TVBMUU3EC7OU7CWDA3IUALUYUEBZYLVW
url-0241,http://www.lps.ufrj.br:80/publications/ref_pap_iconferences.html,http://www.lps.ufrj.br/publications/ref_pap_iconferences.html,"https://web.archive.org/cdx/search/cdx?url=lps.ufrj.br/*&output=json&filter=statuscode:200&filter=mimetype:text/html&fl=timestamp,original,statuscode,digest&collapse=urlkey&limit=10000",2001-04-27T13:47:59Z,archive-cdx,LPS web maintainers,und,historical-archive-only,public-record,sha256:2874807765730b1590a518af8aa0899763bc37d5c1518ea788d94d6dd69fee45,301,2001-04-27,Wayback CDX capture 2001-04-27; archive is not current truth; CDX digest=COJPW4M2YLMOZZVYC4RDURGT32YZKYTW
url-0242,http://www.lps.ufrj.br:80/research.htm,http://www.lps.ufrj.br/research.htm,"https://web.archive.org/cdx/search/cdx?url=lps.ufrj.br/*&output=json&filter=statuscode:200&filter=mimetype:text/html&fl=timestamp,original,statuscode,digest&collapse=urlkey&limit=10000",2001-04-09T05:39:24Z,archive-cdx,LPS web maintainers,und,historical-archive-only,public-record,sha256:c2b956a31c29df18db83dc01df2b3ac009bb3d4ffb8fb4b664c6ebbbf77dc553,301,2001-04-09,Wayback CDX capture 2001-04-09; archive is not current truth; CDX digest=4YBRR5DUWYES7X73EYDU4AU24VVC6NPE
url-0243,http://www.lps.ufrj.br:80/research.html,http://www.lps.ufrj.br/research.html,"https://web.archive.org/cdx/search/cdx?url=lps.ufrj.br/*&output=json&filter=statuscode:200&filter=mimetype:text/html&fl=timestamp,original,statuscode,digest&collapse=urlkey&limit=10000",2002-07-25T00:45:27Z,archive-cdx,LPS web maintainers,und,historical-archive-only,public-record,sha256:0eb87d4c4e4c6bad0730a5e3d77f34a5de6d3051f5e5012b3fdc41022ec794d7,301,2002-07-25,Wayback CDX capture 2002-07-25; archive is not current truth; CDX digest=QYGHSWYCZKJKBEPHSDCHWLNGCPYG7ZMC
url-0244,https://www.lps.ufrj.br/researcher.php?lang=en,https://www.lps.ufrj.br/researcher.php?lang=en,"https://web.archive.org/cdx/search/cdx?url=lps.ufrj.br/*&output=json&filter=statuscode:200&filter=mimetype:text/html&fl=timestamp,original,statuscode,digest&collapse=urlkey&limit=10000",2011-07-06T16:27:05Z,archive-cdx,LPS web maintainers,und,historical-archive-only,public-record,sha256:5d1446633087ed470b6d8e90ca8aae93c9c8b85f02be74a8f5e12d819cbf7052,301,2011-07-06,Wayback CDX capture 2011-07-06; archive is not current truth; CDX digest=CI6C773LUARWOFULDJIVQ4BTHEKQUVSJ
url-0245,https://www.lps.ufrj.br/researcher.php?lang=pt,https://www.lps.ufrj.br/researcher.php?lang=pt,"https://web.archive.org/cdx/search/cdx?url=lps.ufrj.br/*&output=json&filter=statuscode:200&filter=mimetype:text/html&fl=timestamp,original,statuscode,digest&collapse=urlkey&limit=10000",2012-12-29T13:08:55Z,archive-cdx,LPS web maintainers,und,historical-archive-only,public-record,sha256:1f940f7ab7458902073c533f690139233341e4dc758db817b052ec50a8dd2511,301,2012-12-29,Wayback CDX capture 2012-12-29; archive is not current truth; CDX digest=XC7FCU7JBQGJXMBGD5XLKHYMO3EZBA6M
url-0246,https://www.lps.ufrj.br/resultsSemImput.php?pg=consultorias&lang=en,https://www.lps.ufrj.br/resultsSemImput.php?lang=en&pg=consultorias,"https://web.archive.org/cdx/search/cdx?url=lps.ufrj.br/*&output=json&filter=statuscode:200&filter=mimetype:text/html&fl=timestamp,original,statuscode,digest&collapse=urlkey&limit=10000",2011-07-06T16:27:33Z,archive-cdx,LPS web maintainers,und,historical-archive-only,public-record,sha256:3c965527c82d6ad184ce927cd0dbabd73ef91d732d8bd83cea687b29bce20a9e,301,2011-07-06,Wayback CDX capture 2011-07-06; archive is not current truth; CDX digest=FTZKWKBWQ2MOEYMRH6HHZTFM7ESLIBTQ
url-0247,https://www.lps.ufrj.br/resultsSemImput.php?pg=premios&lang=en,https://www.lps.ufrj.br/resultsSemImput.php?lang=en&pg=premios,"https://web.archive.org/cdx/search/cdx?url=lps.ufrj.br/*&output=json&filter=statuscode:200&filter=mimetype:text/html&fl=timestamp,original,statuscode,digest&collapse=urlkey&limit=10000",2011-07-06T16:24:17Z,archive-cdx,LPS web maintainers,und,historical-archive-only,public-record,sha256:6d2cbcf0eb782bea199a9bf9ff40ed44a7be014690f0d5f7930c4687a72879ae,410,2011-07-06,Wayback CDX capture 2011-07-06; archive is not current truth; CDX digest=JG6AVZNOV63FTNFQ74FBJ5IKT4YEO4RR
url-0248,https://www.lps.ufrj.br/resultsSemImput.php?pg=consultorias&lang=pt,https://www.lps.ufrj.br/resultsSemImput.php?lang=pt&pg=consultorias,"https://web.archive.org/cdx/search/cdx?url=lps.ufrj.br/*&output=json&filter=statuscode:200&filter=mimetype:text/html&fl=timestamp,original,statuscode,digest&collapse=urlkey&limit=10000",2012-12-29T13:07:58Z,archive-cdx,LPS web maintainers,und,historical-archive-only,public-record,sha256:c5034eef3a29c677ddb870eaac13a469fd79f4971982701c06e3f1e7bd88b045,301,2012-12-29,Wayback CDX capture 2012-12-29; archive is not current truth; CDX digest=XGJMIOACHME4CBJCYTWFBGJ3ZXSQH5ID
url-0249,https://www.lps.ufrj.br/resultsSemImput.php?pg=premios&lang=pt,https://www.lps.ufrj.br/resultsSemImput.php?lang=pt&pg=premios,"https://web.archive.org/cdx/search/cdx?url=lps.ufrj.br/*&output=json&filter=statuscode:200&filter=mimetype:text/html&fl=timestamp,original,statuscode,digest&collapse=urlkey&limit=10000",2012-12-29T13:07:43Z,archive-cdx,LPS web maintainers,und,historical-archive-only,public-record,sha256:1e8e222a1945d385f37c9c32c6cece2ce34360d1de89f8dd943392512b58ac8d,410,2012-12-29,Wayback CDX capture 2012-12-29; archive is not current truth; CDX digest=EASM7WDOCEAEOZBL2BLFAEGONRHJOMGS
url-0250,http://www.lps.ufrj.br:80/sawcas2000/index.html,http://www.lps.ufrj.br/sawcas2000/index.html,"https://web.archive.org/cdx/search/cdx?url=lps.ufrj.br/*&output=json&filter=statuscode:200&filter=mimetype:text/html&fl=timestamp,original,statuscode,digest&collapse=urlkey&limit=10000",2001-04-09T16:17:44Z,archive-cdx,LPS web maintainers,und,historical-archive-only,public-record,sha256:88009d98f5e130c8b1299e587a18ca94818eb37dfe58f533c137792e9de2651d,410,2001-04-09,Wayback CDX capture 2001-04-09; archive is not current truth; CDX digest=SQMRCTXZPQPEFVZ6RKWDT442H3KVN4AJ
url-0251,http://www.lps.ufrj.br:80/sawcas2001/index.html,http://www.lps.ufrj.br/sawcas2001/index.html,"https://web.archive.org/cdx/search/cdx?url=lps.ufrj.br/*&output=json&filter=statuscode:200&filter=mimetype:text/html&fl=timestamp,original,statuscode,digest&collapse=urlkey&limit=10000",2002-02-26T20:45:25Z,archive-cdx,LPS web maintainers,und,historical-archive-only,public-record,sha256:e76ae6631e7a4b83cfa7ed913665ddc76c40da13363039c9ea7d6467fdcccaee,410,2002-02-26,Wayback CDX capture 2002-02-26; archive is not current truth; CDX digest=IZ7UWHHKWR67TR56NNUVF34XLO55E7DT
url-0252,https://www.lps.ufrj.br/searchForm.php?lang=en&page=doutorado,https://www.lps.ufrj.br/searchForm.php?lang=en&page=doutorado,"https://web.archive.org/cdx/search/cdx?url=lps.ufrj.br/*&output=json&filter=statuscode:200&filter=mimetype:text/html&fl=timestamp,original,statuscode,digest&collapse=urlkey&limit=10000",2011-07-06T16:24:38Z,archive-cdx,LPS web maintainers,und,historical-archive-only,public-record,sha256:be4a6ac0267ecf0478378fc323a9647e90ef0115521e09ad4be377a7041fbf3c,410,2011-07-06,Wayback CDX capture 2011-07-06; archive is not current truth; CDX digest=TTH7PBGBYQ4O5EZ57BOHFEEYQND7HCWU
url-0253,https://www.lps.ufrj.br/searchForm.php?lang=en&page=mestrado,https://www.lps.ufrj.br/searchForm.php?lang=en&page=mestrado,"https://web.archive.org/cdx/search/cdx?url=lps.ufrj.br/*&output=json&filter=statuscode:200&filter=mimetype:text/html&fl=timestamp,original,statuscode,digest&collapse=urlkey&limit=10000",2011-07-06T16:26:58Z,archive-cdx,LPS web maintainers,und,historical-archive-only,public-record,sha256:a537592b37a4cfbb3f6e213ea433723d25fe1fbc4798263a8ef7ae294363d36b,410,2011-07-06,Wayback CDX capture 2011-07-06; archive is not current truth; CDX digest=3MI3YAENXLDHIOVYGTEFKQJPZ2SRILZS
url-0254,https://www.lps.ufrj.br/searchForm.php?lang=en&page=projetos_pesquisa,https://www.lps.ufrj.br/searchForm.php?lang=en&page=projetos_pesquisa,"https://web.archive.org/cdx/search/cdx?url=lps.ufrj.br/*&output=json&filter=statuscode:200&filter=mimetype:text/html&fl=timestamp,original,statuscode,digest&collapse=urlkey&limit=10000",2011-07-06T16:24:07Z,archive-cdx,LPS web maintainers,und,historical-archive-only,public-record,sha256:d621d358e577c88241b04fe2ac9e074d1cf82d9c58d47a720377d113b11b5cd6,410,2011-07-06,Wayback CDX capture 2011-07-06; archive is not current truth; CDX digest=R4ERWJRBGSFKD74FUKBVJEIJUZTKDQHT
url-0255,https://www.lps.ufrj.br/searchForm.php?lang=en&page=publicacoes,https://www.lps.ufrj.br/searchForm.php?lang=en&page=publicacoes,"https://web.archive.org/cdx/search/cdx?url=lps.ufrj.br/*&output=json&filter=statuscode:200&filter=mimetype:text/html&fl=timestamp,original,statuscode,digest&collapse=urlkey&limit=10000",2011-07-06T16:25:07Z,archive-cdx,LPS web maintainers,und,historical-archive-only,public-record,sha256:fe81a40f387067538d2df8f12eff500a4f140b673244f2461c5200fa29c7ef6c,410,2011-07-06,Wayback CDX capture 2011-07-06; archive is not current truth; CDX digest=YOIDJMN6BN752NQMGE6ATQQ45GXVK4V4
url-0256,https://www.lps.ufrj.br/searchForm.php?lang=pt&page=doutorado,https://www.lps.ufrj.br/searchForm.php?lang=pt&page=doutorado,"https://web.archive.org/cdx/search/cdx?url=lps.ufrj.br/*&output=json&filter=statuscode:200&filter=mimetype:text/html&fl=timestamp,original,statuscode,digest&collapse=urlkey&limit=10000",2012-12-29T13:12:18Z,archive-cdx,LPS web maintainers,und,historical-archive-only,public-record,sha256:416886c88711cedefa70f24909ad6aa5dfd638def0a2aae081627d9662432618,410,2012-12-29,Wayback CDX capture 2012-12-29; archive is not current truth; CDX digest=HA4EUEBW546YJPKGITTYMLBIFMJIBW2R
url-0257,https://www.lps.ufrj.br/searchForm.php?lang=pt&page=mestrado,https://www.lps.ufrj.br/searchForm.php?lang=pt&page=mestrado,"https://web.archive.org/cdx/search/cdx?url=lps.ufrj.br/*&output=json&filter=statuscode:200&filter=mimetype:text/html&fl=timestamp,original,statuscode,digest&collapse=urlkey&limit=10000",2012-12-29T13:12:34Z,archive-cdx,LPS web maintainers,und,historical-archive-only,public-record,sha256:dfd2636ac239ba916aa3cd98304cbec67a5f3150a48669e8decf55877edb8c4e,410,2012-12-29,Wayback CDX capture 2012-12-29; archive is not current truth; CDX digest=66TUQXOGHBE6SGESNPGYVRZ6Q3F2BHJF
url-0258,https://www.lps.ufrj.br/searchForm.php?lang=pt&page=publicacoes,https://www.lps.ufrj.br/searchForm.php?lang=pt&page=publicacoes,"https://web.archive.org/cdx/search/cdx?url=lps.ufrj.br/*&output=json&filter=statuscode:200&filter=mimetype:text/html&fl=timestamp,original,statuscode,digest&collapse=urlkey&limit=10000",2012-12-29T13:11:57Z,archive-cdx,LPS web maintainers,und,historical-archive-only,public-record,sha256:0836d0c6be48333aa39d896c52f1368c32dad6458e428661fdab208b1ab40f01,410,2012-12-29,Wayback CDX capture 2012-12-29; archive is not current truth; CDX digest=SZ4QB3ERCY6NPBZEG4C2L5NBH5BS273B
url-0259,https://www.lps.ufrj.br/searchForm.php?lang=pt&pg=projetos_pesquisa,https://www.lps.ufrj.br/searchForm.php?lang=pt&pg=projetos_pesquisa,"https://web.archive.org/cdx/search/cdx?url=lps.ufrj.br/*&output=json&filter=statuscode:200&filter=mimetype:text/html&fl=timestamp,original,statuscode,digest&collapse=urlkey&limit=10000",2012-12-29T13:11:28Z,archive-cdx,LPS web maintainers,und,historical-archive-only,public-record,sha256:a600a17c1d6a5136fc6d95b7d5a05ef36ae159b23d1a8b76ea2a4b80ba9b0877,410,2012-12-29,Wayback CDX capture 2012-12-29; archive is not current truth; CDX digest=PQICREV4CQR5JH7AECQ5HPZPYS2JVWJW
url-0260,https://www.lps.ufrj.br/sobre/,https://www.lps.ufrj.br/sobre,"https://web.archive.org/cdx/search/cdx?url=lps.ufrj.br/*&output=json&filter=statuscode:200&filter=mimetype:text/html&fl=timestamp,original,statuscode,digest&collapse=urlkey&limit=10000",2021-06-19T09:49:56Z,archive-cdx,LPS web maintainers,und,historical-archive-only,public-record,sha256:0f2bf2c1211177e69b06f39d968a86c0ac42c0f2527b0091046409e14fcac3b6,410,2021-06-19,Wayback CDX capture 2021-06-19; archive is not current truth; CDX digest=H3MPKT3KHWM7CIXGYBB7VDT7XXDGEZTC
url-0261,https://www.lps.ufrj.br/staff/,https://www.lps.ufrj.br/staff,"https://web.archive.org/cdx/search/cdx?url=lps.ufrj.br/*&output=json&filter=statuscode:200&filter=mimetype:text/html&fl=timestamp,original,statuscode,digest&collapse=urlkey&limit=10000",2021-06-19T09:09:54Z,archive-cdx,LPS web maintainers,und,historical-archive-only,public-record,sha256:3fb53e99b60a15f1792135464f0a87d70c30e4b32373c2934ea844b370cf83ea,301,2021-06-19,Wayback CDX capture 2021-06-19; archive is not current truth; CDX digest=GEJDS4N4NQXXQGHGUYMWH3EZSZ7BKXSC
url-0262,http://www.lps.ufrj.br:80/staff.html,http://www.lps.ufrj.br/staff.html,"https://web.archive.org/cdx/search/cdx?url=lps.ufrj.br/*&output=json&filter=statuscode:200&filter=mimetype:text/html&fl=timestamp,original,statuscode,digest&collapse=urlkey&limit=10000",2003-04-15T07:22:29Z,archive-cdx,LPS web maintainers,und,historical-archive-only,public-record,sha256:7cf5b5a75d8860421bb24756d3bfdda9de2c74e0f871c6774c711c4b95135e99,301,2003-04-15,Wayback CDX capture 2003-04-15; archive is not current truth; CDX digest=P5VAJFTXO7ZN5QWBXKEXEIG4GZMZM7QM
url-0263,https://www.lps.ufrj.br/staff.php?lang=en,https://www.lps.ufrj.br/staff.php?lang=en,"https://web.archive.org/cdx/search/cdx?url=lps.ufrj.br/*&output=json&filter=statuscode:200&filter=mimetype:text/html&fl=timestamp,original,statuscode,digest&collapse=urlkey&limit=10000",2011-07-06T16:23:41Z,archive-cdx,LPS web maintainers,und,historical-archive-only,public-record,sha256:10aaec217a033c49e6583837c5ec1eeb770d341f118af98537e78abac0a4c9f5,301,2011-07-06,Wayback CDX capture 2011-07-06; archive is not current truth; CDX digest=34TWQD42C5LKVWZZCAWS5OMVX4HKVQDZ
url-0264,https://www.lps.ufrj.br/staff.php?lang=pt,https://www.lps.ufrj.br/staff.php?lang=pt,"https://web.archive.org/cdx/search/cdx?url=lps.ufrj.br/*&output=json&filter=statuscode:200&filter=mimetype:text/html&fl=timestamp,original,statuscode,digest&collapse=urlkey&limit=10000",2012-12-29T13:09:26Z,archive-cdx,LPS web maintainers,und,historical-archive-only,public-record,sha256:3455cc7c4c69cebad71d1680436f7cf5e00f929b2be55882b9755022aad0044c,301,2012-12-29,Wayback CDX capture 2012-12-29; archive is not current truth; CDX digest=VGQLSYDGB6WIBQ6V7DOLZEC46LQF7NMT
url-0265,http://www.lps.ufrj.br:80/students.html,http://www.lps.ufrj.br/students.html,"https://web.archive.org/cdx/search/cdx?url=lps.ufrj.br/*&output=json&filter=statuscode:200&filter=mimetype:text/html&fl=timestamp,original,statuscode,digest&collapse=urlkey&limit=10000",2001-04-09T16:25:26Z,archive-cdx,LPS web maintainers,und,historical-archive-only,public-record,sha256:724d3c6d0b85b28911db9c834828eb57f18136b9bbc0e0c7b6521e4fd59aebbe,410,2001-04-09,Wayback CDX capture 2001-04-09; archive is not current truth; CDX digest=3MWQSBGPNZTLIGWSWRDPLFJPFMNRSFMR
url-0266,https://www.lps.ufrj.br/students.php?lang=en,https://www.lps.ufrj.br/students.php?lang=en,"https://web.archive.org/cdx/search/cdx?url=lps.ufrj.br/*&output=json&filter=statuscode:200&filter=mimetype:text/html&fl=timestamp,original,statuscode,digest&collapse=urlkey&limit=10000",2011-07-06T16:27:48Z,archive-cdx,LPS web maintainers,und,historical-archive-only,public-record,sha256:75173b59ec31d3fa19a918fc83ffc2dfe997b009dd96342da1e1743539dbbeac,410,2011-07-06,Wayback CDX capture 2011-07-06; archive is not current truth; CDX digest=RNFJ2ACKK4A72WFNQHUE6ESHEA36NJK7
url-0267,https://www.lps.ufrj.br/students.php?lang=pt,https://www.lps.ufrj.br/students.php?lang=pt,"https://web.archive.org/cdx/search/cdx?url=lps.ufrj.br/*&output=json&filter=statuscode:200&filter=mimetype:text/html&fl=timestamp,original,statuscode,digest&collapse=urlkey&limit=10000",2012-12-29T13:09:32Z,archive-cdx,LPS web maintainers,und,historical-archive-only,public-record,sha256:1e168b17a371e9f32a447e83a870d9d026fdbbc84bfccd6545f255d26ab9205c,410,2012-12-29,Wayback CDX capture 2012-12-29; archive is not current truth; CDX digest=UOMS4LIQG4J2CQH2A55O7A2MQBSXXAOE
url-0268,http://www.lps.ufrj.br:80/telecom/,http://www.lps.ufrj.br/telecom,"https://web.archive.org/cdx/search/cdx?url=lps.ufrj.br/*&output=json&filter=statuscode:200&filter=mimetype:text/html&fl=timestamp,original,statuscode,digest&collapse=urlkey&limit=10000",2007-08-30T20:21:48Z,archive-cdx,LPS web maintainers,und,historical-archive-only,public-record,sha256:6886809cfe160454bfdd47f2ad497933dd3b6c9ced4edac85f0a045b7b1cf8e2,410,2007-08-30,Wayback CDX capture 2007-08-30; archive is not current truth; CDX digest=5RKIACQGVOSDBA6B4V7EUDSDXK3BVY3K
url-0269,http://www.lps.ufrj.br:80/telecom.html,http://www.lps.ufrj.br/telecom.html,"https://web.archive.org/cdx/search/cdx?url=lps.ufrj.br/*&output=json&filter=statuscode:200&filter=mimetype:text/html&fl=timestamp,original,statuscode,digest&collapse=urlkey&limit=10000",2000-10-31T03:48:17Z,archive-cdx,LPS web maintainers,und,historical-archive-only,public-record,sha256:686de37ae676426752ac701c5e3382282babe8a1ef8894626b9e4661cd6add0a,410,2000-10-31,Wayback CDX capture 2000-10-31; archive is not current truth; CDX digest=PBE7A6CW5EZHA7ZCLBMWQKXXIGVBNG23
url-0270,http://www.lps.ufrj.br:80/telecom/calendario.html,http://www.lps.ufrj.br/telecom/calendario.html,"https://web.archive.org/cdx/search/cdx?url=lps.ufrj.br/*&output=json&filter=statuscode:200&filter=mimetype:text/html&fl=timestamp,original,statuscode,digest&collapse=urlkey&limit=10000",2007-10-14T00:47:22Z,archive-cdx,LPS web maintainers,und,historical-archive-only,public-record,sha256:025b9e18cafcf6391599c3687c929e88595aa6d63517751b57c89c7fe4d16132,410,2007-10-14,Wayback CDX capture 2007-10-14; archive is not current truth; CDX digest=O5E2XPP4DA3ASBTYFXK3CEYCGY7MDXKJ
url-0271,http://www.lps.ufrj.br:80/telecom/contatos.html,http://www.lps.ufrj.br/telecom/contatos.html,"https://web.archive.org/cdx/search/cdx?url=lps.ufrj.br/*&output=json&filter=statuscode:200&filter=mimetype:text/html&fl=timestamp,original,statuscode,digest&collapse=urlkey&limit=10000",2007-10-14T00:47:27Z,archive-cdx,LPS web maintainers,und,historical-archive-only,public-record,sha256:a8f73b287e788a6ad34edcac6695a8c11785ace6bce0458987ebee26c9c78a83,410,2007-10-14,Wayback CDX capture 2007-10-14; archive is not current truth; CDX digest=BNEDHJCYMCII2BYFIH3AAVIZAQWNXKN6
url-0272,http://www.lps.ufrj.br:80/telecom/conteudo.html,http://www.lps.ufrj.br/telecom/conteudo.html,"https://web.archive.org/cdx/search/cdx?url=lps.ufrj.br/*&output=json&filter=statuscode:200&filter=mimetype:text/html&fl=timestamp,original,statuscode,digest&collapse=urlkey&limit=10000",2007-10-14T00:47:32Z,archive-cdx,LPS web maintainers,und,historical-archive-only,public-record,sha256:0a1f734ad21710af6ea1332674abe3d1814b989a98a4a8a9ef04dd647bcd4450,410,2007-10-14,Wayback CDX capture 2007-10-14; archive is not current truth; CDX digest=4NA53QBJETCZNJSSDFLQJ72JJHI6FHLM
url-0273,http://www.lps.ufrj.br/telecom/index.html,http://www.lps.ufrj.br/telecom/index.html,"https://web.archive.org/cdx/search/cdx?url=lps.ufrj.br/*&output=json&filter=statuscode:200&filter=mimetype:text/html&fl=timestamp,original,statuscode,digest&collapse=urlkey&limit=10000",2007-07-10T09:29:15Z,archive-cdx,LPS web maintainers,und,historical-archive-only,public-record,sha256:55d5352407b619aa9c5d1c479d8d97cbcdc64619f28f369a0099fd2a5b26a0c2,410,2007-07-10,Wayback CDX capture 2007-07-10; archive is not current truth; CDX digest=5RKIACQGVOSDBA6B4V7EUDSDXK3BVY3K
url-0274,http://www.lps.ufrj.br:80/telecom/programa.html,http://www.lps.ufrj.br/telecom/programa.html,"https://web.archive.org/cdx/search/cdx?url=lps.ufrj.br/*&output=json&filter=statuscode:200&filter=mimetype:text/html&fl=timestamp,original,statuscode,digest&collapse=urlkey&limit=10000",2007-10-14T00:47:43Z,archive-cdx,LPS web maintainers,und,historical-archive-only,public-record,sha256:046f5d90ffd4ef3f4b72c40483694b90ec8142a6f7a3df6ce669597b90de72a9,410,2007-10-14,Wayback CDX capture 2007-10-14; archive is not current truth; CDX digest=KYMZFHR67YUMPRFXXLVEC2UHF7GKUOA3
url-0275,http://www.lps.ufrj.br:80/telecom/promocoes.html,http://www.lps.ufrj.br/telecom/promocoes.html,"https://web.archive.org/cdx/search/cdx?url=lps.ufrj.br/*&output=json&filter=statuscode:200&filter=mimetype:text/html&fl=timestamp,original,statuscode,digest&collapse=urlkey&limit=10000",2007-10-14T00:47:48Z,archive-cdx,LPS web maintainers,und,historical-archive-only,public-record,sha256:15b9ea79abb0c3531ec8c71683aff96d634f055a9e2ea77aba06bca376a5b982,410,2007-10-14,Wayback CDX capture 2007-10-14; archive is not current truth; CDX digest=MVTPPTVOSK2TURU7V3IQPXU244QMDFEV
url-0276,http://www.lps.ufrj.br:80/teses/d/d_theses_1997.html,http://www.lps.ufrj.br/teses/d/d_theses_1997.html,"https://web.archive.org/cdx/search/cdx?url=lps.ufrj.br/*&output=json&filter=statuscode:200&filter=mimetype:text/html&fl=timestamp,original,statuscode,digest&collapse=urlkey&limit=10000",2006-07-18T09:56:23Z,archive-cdx,LPS web maintainers,und,historical-archive-only,public-record,sha256:7462b3e0c887f86500b5d6ece53fafdf71a74c2d269338facea5935fe5e12429,410,2006-07-18,Wayback CDX capture 2006-07-18; archive is not current truth; CDX digest=HPBWL2CTXN36FYE2WQPSLA2ATV5VREVU
url-0277,http://www.lps.ufrj.br:80/teses/d/d_theses_1998.html,http://www.lps.ufrj.br/teses/d/d_theses_1998.html,"https://web.archive.org/cdx/search/cdx?url=lps.ufrj.br/*&output=json&filter=statuscode:200&filter=mimetype:text/html&fl=timestamp,original,statuscode,digest&collapse=urlkey&limit=10000",2006-07-18T09:56:36Z,archive-cdx,LPS web maintainers,und,historical-archive-only,public-record,sha256:41c13d6a3eee192c848e43d105f7845164af018936bee3c7e4c221a87066d77f,410,2006-07-18,Wayback CDX capture 2006-07-18; archive is not current truth; CDX digest=AMUIE2SWWXY6LNBHE5MBSSXYUL75VIP7
url-0278,http://www.lps.ufrj.br:80/teses/d/d_theses_1999.html,http://www.lps.ufrj.br/teses/d/d_theses_1999.html,"https://web.archive.org/cdx/search/cdx?url=lps.ufrj.br/*&output=json&filter=statuscode:200&filter=mimetype:text/html&fl=timestamp,original,statuscode,digest&collapse=urlkey&limit=10000",2006-07-18T09:56:47Z,archive-cdx,LPS web maintainers,und,historical-archive-only,public-record,sha256:27806341d5c8f7952fe35d2a9de85953c7d7a4ac8d2d4237a8941e6176c29711,410,2006-07-18,Wayback CDX capture 2006-07-18; archive is not current truth; CDX digest=O2VTNRVFJAMLPZA6GXSBRSV67LOLXWVG
url-0279,http://www.lps.ufrj.br:80/teses/d/d_theses_2000.html,http://www.lps.ufrj.br/teses/d/d_theses_2000.html,"https://web.archive.org/cdx/search/cdx?url=lps.ufrj.br/*&output=json&filter=statuscode:200&filter=mimetype:text/html&fl=timestamp,original,statuscode,digest&collapse=urlkey&limit=10000",2006-07-18T09:57:00Z,archive-cdx,LPS web maintainers,und,historical-archive-only,public-record,sha256:257e4e6ee0e8357b0bccce556a52daf3fc7347cf160509a7acb0bdd538b544e2,410,2006-07-18,Wayback CDX capture 2006-07-18; archive is not current truth; CDX digest=T6QN67LQM4ALMN5VFQKI73G6QD44KEJZ
url-0280,http://www.lps.ufrj.br:80/teses/d/d_theses_2001.html,http://www.lps.ufrj.br/teses/d/d_theses_2001.html,"https://web.archive.org/cdx/search/cdx?url=lps.ufrj.br/*&output=json&filter=statuscode:200&filter=mimetype:text/html&fl=timestamp,original,statuscode,digest&collapse=urlkey&limit=10000",2006-07-18T09:57:11Z,archive-cdx,LPS web maintainers,und,historical-archive-only,public-record,sha256:e29c1864f0d2c9cbdea5432af5b86e25a6f4bbbd2dc20aafb8fede198ab9bd05,410,2006-07-18,Wayback CDX capture 2006-07-18; archive is not current truth; CDX digest=GA26MU4FZR3WRGOCVEJV3JURX6UPAEC6
url-0281,http://www.lps.ufrj.br:80/teses/d/d_theses_2002.html,http://www.lps.ufrj.br/teses/d/d_theses_2002.html,"https://web.archive.org/cdx/search/cdx?url=lps.ufrj.br/*&output=json&filter=statuscode:200&filter=mimetype:text/html&fl=timestamp,original,statuscode,digest&collapse=urlkey&limit=10000",2006-07-18T09:57:24Z,archive-cdx,LPS web maintainers,und,historical-archive-only,public-record,sha256:2aef66069b2af9e4a6be0dcc1d019863a66598f07cfe965c3de2f1dd5dda33ae,410,2006-07-18,Wayback CDX capture 2006-07-18; archive is not current truth; CDX digest=VWXHPKANMD4MTLXQ77FPMRUYCLMWHLGD
url-0282,http://www.lps.ufrj.br:80/teses/d/d_theses_2003.html,http://www.lps.ufrj.br/teses/d/d_theses_2003.html,"https://web.archive.org/cdx/search/cdx?url=lps.ufrj.br/*&output=json&filter=statuscode:200&filter=mimetype:text/html&fl=timestamp,original,statuscode,digest&collapse=urlkey&limit=10000",2006-07-18T09:55:44Z,archive-cdx,LPS web maintainers,und,historical-archive-only,public-record,sha256:b362be3ebb3d41ad413ee2cde6b8c2cb0764e425ac1d8aab4d5f906bb48917c9,410,2006-07-18,Wayback CDX capture 2006-07-18; archive is not current truth; CDX digest=EABBJDDRV5BQGCE2HCGDGR77J7BQ64JD
url-0283,http://www.lps.ufrj.br:80/teses/d/d_theses_2004.html,http://www.lps.ufrj.br/teses/d/d_theses_2004.html,"https://web.archive.org/cdx/search/cdx?url=lps.ufrj.br/*&output=json&filter=statuscode:200&filter=mimetype:text/html&fl=timestamp,original,statuscode,digest&collapse=urlkey&limit=10000",2006-07-18T09:57:40Z,archive-cdx,LPS web maintainers,und,historical-archive-only,public-record,sha256:c6dcba56cb3c96fa3cd1e4503b6484bcc4272cbfd84f97c6080669aa500e0dd7,410,2006-07-18,Wayback CDX capture 2006-07-18; archive is not current truth; CDX digest=XCRZXBPNJURB6GU47OG4TBD5JT5OIKWQ
url-0284,http://www.lps.ufrj.br:80/teses/d/d_theses_2005.html,http://www.lps.ufrj.br/teses/d/d_theses_2005.html,"https://web.archive.org/cdx/search/cdx?url=lps.ufrj.br/*&output=json&filter=statuscode:200&filter=mimetype:text/html&fl=timestamp,original,statuscode,digest&collapse=urlkey&limit=10000",2006-07-18T09:57:52Z,archive-cdx,LPS web maintainers,und,historical-archive-only,public-record,sha256:bfcf9cee2ca3abba4c7ffed3d3ea99a0d5b7e2d5d7e8f470c6be0e1c7d1b8fb8,410,2006-07-18,Wayback CDX capture 2006-07-18; archive is not current truth; CDX digest=YD52Z56CHG5AU56WR5ZLWARTMUKMIN7Z
url-0285,http://www.lps.ufrj.br:80/teses/d/d_theses_2006.html,http://www.lps.ufrj.br/teses/d/d_theses_2006.html,"https://web.archive.org/cdx/search/cdx?url=lps.ufrj.br/*&output=json&filter=statuscode:200&filter=mimetype:text/html&fl=timestamp,original,statuscode,digest&collapse=urlkey&limit=10000",2006-07-18T09:58:11Z,archive-cdx,LPS web maintainers,und,historical-archive-only,public-record,sha256:22c9f4768a3127de3549982b6d58da6c433e0a7e7a5c718626443764ca046250,410,2006-07-18,Wayback CDX capture 2006-07-18; archive is not current truth; CDX digest=Z23BGMWQ2FQGPYU7H4EFIHWOQWT2RNOZ
url-0286,http://www.lps.ufrj.br:80/teses/d_theses.html,http://www.lps.ufrj.br/teses/d_theses.html,"https://web.archive.org/cdx/search/cdx?url=lps.ufrj.br/*&output=json&filter=statuscode:200&filter=mimetype:text/html&fl=timestamp,original,statuscode,digest&collapse=urlkey&limit=10000",2006-07-16T02:15:41Z,archive-cdx,LPS web maintainers,und,historical-archive-only,public-record,sha256:6b318c33a78b10c1832d114c74ca58cd0f21ce08e17c94173f7307de68848913,410,2006-07-16,Wayback CDX capture 2006-07-16; archive is not current truth; CDX digest=J2LS36GKCACZSDCJJBDML2TG3YXVRLUG
url-0287,http://www.lps.ufrj.br:80/teses/m/m_theses_1996.html,http://www.lps.ufrj.br/teses/m/m_theses_1996.html,"https://web.archive.org/cdx/search/cdx?url=lps.ufrj.br/*&output=json&filter=statuscode:200&filter=mimetype:text/html&fl=timestamp,original,statuscode,digest&collapse=urlkey&limit=10000",2006-07-18T09:55:56Z,archive-cdx,LPS web maintainers,und,historical-archive-only,public-record,sha256:3ad3a5eb3f1e524e6ee999ca24f39686f81aafe418c025fc6cfc9e6c995edad7,410,2006-07-18,Wayback CDX capture 2006-07-18; archive is not current truth; CDX digest=ZPUXNK3H6GB5C7NOXXWPKVY2TFMJOMRJ
url-0288,http://www.lps.ufrj.br:80/teses/m/m_theses_1997.html,http://www.lps.ufrj.br/teses/m/m_theses_1997.html,"https://web.archive.org/cdx/search/cdx?url=lps.ufrj.br/*&output=json&filter=statuscode:200&filter=mimetype:text/html&fl=timestamp,original,statuscode,digest&collapse=urlkey&limit=10000",2006-07-18T09:55:29Z,archive-cdx,LPS web maintainers,und,historical-archive-only,public-record,sha256:22db17229f2d346867a7eb6373377c55f32d14947a418fd42a89393ad73dd947,410,2006-07-18,Wayback CDX capture 2006-07-18; archive is not current truth; CDX digest=IDBCHUVIBF5MB4T6S4DZPEJOOQL6N3WM
url-0289,http://www.lps.ufrj.br:80/teses/m/m_theses_1998.html,http://www.lps.ufrj.br/teses/m/m_theses_1998.html,"https://web.archive.org/cdx/search/cdx?url=lps.ufrj.br/*&output=json&filter=statuscode:200&filter=mimetype:text/html&fl=timestamp,original,statuscode,digest&collapse=urlkey&limit=10000",2006-07-18T09:54:33Z,archive-cdx,LPS web maintainers,und,historical-archive-only,public-record,sha256:c2fe291cdd5a8e02c977dd246144797f53adf0fcc4fe0c4d14a2c04032b9bfca,410,2006-07-18,Wayback CDX capture 2006-07-18; archive is not current truth; CDX digest=4SOQA3K72HDAFU56VEWZHJHYKWFYHXMI
url-0290,http://www.lps.ufrj.br:80/teses/m/m_theses_1999.html,http://www.lps.ufrj.br/teses/m/m_theses_1999.html,"https://web.archive.org/cdx/search/cdx?url=lps.ufrj.br/*&output=json&filter=statuscode:200&filter=mimetype:text/html&fl=timestamp,original,statuscode,digest&collapse=urlkey&limit=10000",2006-07-18T09:58:23Z,archive-cdx,LPS web maintainers,und,historical-archive-only,public-record,sha256:b886dda6d80d73e5f54305ce5ad0c2a25f18c0d422929e34001e186391d1eca5,410,2006-07-18,Wayback CDX capture 2006-07-18; archive is not current truth; CDX digest=L7IQHHZ6ZQTU4KP5ZEF4OBXKRU5WCGRJ
url-0291,http://www.lps.ufrj.br:80/teses/m/m_theses_2000.html,http://www.lps.ufrj.br/teses/m/m_theses_2000.html,"https://web.archive.org/cdx/search/cdx?url=lps.ufrj.br/*&output=json&filter=statuscode:200&filter=mimetype:text/html&fl=timestamp,original,statuscode,digest&collapse=urlkey&limit=10000",2006-07-18T09:54:45Z,archive-cdx,LPS web maintainers,und,historical-archive-only,public-record,sha256:178047c6ee2d28c3d55555981b5fae6a9087e6534f7c98785f0166b589a852ae,410,2006-07-18,Wayback CDX capture 2006-07-18; archive is not current truth; CDX digest=UXGEEFBLVGGIMDAY7RP7L4ID2TS5JEOD
url-0292,http://www.lps.ufrj.br:80/teses/m/m_theses_2001.html,http://www.lps.ufrj.br/teses/m/m_theses_2001.html,"https://web.archive.org/cdx/search/cdx?url=lps.ufrj.br/*&output=json&filter=statuscode:200&filter=mimetype:text/html&fl=timestamp,original,statuscode,digest&collapse=urlkey&limit=10000",2006-07-18T09:54:59Z,archive-cdx,LPS web maintainers,und,historical-archive-only,public-record,sha256:110eed5c8a629deda5f47eb3a49d4ab9726dbd53f3a8380e4c66b534c624c3ff,410,2006-07-18,Wayback CDX capture 2006-07-18; archive is not current truth; CDX digest=32Y64MXVFP6P34YZKAQS6DWD25B4FI6I
url-0293,http://www.lps.ufrj.br:80/teses/m/m_theses_2002.html,http://www.lps.ufrj.br/teses/m/m_theses_2002.html,"https://web.archive.org/cdx/search/cdx?url=lps.ufrj.br/*&output=json&filter=statuscode:200&filter=mimetype:text/html&fl=timestamp,original,statuscode,digest&collapse=urlkey&limit=10000",2006-07-18T09:56:09Z,archive-cdx,LPS web maintainers,und,historical-archive-only,public-record,sha256:9bab1542fcebe1b06316e3c6f7c16e88c693b7acb21be68d63a9c4c5c840cc70,410,2006-07-18,Wayback CDX capture 2006-07-18; archive is not current truth; CDX digest=TNGJAH2QGYULRPIJTQDUFUU5PUWJS6AW
url-0294,http://www.lps.ufrj.br:80/teses/m/m_theses_2003.html,http://www.lps.ufrj.br/teses/m/m_theses_2003.html,"https://web.archive.org/cdx/search/cdx?url=lps.ufrj.br/*&output=json&filter=statuscode:200&filter=mimetype:text/html&fl=timestamp,original,statuscode,digest&collapse=urlkey&limit=10000",2006-07-18T09:58:35Z,archive-cdx,LPS web maintainers,und,historical-archive-only,public-record,sha256:57352474ae00a83e0b419e93a5ba395ed3e85f668671ce2dc2c20af6fc893c87,410,2006-07-18,Wayback CDX capture 2006-07-18; archive is not current truth; CDX digest=O4ZUK266KC2S5SXBIC2VG4RXZOEHHDXY
url-0295,http://www.lps.ufrj.br:80/teses/m/m_theses_2004.html,http://www.lps.ufrj.br/teses/m/m_theses_2004.html,"https://web.archive.org/cdx/search/cdx?url=lps.ufrj.br/*&output=json&filter=statuscode:200&filter=mimetype:text/html&fl=timestamp,original,statuscode,digest&collapse=urlkey&limit=10000",2006-07-18T09:58:49Z,archive-cdx,LPS web maintainers,und,historical-archive-only,public-record,sha256:3116013c1726c1ad857b45c125e59eb7f28a885e6478f405441c32ded46070f9,410,2006-07-18,Wayback CDX capture 2006-07-18; archive is not current truth; CDX digest=OEU35UGFDH2YFJBKLSBR7SL4K6OGQ3L3
url-0296,http://www.lps.ufrj.br:80/teses/m/m_theses_2005.html,http://www.lps.ufrj.br/teses/m/m_theses_2005.html,"https://web.archive.org/cdx/search/cdx?url=lps.ufrj.br/*&output=json&filter=statuscode:200&filter=mimetype:text/html&fl=timestamp,original,statuscode,digest&collapse=urlkey&limit=10000",2006-07-18T09:53:18Z,archive-cdx,LPS web maintainers,und,historical-archive-only,public-record,sha256:d397daa52a946fa7f202d24b2b83f0db79a755fbd76e587549384c96f2e2eb44,410,2006-07-18,Wayback CDX capture 2006-07-18; archive is not current truth; CDX digest=AO5QUYU3JOJRXU7YNKTBQOZSWOYFPUBV
url-0297,http://www.lps.ufrj.br:80/teses/m/m_theses_2006.html,http://www.lps.ufrj.br/teses/m/m_theses_2006.html,"https://web.archive.org/cdx/search/cdx?url=lps.ufrj.br/*&output=json&filter=statuscode:200&filter=mimetype:text/html&fl=timestamp,original,statuscode,digest&collapse=urlkey&limit=10000",2006-07-18T09:55:10Z,archive-cdx,LPS web maintainers,und,historical-archive-only,public-record,sha256:399a21bf4971f0c782b9d7ba3736b44e3a58921bcfd4173b33058dccaf1497be,410,2006-07-18,Wayback CDX capture 2006-07-18; archive is not current truth; CDX digest=HFO4B23AVHD22OY2QXZLZBPX7CQK4NQB
url-0298,http://www.lps.ufrj.br:80/teses/m_theses.html,http://www.lps.ufrj.br/teses/m_theses.html,"https://web.archive.org/cdx/search/cdx?url=lps.ufrj.br/*&output=json&filter=statuscode:200&filter=mimetype:text/html&fl=timestamp,original,statuscode,digest&collapse=urlkey&limit=10000",2006-08-27T01:08:02Z,archive-cdx,LPS web maintainers,und,historical-archive-only,public-record,sha256:a1fe532e7732d658d218f25978eea76e359a5defbd3a00e737650312e8dc451b,410,2006-08-27,Wayback CDX capture 2006-08-27; archive is not current truth; CDX digest=MOXENPJLVPXUW2EUK7FT7FYJX5QRV4CB
url-0299,http://www.lps.ufrj.br:80/theses/d_theses.htm,http://www.lps.ufrj.br/theses/d_theses.htm,"https://web.archive.org/cdx/search/cdx?url=lps.ufrj.br/*&output=json&filter=statuscode:200&filter=mimetype:text/html&fl=timestamp,original,statuscode,digest&collapse=urlkey&limit=10000",2001-04-27T13:50:14Z,archive-cdx,LPS web maintainers,und,historical-archive-only,public-record,sha256:31a0f8b82ec81d1347d5d9186d0834105e1b694b20034ae48b3dd60e7f49bffc,410,2001-04-27,Wayback CDX capture 2001-04-27; archive is not current truth; CDX digest=ZQEJH3DRSANAGD2BJXLHVJKQC6U5HIL5
url-0300,http://www.lps.ufrj.br:80/theses/m_theses.htm,http://www.lps.ufrj.br/theses/m_theses.htm,"https://web.archive.org/cdx/search/cdx?url=lps.ufrj.br/*&output=json&filter=statuscode:200&filter=mimetype:text/html&fl=timestamp,original,statuscode,digest&collapse=urlkey&limit=10000",2001-04-27T13:59:32Z,archive-cdx,LPS web maintainers,und,historical-archive-only,public-record,sha256:937ba785620d59bd0871085f28e55313f814027470df3f75e156e5452797474a,410,2001-04-27,Wayback CDX capture 2001-04-27; archive is not current truth; CDX digest=7JOV6DOWD75RHGVQACEHYJWHVIJ25ELO
url-0301,http://www.lps.ufrj.br:80/theses/theses.html,http://www.lps.ufrj.br/theses/theses.html,"https://web.archive.org/cdx/search/cdx?url=lps.ufrj.br/*&output=json&filter=statuscode:200&filter=mimetype:text/html&fl=timestamp,original,statuscode,digest&collapse=urlkey&limit=10000",2002-03-07T07:49:42Z,archive-cdx,LPS web maintainers,und,historical-archive-only,public-record,sha256:4a0e07b32274a3368bf7a6a7a9a5beb517cb73d552af4182d8501f38cf4cb72e,410,2002-03-07,Wayback CDX capture 2002-03-07; archive is not current truth; CDX digest=DCLYDVKUVMQBIDLOH7POJMUKZKB4IWTU
url-0302,http://lps.ufrj.br:80/topo.html,http://lps.ufrj.br/topo.html,"https://web.archive.org/cdx/search/cdx?url=lps.ufrj.br/*&output=json&filter=statuscode:200&filter=mimetype:text/html&fl=timestamp,original,statuscode,digest&collapse=urlkey&limit=10000",2001-02-10T22:57:14Z,archive-cdx,LPS web maintainers,und,historical-archive-only,public-record,sha256:42b6900479cdd97a2395db7507232ceb83fc702ba6150e45434840607337ea9c,410,2001-02-10,Wayback CDX capture 2001-02-10; archive is not current truth; CDX digest=6YJCQSJ2FPVINU7UTRM5UVPMU464IYFQ
url-0303,http://www.lps.ufrj.br:80/tvdigital_en.php?lang=en,http://www.lps.ufrj.br/tvdigital_en.php?lang=en,"https://web.archive.org/cdx/search/cdx?url=lps.ufrj.br/*&output=json&filter=statuscode:200&filter=mimetype:text/html&fl=timestamp,original,statuscode,digest&collapse=urlkey&limit=10000",2010-03-28T16:00:56Z,archive-cdx,LPS web maintainers,und,historical-archive-only,public-record,sha256:d483498758b3daa010c414eada02f6a65984ecbced657949a556cd27ae0d3be4,410,2010-03-28,Wayback CDX capture 2010-03-28; archive is not current truth; CDX digest=P6CBYMS3HLOH56XRCCJRFK6WOZBHXWSB
url-0304,http://www.lps.ufrj.br:80/tvdigital_pt.php?,http://www.lps.ufrj.br/tvdigital_pt.php,"https://web.archive.org/cdx/search/cdx?url=lps.ufrj.br/*&output=json&filter=statuscode:200&filter=mimetype:text/html&fl=timestamp,original,statuscode,digest&collapse=urlkey&limit=10000",2009-10-15T02:29:45Z,archive-cdx,LPS web maintainers,und,historical-archive-only,public-record,sha256:c91948b903b0cd1b5c3c5c5df8e8ffeebf7f213daac0e54d4c716dcd00d0a9c3,410,2009-10-15,Wayback CDX capture 2009-10-15; archive is not current truth; CDX digest=2RFCHWKUWERENMMW4NWGSUZKPZLVDX4F
url-0305,http://www.lps.ufrj.br:80/visitors.htm,http://www.lps.ufrj.br/visitors.htm,"https://web.archive.org/cdx/search/cdx?url=lps.ufrj.br/*&output=json&filter=statuscode:200&filter=mimetype:text/html&fl=timestamp,original,statuscode,digest&collapse=urlkey&limit=10000",2001-04-09T19:48:52Z,archive-cdx,LPS web maintainers,und,historical-archive-only,public-record,sha256:c92d4253e3f3aabfae07237d7615e826d948d31946488ec62d00632f7d0d5864,301,2001-04-09,Wayback CDX capture 2001-04-09; archive is not current truth; CDX digest=XCFUF7P6YKN2TIN2DIIJFLRZ2UM7SFLH
url-0306,http://www.lps.ufrj.br:80/visitors.html,http://www.lps.ufrj.br/visitors.html,"https://web.archive.org/cdx/search/cdx?url=lps.ufrj.br/*&output=json&filter=statuscode:200&filter=mimetype:text/html&fl=timestamp,original,statuscode,digest&collapse=urlkey&limit=10000",2002-03-02T02:33:43Z,archive-cdx,LPS web maintainers,und,historical-archive-only,public-record,sha256:21aa407b6a9a9c68c9a7232eb74a331e4a3888460d5d7d612e696c8fbf6b7748,301,2002-03-02,Wayback CDX capture 2002-03-02; archive is not current truth; CDX digest=FJ6EZ4IWKOIH5SN7X4HR2P3NUKJYIWIR
url-0307,https://www.lps.ufrj.br/visitors.php?lang=en,https://www.lps.ufrj.br/visitors.php?lang=en,"https://web.archive.org/cdx/search/cdx?url=lps.ufrj.br/*&output=json&filter=statuscode:200&filter=mimetype:text/html&fl=timestamp,original,statuscode,digest&collapse=urlkey&limit=10000",2011-07-06T16:24:45Z,archive-cdx,LPS web maintainers,und,historical-archive-only,public-record,sha256:eba80bceec3a7620c292d73f27d03f9ba7cf88d0c7ab2b69dd4aba2b35cc0081,301,2011-07-06,Wayback CDX capture 2011-07-06; archive is not current truth; CDX digest=D3MNU7ZZT4OXB7DP6JBDYJSI7XL2CVRT
url-0308,https://www.lps.ufrj.br/visitors.php?lang=pt,https://www.lps.ufrj.br/visitors.php?lang=pt,"https://web.archive.org/cdx/search/cdx?url=lps.ufrj.br/*&output=json&filter=statuscode:200&filter=mimetype:text/html&fl=timestamp,original,statuscode,digest&collapse=urlkey&limit=10000",2012-12-29T13:10:43Z,archive-cdx,LPS web maintainers,und,historical-archive-only,public-record,sha256:2792aa9fb939a28c8b1d547776c21a6ad0f7d5562584aab2c74a0521dc327dd1,301,2012-12-29,Wayback CDX capture 2012-12-29; archive is not current truth; CDX digest=HQJOZDTIHB5FSMNSG5TN6BUOS3YZV4SI
url-0309,http://www.lps.ufrj.br:80/visitors_en.php?,http://www.lps.ufrj.br/visitors_en.php,"https://web.archive.org/cdx/search/cdx?url=lps.ufrj.br/*&output=json&filter=statuscode:200&filter=mimetype:text/html&fl=timestamp,original,statuscode,digest&collapse=urlkey&limit=10000",2009-10-15T02:29:50Z,archive-cdx,LPS web maintainers,und,historical-archive-only,public-record,sha256:1b5fd666f4a07d7c4eb3c073d0c1c7b2ccf55ade01a4dcd2fb61ac2e187256c3,301,2009-10-15,Wayback CDX capture 2009-10-15; archive is not current truth; CDX digest=2RFCHWKUWERENMMW4NWGSUZKPZLVDX4F
url-0310,http://www.lps.ufrj.br:80/~arehj/,http://www.lps.ufrj.br/~arehj,"https://web.archive.org/cdx/search/cdx?url=lps.ufrj.br/*&output=json&filter=statuscode:200&filter=mimetype:text/html&fl=timestamp,original,statuscode,digest&collapse=urlkey&limit=10000",2003-04-15T11:20:33Z,archive-cdx,LPS web maintainers,und,historical-archive-only,public-record,sha256:50c1f8474b7ab722c6a862b9c0d5396abb786df68e533389f882c8b626118aa5,410,2003-04-15,Wayback CDX capture 2003-04-15; archive is not current truth; CDX digest=KA34QO4DJJZU2KYKZIU5SDP3CCCF5W56
url-0311,http://www.lps.ufrj.br:80/~bernardofpc/,http://www.lps.ufrj.br/~bernardofpc,"https://web.archive.org/cdx/search/cdx?url=lps.ufrj.br/*&output=json&filter=statuscode:200&filter=mimetype:text/html&fl=timestamp,original,statuscode,digest&collapse=urlkey&limit=10000",2004-09-03T23:38:40Z,archive-cdx,LPS web maintainers,und,historical-archive-only,public-record,sha256:92a4e13e8b2ae32e142aa2432ec340afa155b46b59a50b28156e7d4fb5d8e906,410,2004-09-03,Wayback CDX capture 2004-09-03; archive is not current truth; CDX digest=PVTF3NHQO2PGTVQMMDRREC7LXMSTIXQ6
url-0312,http://www.lps.ufrj.br:80/~bernardofpc/Quad2.html,http://www.lps.ufrj.br/~bernardofpc/Quad2.html,"https://web.archive.org/cdx/search/cdx?url=lps.ufrj.br/*&output=json&filter=statuscode:200&filter=mimetype:text/html&fl=timestamp,original,statuscode,digest&collapse=urlkey&limit=10000",2005-04-30T12:11:46Z,archive-cdx,LPS web maintainers,und,historical-archive-only,public-record,sha256:d8354eb18e17ce39e85d391bc31a02551bd1fdde06b5062479ce3a2537601ad2,410,2005-04-30,Wayback CDX capture 2005-04-30; archive is not current truth; CDX digest=2MLXW2VH6XSVGSQE5ZHVJ4CSOTG2DPCS
url-0313,http://www.lps.ufrj.br:80/~cado/,http://www.lps.ufrj.br/~cado,"https://web.archive.org/cdx/search/cdx?url=lps.ufrj.br/*&output=json&filter=statuscode:200&filter=mimetype:text/html&fl=timestamp,original,statuscode,digest&collapse=urlkey&limit=10000",2002-05-29T05:15:04Z,archive-cdx,LPS web maintainers,und,historical-archive-only,public-record,sha256:2431f9e584f9df7d3bf4f31037ac827135f4d9a3e915714a439ab41e8d6e0f3d,410,2002-05-29,Wayback CDX capture 2002-05-29; archive is not current truth; CDX digest=RW2ZARPZHF5VLP7ZIF3BF5EV5UKCDFEQ
url-0314,http://www.lps.ufrj.br:80/~cado/cadastro.htm,http://www.lps.ufrj.br/~cado/cadastro.htm,"https://web.archive.org/cdx/search/cdx?url=lps.ufrj.br/*&output=json&filter=statuscode:200&filter=mimetype:text/html&fl=timestamp,original,statuscode,digest&collapse=urlkey&limit=10000",2002-06-01T16:11:10Z,archive-cdx,LPS web maintainers,und,historical-archive-only,public-record,sha256:c06db82719d207e7a18b2ca45c04fdaa72ce6a0ada7e8053fe2e4562df1bee2c,410,2002-06-01,Wayback CDX capture 2002-06-01; archive is not current truth; CDX digest=LZ74IVVPZBEUQTREKZP7ZMRSFAZ7XBC2
url-0315,http://www.lps.ufrj.br:80/~cado/calendario.php3,http://www.lps.ufrj.br/~cado/calendario.php3,"https://web.archive.org/cdx/search/cdx?url=lps.ufrj.br/*&output=json&filter=statuscode:200&filter=mimetype:text/html&fl=timestamp,original,statuscode,digest&collapse=urlkey&limit=10000",2002-08-09T10:37:51Z,archive-cdx,LPS web maintainers,und,historical-archive-only,public-record,sha256:00fac9da26cab1f85c5084f0a7acc6bc2542984efb13267cc7a1d41db327d5c5,410,2002-08-09,Wayback CDX capture 2002-08-09; archive is not current truth; CDX digest=GJJQNBQT3VYJMY3WWBXBZVOQTFMQ3QIP
url-0316,http://www.lps.ufrj.br:80/~cado/desenvol.html,http://www.lps.ufrj.br/~cado/desenvol.html,"https://web.archive.org/cdx/search/cdx?url=lps.ufrj.br/*&output=json&filter=statuscode:200&filter=mimetype:text/html&fl=timestamp,original,statuscode,digest&collapse=urlkey&limit=10000",2002-06-01T16:24:47Z,archive-cdx,LPS web maintainers,und,historical-archive-only,public-record,sha256:0dee257cf52e87c87b3b5fcf813b48ad5a61a8e3bba96ca514a5034b6c6e5e24,410,2002-06-01,Wayback CDX capture 2002-06-01; archive is not current truth; CDX digest=GHV2HSP2A562KYXXSPBFXJRJVOHMNFYJ
url-0317,http://www.lps.ufrj.br:80/~cado/duvidas.htm,http://www.lps.ufrj.br/~cado/duvidas.htm,"https://web.archive.org/cdx/search/cdx?url=lps.ufrj.br/*&output=json&filter=statuscode:200&filter=mimetype:text/html&fl=timestamp,original,statuscode,digest&collapse=urlkey&limit=10000",2002-06-01T16:32:03Z,archive-cdx,LPS web maintainers,und,historical-archive-only,public-record,sha256:3445853264f2198d08c0e4896c92d7b33adbf993d796e5c0e1a3ce48401efeb6,410,2002-06-01,Wayback CDX capture 2002-06-01; archive is not current truth; CDX digest=K3GTTM554AUA3X67J2F72TTYOZJRE3NX
url-0318,http://www.lps.ufrj.br:80/~cado/faq.htm,http://www.lps.ufrj.br/~cado/faq.htm,"https://web.archive.org/cdx/search/cdx?url=lps.ufrj.br/*&output=json&filter=statuscode:200&filter=mimetype:text/html&fl=timestamp,original,statuscode,digest&collapse=urlkey&limit=10000",2002-07-12T20:38:34Z,archive-cdx,LPS web maintainers,und,historical-archive-only,public-record,sha256:19f222d325691a9b16c74e2a1d4d9f085550fa5a5cbcb930f9eb16632bf5fe79,410,2002-07-12,Wayback CDX capture 2002-07-12; archive is not current truth; CDX digest=ASIYP76WIQZM5R45APMXDKZKMUUZ3RY6
url-0319,http://www.lps.ufrj.br:80/~cado/index.htm,http://www.lps.ufrj.br/~cado/index.htm,"https://web.archive.org/cdx/search/cdx?url=lps.ufrj.br/*&output=json&filter=statuscode:200&filter=mimetype:text/html&fl=timestamp,original,statuscode,digest&collapse=urlkey&limit=10000",2002-09-08T14:19:40Z,archive-cdx,LPS web maintainers,und,historical-archive-only,public-record,sha256:bba6c2e658d0bf105b6055304c2ff8406a95804a6375132fa8e0ab1a6b1e8fce,410,2002-09-08,Wayback CDX capture 2002-09-08; archive is not current truth; CDX digest=RW2ZARPZHF5VLP7ZIF3BF5EV5UKCDFEQ
url-0320,http://www.lps.ufrj.br:80/~cado/links.htm,http://www.lps.ufrj.br/~cado/links.htm,"https://web.archive.org/cdx/search/cdx?url=lps.ufrj.br/*&output=json&filter=statuscode:200&filter=mimetype:text/html&fl=timestamp,original,statuscode,digest&collapse=urlkey&limit=10000",2002-08-05T18:39:46Z,archive-cdx,LPS web maintainers,und,historical-archive-only,public-record,sha256:279c53c8b79ce64e9d42a26e56be5d7727309927d70607ceb85fd5db7feead40,410,2002-08-05,Wayback CDX capture 2002-08-05; archive is not current truth; CDX digest=6Z2N7XIEURMG5SYPSWQWPG5RTJO5CILW
url-0321,http://www.lps.ufrj.br:80/~cado/menu.htm,http://www.lps.ufrj.br/~cado/menu.htm,"https://web.archive.org/cdx/search/cdx?url=lps.ufrj.br/*&output=json&filter=statuscode:200&filter=mimetype:text/html&fl=timestamp,original,statuscode,digest&collapse=urlkey&limit=10000",2002-06-01T10:15:43Z,archive-cdx,LPS web maintainers,und,historical-archive-only,public-record,sha256:fcd26aa8b1c4ba361d68759ed9661c487dde0c7c1de5676cbb54c1c891c499c3,410,2002-06-01,Wayback CDX capture 2002-06-01; archive is not current truth; CDX digest=ONOPEMEVTWXAHLEYPOEZ63ZU5MSR4J6V
url-0322,http://www.lps.ufrj.br:80/~cado/metodologia.htm,http://www.lps.ufrj.br/~cado/metodologia.htm,"https://web.archive.org/cdx/search/cdx?url=lps.ufrj.br/*&output=json&filter=statuscode:200&filter=mimetype:text/html&fl=timestamp,original,statuscode,digest&collapse=urlkey&limit=10000",2002-06-11T06:48:35Z,archive-cdx,LPS web maintainers,und,historical-archive-only,public-record,sha256:0ddd4f55546e4965445bfceeab07e3654ca3fe498aae15bebc2eefe7ab977d7e,410,2002-06-11,Wayback CDX capture 2002-06-11; archive is not current truth; CDX digest=2Z4NJXVG4JIMV6KYTRZLWKQEJDITQSL3
url-0323,http://www.lps.ufrj.br:80/~cado/mod_ead.htm,http://www.lps.ufrj.br/~cado/mod_ead.htm,"https://web.archive.org/cdx/search/cdx?url=lps.ufrj.br/*&output=json&filter=statuscode:200&filter=mimetype:text/html&fl=timestamp,original,statuscode,digest&collapse=urlkey&limit=10000",2002-08-05T18:44:52Z,archive-cdx,LPS web maintainers,und,historical-archive-only,public-record,sha256:728b43206b78558b56cd688089fc7829143ab11d9cdd4fa28e74c0f406dbb4c4,410,2002-08-05,Wayback CDX capture 2002-08-05; archive is not current truth; CDX digest=VN5TKSA2LG5BHVBPUWDDX3SW2KAPEPPE
url-0324,http://www.lps.ufrj.br:80/~cado/pann/,http://www.lps.ufrj.br/~cado/pann,"https://web.archive.org/cdx/search/cdx?url=lps.ufrj.br/*&output=json&filter=statuscode:200&filter=mimetype:text/html&fl=timestamp,original,statuscode,digest&collapse=urlkey&limit=10000",2002-08-05T07:36:35Z,archive-cdx,LPS web maintainers,und,historical-archive-only,public-record,sha256:2a5101933dec4dea2ee5a22b8f775557119691940923e321d8bdb06328189c43,410,2002-08-05,Wayback CDX capture 2002-08-05; archive is not current truth; CDX digest=WZ6BMELYGCJ6BF4OEB5QQM2N3THTXISD
url-0325,http://www.lps.ufrj.br:80/~cado/pann/ap_outros.htm,http://www.lps.ufrj.br/~cado/pann/ap_outros.htm,"https://web.archive.org/cdx/search/cdx?url=lps.ufrj.br/*&output=json&filter=statuscode:200&filter=mimetype:text/html&fl=timestamp,original,statuscode,digest&collapse=urlkey&limit=10000",2002-07-16T20:36:19Z,archive-cdx,LPS web maintainers,und,historical-archive-only,public-record,sha256:efd3a901d5e72e06f963bfe62ad41c27c387f3dc7a1c039435b7674cffac28b0,410,2002-07-16,Wayback CDX capture 2002-07-16; archive is not current truth; CDX digest=2ICTCMX3PJGJAKLYSC4AEZNZLCLHWGNJ
url-0326,http://www.lps.ufrj.br:80/~cado/pann/cadastro.htm,http://www.lps.ufrj.br/~cado/pann/cadastro.htm,"https://web.archive.org/cdx/search/cdx?url=lps.ufrj.br/*&output=json&filter=statuscode:200&filter=mimetype:text/html&fl=timestamp,original,statuscode,digest&collapse=urlkey&limit=10000",2002-07-15T17:34:39Z,archive-cdx,LPS web maintainers,und,historical-archive-only,public-record,sha256:e0309414825cab1e82d781c745e808c9a7c412dd76be2be2a0e4b0ecc502a34d,410,2002-07-15,Wayback CDX capture 2002-07-15; archive is not current truth; CDX digest=BAPJ2IBWQYSJ25GHDE5SUMPOMQJWKZ62
url-0327,http://www.lps.ufrj.br:80/~cado/pann/criacao.htm,http://www.lps.ufrj.br/~cado/pann/criacao.htm,"https://web.archive.org/cdx/search/cdx?url=lps.ufrj.br/*&output=json&filter=statuscode:200&filter=mimetype:text/html&fl=timestamp,original,statuscode,digest&collapse=urlkey&limit=10000",2002-07-18T08:50:49Z,archive-cdx,LPS web maintainers,und,historical-archive-only,public-record,sha256:bab884040bfb00e62ab6f9315aa24d56e97c0d6e256b7067d42a7f9500381fcc,410,2002-07-18,Wayback CDX capture 2002-07-18; archive is not current truth; CDX digest=3MXHPRAOJD4SEW4LULC3E3W3CWID7IEK
url-0328,http://www.lps.ufrj.br:80/~cado/pann/curso.htm,http://www.lps.ufrj.br/~cado/pann/curso.htm,"https://web.archive.org/cdx/search/cdx?url=lps.ufrj.br/*&output=json&filter=statuscode:200&filter=mimetype:text/html&fl=timestamp,original,statuscode,digest&collapse=urlkey&limit=10000",2002-07-19T03:07:34Z,archive-cdx,LPS web maintainers,und,historical-archive-only,public-record,sha256:9d1e40dba5464e8a89e0f97e13f2bbdbdccca54dff5797fffd982ed010a0e39e,410,2002-07-19,Wayback CDX capture 2002-07-19; archive is not current truth; CDX digest=DT6HP54UKNWJHHYXGEOBUM7NLVE2DV6Z
url-0329,http://www.lps.ufrj.br:80/~cado/pann/duvidas.htm,http://www.lps.ufrj.br/~cado/pann/duvidas.htm,"https://web.archive.org/cdx/search/cdx?url=lps.ufrj.br/*&output=json&filter=statuscode:200&filter=mimetype:text/html&fl=timestamp,original,statuscode,digest&collapse=urlkey&limit=10000",2002-07-19T15:42:28Z,archive-cdx,LPS web maintainers,und,historical-archive-only,public-record,sha256:92f0979c7d986798e71eb68842aa5b9fa3d071546313e33ea2e8f17e74e05a85,410,2002-07-19,Wayback CDX capture 2002-07-19; archive is not current truth; CDX digest=6MKRYKZVQ7WUMTR645QAUX5ZK52NTJAU
url-0330,http://www.lps.ufrj.br:80/~cado/pann/expc01.htm,http://www.lps.ufrj.br/~cado/pann/expc01.htm,"https://web.archive.org/cdx/search/cdx?url=lps.ufrj.br/*&output=json&filter=statuscode:200&filter=mimetype:text/html&fl=timestamp,original,statuscode,digest&collapse=urlkey&limit=10000",2002-07-29T12:48:51Z,archive-cdx,LPS web maintainers,und,historical-archive-only,public-record,sha256:8fe36a74c3e3ecd5e4d04fd6a1eace4c508512858a4f5a3be5cf9c21782147c6,410,2002-07-29,Wayback CDX capture 2002-07-29; archive is not current truth; CDX digest=O4QIFYESYZHKQ3OWM4S77PKAHH5WKGXF
url-0331,http://www.lps.ufrj.br:80/~cado/pann/expc02.htm,http://www.lps.ufrj.br/~cado/pann/expc02.htm,"https://web.archive.org/cdx/search/cdx?url=lps.ufrj.br/*&output=json&filter=statuscode:200&filter=mimetype:text/html&fl=timestamp,original,statuscode,digest&collapse=urlkey&limit=10000",2002-07-29T12:55:25Z,archive-cdx,LPS web maintainers,und,historical-archive-only,public-record,sha256:7ea835dc6069025a0fb21f2ad4a0b4cc6dd8fc1e65fd9b849269d5f4d3e7e29e,410,2002-07-29,Wayback CDX capture 2002-07-29; archive is not current truth; CDX digest=23PPWATLPXCFMF7SQUVJA23HJVQOTQPS
url-0332,http://www.lps.ufrj.br:80/~cado/pann/extr02.htm,http://www.lps.ufrj.br/~cado/pann/extr02.htm,"https://web.archive.org/cdx/search/cdx?url=lps.ufrj.br/*&output=json&filter=statuscode:200&filter=mimetype:text/html&fl=timestamp,original,statuscode,digest&collapse=urlkey&limit=10000",2002-07-29T13:03:04Z,archive-cdx,LPS web maintainers,und,historical-archive-only,public-record,sha256:d075365a1138637672433b3476aad1dc91a1e73b59ce29393c52746fc2f0347f,410,2002-07-29,Wayback CDX capture 2002-07-29; archive is not current truth; CDX digest=T6VJUYQZDADBVRW4EFTCXO5FOFSNSLCG
url-0333,http://www.lps.ufrj.br:80/~cado/pann/index.htm,http://www.lps.ufrj.br/~cado/pann/index.htm,"https://web.archive.org/cdx/search/cdx?url=lps.ufrj.br/*&output=json&filter=statuscode:200&filter=mimetype:text/html&fl=timestamp,original,statuscode,digest&collapse=urlkey&limit=10000",2002-06-01T16:33:59Z,archive-cdx,LPS web maintainers,und,historical-archive-only,public-record,sha256:1f313b70cfb8e79f7aeaa71cd757cee0c70f9a7c579753708e82c74f1c5e3a25,410,2002-06-01,Wayback CDX capture 2002-06-01; archive is not current truth; CDX digest=WZ6BMELYGCJ6BF4OEB5QQM2N3THTXISD
url-0334,http://www.lps.ufrj.br:80/~cado/pann/logon.htm,http://www.lps.ufrj.br/~cado/pann/logon.htm,"https://web.archive.org/cdx/search/cdx?url=lps.ufrj.br/*&output=json&filter=statuscode:200&filter=mimetype:text/html&fl=timestamp,original,statuscode,digest&collapse=urlkey&limit=10000",2002-07-08T19:08:42Z,archive-cdx,LPS web maintainers,und,historical-archive-only,public-record,sha256:1705afcd96b29ea44040b51ba518f9403e2a07ad81d70475df8020c249a3c49f,410,2002-07-08,Wayback CDX capture 2002-07-08; archive is not current truth; CDX digest=P3KJ7QSPE6L2B7JXSG3DZ2K27RSQIAEU
url-0335,http://www.lps.ufrj.br:80/~cado/pann/menu.htm,http://www.lps.ufrj.br/~cado/pann/menu.htm,"https://web.archive.org/cdx/search/cdx?url=lps.ufrj.br/*&output=json&filter=statuscode:200&filter=mimetype:text/html&fl=timestamp,original,statuscode,digest&collapse=urlkey&limit=10000",2002-08-05T23:56:43Z,archive-cdx,LPS web maintainers,und,historical-archive-only,public-record,sha256:c9ccd05d8bcbbac21caf7687da98a6d644b005eef1d6f8f9a6972fb61bf73c88,410,2002-08-05,Wayback CDX capture 2002-08-05; archive is not current truth; CDX digest=HUGGTWJ7VWAZDEL7M74Y76WGBIXTSVWE
url-0336,http://www.lps.ufrj.br:80/~cado/pesquisas.htm,http://www.lps.ufrj.br/~cado/pesquisas.htm,"https://web.archive.org/cdx/search/cdx?url=lps.ufrj.br/*&output=json&filter=statuscode:200&filter=mimetype:text/html&fl=timestamp,original,statuscode,digest&collapse=urlkey&limit=10000",2002-06-01T16:33:04Z,archive-cdx,LPS web maintainers,und,historical-archive-only,public-record,sha256:3daf68759a1000a489e104a52c341c3307cba5f4be534ff115fe0bb5c5bed6ce,410,2002-06-01,Wayback CDX capture 2002-06-01; archive is not current truth; CDX digest=FJCYQ32Q45XJEK3ZKUGQ5IYMSRMHZMHZ
url-0337,http://www.lps.ufrj.br:80/~cado/principal.htm,http://www.lps.ufrj.br/~cado/principal.htm,"https://web.archive.org/cdx/search/cdx?url=lps.ufrj.br/*&output=json&filter=statuscode:200&filter=mimetype:text/html&fl=timestamp,original,statuscode,digest&collapse=urlkey&limit=10000",2002-06-01T16:44:12Z,archive-cdx,LPS web maintainers,und,historical-archive-only,public-record,sha256:183f5496c1e144f8e436c476cf6863fe886f7254a27afa7fe647e3c1671151e9,410,2002-06-01,Wayback CDX capture 2002-06-01; archive is not current truth; CDX digest=66XTO3XYZNLMUQXDDMTMQOV3F6YBHJZE
url-0338,http://www.lps.ufrj.br:80/~caloba/,http://www.lps.ufrj.br/~caloba,"https://web.archive.org/cdx/search/cdx?url=lps.ufrj.br/*&output=json&filter=statuscode:200&filter=mimetype:text/html&fl=timestamp,original,statuscode,digest&collapse=urlkey&limit=10000",2007-10-15T05:14:27Z,archive-cdx,LPS web maintainers,und,historical-archive-only,public-record,sha256:f9ddfd4a8c4646e25a8eddaf8500b50badb41c2beb9b3b237dca1d3c13e752bf,410,2007-10-15,Wayback CDX capture 2007-10-15; archive is not current truth; CDX digest=DT6IIEUMI3XXBDPJDRXWXYYHQBX545AN
url-0339,http://www.lps.ufrj.br:80/~caloba/caloba_oficial/,http://www.lps.ufrj.br/~caloba/caloba_oficial,"https://web.archive.org/cdx/search/cdx?url=lps.ufrj.br/*&output=json&filter=statuscode:200&filter=mimetype:text/html&fl=timestamp,original,statuscode,digest&collapse=urlkey&limit=10000",2017-04-08T22:50:04Z,archive-cdx,LPS web maintainers,und,historical-archive-only,public-record,sha256:0274d1db4eb4c82038c5e8c077edfcefd83f9997b251d794c0233146876a74fb,410,2017-04-08,Wayback CDX capture 2017-04-08; archive is not current truth; CDX digest=QGJYCWXLGSXCTIML4BYGSUWROPDP5N7C
url-0340,http://www.lps.ufrj.br:80/~caloba/CPE722/,http://www.lps.ufrj.br/~caloba/CPE722,"https://web.archive.org/cdx/search/cdx?url=lps.ufrj.br/*&output=json&filter=statuscode:200&filter=mimetype:text/html&fl=timestamp,original,statuscode,digest&collapse=urlkey&limit=10000",2017-04-07T21:36:48Z,archive-cdx,LPS web maintainers,und,historical-archive-only,public-record,sha256:4e26b4908348c8a1220658c630a0cfc67b7bafb41d8a2844962eb8996b3f882d,410,2017-04-07,Wayback CDX capture 2017-04-07; archive is not current truth; CDX digest=7GP4BWYGVIMZTZHK3K5NPH4Y43HTXM2B
url-0341,http://www.lps.ufrj.br:80/~caloba/CPE722/?C=D;O=A,http://www.lps.ufrj.br/~caloba/CPE722?C=D%3BO%3DA,"https://web.archive.org/cdx/search/cdx?url=lps.ufrj.br/*&output=json&filter=statuscode:200&filter=mimetype:text/html&fl=timestamp,original,statuscode,digest&collapse=urlkey&limit=10000",2017-04-09T00:29:47Z,archive-cdx,LPS web maintainers,und,historical-archive-only,public-record,sha256:8c7e7290db8a3378f3ddc25f5047806b5506fc0561b6a253ed752e42a8ec5ba6,410,2017-04-09,Wayback CDX capture 2017-04-09; archive is not current truth; CDX digest=SGOU5DMKNLRAZQGNPB4NRW2C3FJOJ5GC
url-0342,http://www.lps.ufrj.br:80/~caloba/CPE722/?C=M;O=A,http://www.lps.ufrj.br/~caloba/CPE722?C=M%3BO%3DA,"https://web.archive.org/cdx/search/cdx?url=lps.ufrj.br/*&output=json&filter=statuscode:200&filter=mimetype:text/html&fl=timestamp,original,statuscode,digest&collapse=urlkey&limit=10000",2017-04-09T00:29:52Z,archive-cdx,LPS web maintainers,und,historical-archive-only,public-record,sha256:1582a0b7c9e0ff8aaf96c4772ae6674234c38ee8326b92d5ed6481db0a81b63c,410,2017-04-09,Wayback CDX capture 2017-04-09; archive is not current truth; CDX digest=7RCRW4TB6S4EOHFXRTWIY5RCQDS442FE
url-0343,http://www.lps.ufrj.br:80/~caloba/CPE722/?C=N;O=D,http://www.lps.ufrj.br/~caloba/CPE722?C=N%3BO%3DD,"https://web.archive.org/cdx/search/cdx?url=lps.ufrj.br/*&output=json&filter=statuscode:200&filter=mimetype:text/html&fl=timestamp,original,statuscode,digest&collapse=urlkey&limit=10000",2017-04-09T00:29:57Z,archive-cdx,LPS web maintainers,und,historical-archive-only,public-record,sha256:c65ef3e1f644d8c5dfc56d2b11070a73964f7a9b95ace49ebd4a10f0f8634f6b,410,2017-04-09,Wayback CDX capture 2017-04-09; archive is not current truth; CDX digest=WDBPDX2O7KFVF37XNFP4HRVMQTARASOE
url-0344,http://www.lps.ufrj.br:80/~caloba/CPE722/?C=S;O=A,http://www.lps.ufrj.br/~caloba/CPE722?C=S%3BO%3DA,"https://web.archive.org/cdx/search/cdx?url=lps.ufrj.br/*&output=json&filter=statuscode:200&filter=mimetype:text/html&fl=timestamp,original,statuscode,digest&collapse=urlkey&limit=10000",2017-04-08T15:05:58Z,archive-cdx,LPS web maintainers,und,historical-archive-only,public-record,sha256:e4aa8d5bf6c5572cceb1fe0e81f36190b73e20772b4fb6fc12b650b3df308f73,410,2017-04-08,Wayback CDX capture 2017-04-08; archive is not current truth; CDX digest=UQXKYR6OJY4QX7P5DSH4ZCAJWSIF7XME
url-0345,http://www.lps.ufrj.br:80/~caloba/Disciplinas%20COPPE%20antigas/,http://www.lps.ufrj.br/~caloba/Disciplinas%20COPPE%20antigas,"https://web.archive.org/cdx/search/cdx?url=lps.ufrj.br/*&output=json&filter=statuscode:200&filter=mimetype:text/html&fl=timestamp,original,statuscode,digest&collapse=urlkey&limit=10000",2017-04-08T16:29:22Z,archive-cdx,LPS web maintainers,und,historical-archive-only,public-record,sha256:aeee343dcd6cc5ffafabd6f15f598316c0bae06f1aa1e9de6f73dc169a759f3f,410,2017-04-08,Wayback CDX capture 2017-04-08; archive is not current truth; CDX digest=JYFJ3THBNYUPPGCFP7BPQ3J4QMMLB377
url-0346,http://www.lps.ufrj.br:80/~caloba/ENE%2069/,http://www.lps.ufrj.br/~caloba/ENE%2069,"https://web.archive.org/cdx/search/cdx?url=lps.ufrj.br/*&output=json&filter=statuscode:200&filter=mimetype:text/html&fl=timestamp,original,statuscode,digest&collapse=urlkey&limit=10000",2017-04-08T07:56:33Z,archive-cdx,LPS web maintainers,und,historical-archive-only,public-record,sha256:87d5eca58566766a2cca67abf7b0a5f76b954c9107d12b36278192706a541f97,410,2017-04-08,Wayback CDX capture 2017-04-08; archive is not current truth; CDX digest=P7QVTGKBIWDQD575S4TM2ZU43ZMGEQKW
url-0347,http://www.lps.ufrj.br:80/~caloba/Livros/,http://www.lps.ufrj.br/~caloba/Livros,"https://web.archive.org/cdx/search/cdx?url=lps.ufrj.br/*&output=json&filter=statuscode:200&filter=mimetype:text/html&fl=timestamp,original,statuscode,digest&collapse=urlkey&limit=10000",2017-04-08T16:29:27Z,archive-cdx,LPS web maintainers,und,historical-archive-only,public-record,sha256:9385bbabf4fdf1b587db466208cf0d4cd081a66c4a0f3c12d2e9011a7e89ea35,410,2017-04-08,Wayback CDX capture 2017-04-08; archive is not current truth; CDX digest=QG7ASEGHN5KUZZKMV6N77PWWLZAT3XQS
url-0348,http://www.lps.ufrj.br:80/~caloba/Pessoal/,http://www.lps.ufrj.br/~caloba/Pessoal,"https://web.archive.org/cdx/search/cdx?url=lps.ufrj.br/*&output=json&filter=statuscode:200&filter=mimetype:text/html&fl=timestamp,original,statuscode,digest&collapse=urlkey&limit=10000",2017-04-08T07:54:11Z,archive-cdx,LPS web maintainers,und,historical-archive-only,public-record,sha256:a8f229d1a119e72727d04025617e8b1d1ca0d47d27f7cc0769e09e9d913d4058,301,2017-04-08,Wayback CDX capture 2017-04-08; archive is not current truth; CDX digest=PKQ6H42TJQGXUETNBQAXTB5SMN74U64J
url-0349,http://www.lps.ufrj.br:80/~caloba/Pessoal/?C=D;O=A,http://www.lps.ufrj.br/~caloba/Pessoal?C=D%3BO%3DA,"https://web.archive.org/cdx/search/cdx?url=lps.ufrj.br/*&output=json&filter=statuscode:200&filter=mimetype:text/html&fl=timestamp,original,statuscode,digest&collapse=urlkey&limit=10000",2017-04-08T22:49:23Z,archive-cdx,LPS web maintainers,und,historical-archive-only,public-record,sha256:1698a8137084a7d3f6e19a38b6cde6b323b9d54fd1064813744f728255b7bceb,301,2017-04-08,Wayback CDX capture 2017-04-08; archive is not current truth; CDX digest=MMZ5ZPU7KIRKJY5DYLHHAJDAPI66Y6BC
url-0350,http://www.lps.ufrj.br:80/~caloba/Pessoal/?C=M;O=A,http://www.lps.ufrj.br/~caloba/Pessoal?C=M%3BO%3DA,"https://web.archive.org/cdx/search/cdx?url=lps.ufrj.br/*&output=json&filter=statuscode:200&filter=mimetype:text/html&fl=timestamp,original,statuscode,digest&collapse=urlkey&limit=10000",2017-04-08T22:46:32Z,archive-cdx,LPS web maintainers,und,historical-archive-only,public-record,sha256:b03ee91d65373fe1b395ab187c6f5e994a00074dd410847b12dc6735971d50e2,301,2017-04-08,Wayback CDX capture 2017-04-08; archive is not current truth; CDX digest=RFRYVXJJXERKI7PPKV6PVV4DMNCJSVAK
url-0351,http://www.lps.ufrj.br:80/~caloba/Pessoal/?C=N;O=D,http://www.lps.ufrj.br/~caloba/Pessoal?C=N%3BO%3DD,"https://web.archive.org/cdx/search/cdx?url=lps.ufrj.br/*&output=json&filter=statuscode:200&filter=mimetype:text/html&fl=timestamp,original,statuscode,digest&collapse=urlkey&limit=10000",2017-04-08T22:46:37Z,archive-cdx,LPS web maintainers,und,historical-archive-only,public-record,sha256:850b63492c148412170e4fe152751ae3c3190856ae66333b92150785c64a9b7a,301,2017-04-08,Wayback CDX capture 2017-04-08; archive is not current truth; CDX digest=ILWURGZG3X5EMMZBTRKZCVPDPB5S3QAC
url-0352,http://www.lps.ufrj.br:80/~caloba/Pessoal/?C=S;O=A,http://www.lps.ufrj.br/~caloba/Pessoal?C=S%3BO%3DA,"https://web.archive.org/cdx/search/cdx?url=lps.ufrj.br/*&output=json&filter=statuscode:200&filter=mimetype:text/html&fl=timestamp,original,statuscode,digest&collapse=urlkey&limit=10000",2017-04-08T22:49:28Z,archive-cdx,LPS web maintainers,und,historical-archive-only,public-record,sha256:39145369b04eebe1047accd7f6f329d826424c3ec1631caa4c962d76a7a50837,301,2017-04-08,Wayback CDX capture 2017-04-08; archive is not current truth; CDX digest=4SOQAJNRO7GZ6QYA757ZTIWAK24JIS3W
url-0353,http://www.lps.ufrj.br:80/~caloba/Programas%20meus/,http://www.lps.ufrj.br/~caloba/Programas%20meus,"https://web.archive.org/cdx/search/cdx?url=lps.ufrj.br/*&output=json&filter=statuscode:200&filter=mimetype:text/html&fl=timestamp,original,statuscode,digest&collapse=urlkey&limit=10000",2017-04-08T23:27:39Z,archive-cdx,LPS web maintainers,und,historical-archive-only,public-record,sha256:b059ea793804a434de38537ae382b65a894d73c03c5b10a813371225715f05f7,410,2017-04-08,Wayback CDX capture 2017-04-08; archive is not current truth; CDX digest=G4VG7CSZ6M2N24J56MWOEG4RQMCSEJV5
url-0354,http://www.lps.ufrj.br:80/~caloba/Programas%20meus/Aprox%202.1/,http://www.lps.ufrj.br/~caloba/Programas%20meus/Aprox%202.1,"https://web.archive.org/cdx/search/cdx?url=lps.ufrj.br/*&output=json&filter=statuscode:200&filter=mimetype:text/html&fl=timestamp,original,statuscode,digest&collapse=urlkey&limit=10000",2017-04-09T00:10:58Z,archive-cdx,LPS web maintainers,und,historical-archive-only,public-record,sha256:bcce8722e86ebfc0a349312489911a41e93592bbfeacf67f7d5f7fae30849ac3,410,2017-04-09,Wayback CDX capture 2017-04-09; archive is not current truth; CDX digest=GKBQ6P3Q2LWGTBFCN5QFLCDE6IBD5KEC
url-0355,http://www.lps.ufrj.br:80/~caloba/Programas%20meus/Aprox%202.1/Programa/,http://www.lps.ufrj.br/~caloba/Programas%20meus/Aprox%202.1/Programa,"https://web.archive.org/cdx/search/cdx?url=lps.ufrj.br/*&output=json&filter=statuscode:200&filter=mimetype:text/html&fl=timestamp,original,statuscode,digest&collapse=urlkey&limit=10000",2017-04-07T21:36:52Z,archive-cdx,LPS web maintainers,und,historical-archive-only,public-record,sha256:026de094e9a0f348ca3c610c65260dcde573d28f8fc3b690db96284bfd4862a5,410,2017-04-07,Wayback CDX capture 2017-04-07; archive is not current truth; CDX digest=LHPB7QDIVT254OKBSBDL5JLYX5BD27V2
url-0356,http://www.lps.ufrj.br:80/~caloba/Programas%20outros/,http://www.lps.ufrj.br/~caloba/Programas%20outros,"https://web.archive.org/cdx/search/cdx?url=lps.ufrj.br/*&output=json&filter=statuscode:200&filter=mimetype:text/html&fl=timestamp,original,statuscode,digest&collapse=urlkey&limit=10000",2017-04-08T07:49:59Z,archive-cdx,LPS web maintainers,und,historical-archive-only,public-record,sha256:3326bc0fb13624584e7ab29247251eebee5f954bfb70149693be7e0cfb658fda,410,2017-04-08,Wayback CDX capture 2017-04-08; archive is not current truth; CDX digest=K4BNNEK47N6FWNLKK5LDTZFTJU5H54OF
url-0357,http://www.lps.ufrj.br:80/~caloba/Teses/,http://www.lps.ufrj.br/~caloba/Teses,"https://web.archive.org/cdx/search/cdx?url=lps.ufrj.br/*&output=json&filter=statuscode:200&filter=mimetype:text/html&fl=timestamp,original,statuscode,digest&collapse=urlkey&limit=10000",2017-04-08T22:49:58Z,archive-cdx,LPS web maintainers,und,historical-archive-only,public-record,sha256:9ecceabf9824a26b2f3c1a93617c6944277c496a8c0379be72fe7aa4ca2dc143,410,2017-04-08,Wayback CDX capture 2017-04-08; archive is not current truth; CDX digest=VAIUSJPFZILKT7XD5M7E6EOE3FHUTCBP
url-0358,http://www.lps.ufrj.br:80/~caloba/?C=D;O=A,http://www.lps.ufrj.br/~caloba?C=D%3BO%3DA,"https://web.archive.org/cdx/search/cdx?url=lps.ufrj.br/*&output=json&filter=statuscode:200&filter=mimetype:text/html&fl=timestamp,original,statuscode,digest&collapse=urlkey&limit=10000",2017-04-08T22:48:38Z,archive-cdx,LPS web maintainers,und,historical-archive-only,public-record,sha256:e0e8a150b7b3e178032cec7bee07aadc171832cddd0c5930b9adabc65b36b02e,410,2017-04-08,Wayback CDX capture 2017-04-08; archive is not current truth; CDX digest=SIQBW2RB3LRREZOM2HYTSCYEKOM6AF2U
url-0359,http://www.lps.ufrj.br:80/~caloba/?C=M;O=A,http://www.lps.ufrj.br/~caloba?C=M%3BO%3DA,"https://web.archive.org/cdx/search/cdx?url=lps.ufrj.br/*&output=json&filter=statuscode:200&filter=mimetype:text/html&fl=timestamp,original,statuscode,digest&collapse=urlkey&limit=10000",2017-04-09T08:31:19Z,archive-cdx,LPS web maintainers,und,historical-archive-only,public-record,sha256:11b6812222de78b0f41be7993654a7abd2aca9c1d51814ce24383e554e22d0bc,410,2017-04-09,Wayback CDX capture 2017-04-09; archive is not current truth; CDX digest=AN5WAA7TUQFONPXFZQU3ZJ7ZECCNJVJA
url-0360,http://www.lps.ufrj.br:80/~caloba/?C=N;O=D,http://www.lps.ufrj.br/~caloba?C=N%3BO%3DD,"https://web.archive.org/cdx/search/cdx?url=lps.ufrj.br/*&output=json&filter=statuscode:200&filter=mimetype:text/html&fl=timestamp,original,statuscode,digest&collapse=urlkey&limit=10000",2017-04-08T22:48:43Z,archive-cdx,LPS web maintainers,und,historical-archive-only,public-record,sha256:2441e5b8dd4366853b9bf34b87847b081693acd63489263ca96a6b8966467ae3,410,2017-04-08,Wayback CDX capture 2017-04-08; archive is not current truth; CDX digest=C52M4CGWLH36PTO2ROP2LPXKS7SFE7FX
url-0361,http://www.lps.ufrj.br:80/~caloba/?C=S;O=A,http://www.lps.ufrj.br/~caloba?C=S%3BO%3DA,"https://web.archive.org/cdx/search/cdx?url=lps.ufrj.br/*&output=json&filter=statuscode:200&filter=mimetype:text/html&fl=timestamp,original,statuscode,digest&collapse=urlkey&limit=10000",2017-04-08T22:46:12Z,archive-cdx,LPS web maintainers,und,historical-archive-only,public-record,sha256:bb482f3722f1cfaac108cf31a23f38af355a6efd7db63da78f6f1afa59e9e5c4,410,2017-04-08,Wayback CDX capture 2017-04-08; archive is not current truth; CDX digest=WTYK54PIP5GGKFQVWEHDOQXZM7DY7OTC
url-0362,http://www02.lps.ufrj.br:80/~campos/,http://www02.lps.ufrj.br/~campos,"https://web.archive.org/cdx/search/cdx?url=lps.ufrj.br/*&output=json&filter=statuscode:200&filter=mimetype:text/html&fl=timestamp,original,statuscode,digest&collapse=urlkey&limit=10000",2012-04-13T17:33:33Z,archive-cdx,LPS web maintainers,und,historical-archive-only,public-record,sha256:3867650be22160c80a118f7c20cf3aa0e401d291345480ebe0cf85eaf6807e69,410,2012-04-13,Wayback CDX capture 2012-04-13; archive is not current truth; CDX digest=FMBHQ4DXAZ7TYNTCG3W2WWFEZEPR3I55
url-0363,http://www02.lps.ufrj.br:80/~campos/index.php?,http://www02.lps.ufrj.br/~campos/index.php,"https://web.archive.org/cdx/search/cdx?url=lps.ufrj.br/*&output=json&filter=statuscode:200&filter=mimetype:text/html&fl=timestamp,original,statuscode,digest&collapse=urlkey&limit=10000",2012-04-11T21:11:21Z,archive-cdx,LPS web maintainers,und,historical-archive-only,public-record,sha256:8e35d0d2d2579d00e41f63ada4228d8fed5ffc5666bf045d494d5af58a5ac68c,410,2012-04-11,Wayback CDX capture 2012-04-11; archive is not current truth; CDX digest=EIRDAOWEFALKLMCLXVUR4PTKH7CRHIQN
url-0364,http://www02.lps.ufrj.br:80/~campos/index.php?option=com_contact&task=view&contact_id=1&Itemid=41,http://www02.lps.ufrj.br/~campos/index.php?Itemid=41&contact_id=1&option=com_contact&task=view,"https://web.archive.org/cdx/search/cdx?url=lps.ufrj.br/*&output=json&filter=statuscode:200&filter=mimetype:text/html&fl=timestamp,original,statuscode,digest&collapse=urlkey&limit=10000",2012-04-13T17:37:42Z,archive-cdx,LPS web maintainers,und,historical-archive-only,public-record,sha256:3c857981db97bb788c0d3297440362335021825b4a9831cd5ab0220f2843693d,301,2012-04-13,Wayback CDX capture 2012-04-13; archive is not current truth; CDX digest=QTXP4COTNCUQXYZXMGWIZT3YDJCMPFRS
url-0365,http://www02.lps.ufrj.br:80/~campos/index.php?option=com_content&task=blogcategory&id=14&Itemid=27,http://www02.lps.ufrj.br/~campos/index.php?Itemid=27&id=14&option=com_content&task=blogcategory,"https://web.archive.org/cdx/search/cdx?url=lps.ufrj.br/*&output=json&filter=statuscode:200&filter=mimetype:text/html&fl=timestamp,original,statuscode,digest&collapse=urlkey&limit=10000",2012-04-13T17:37:48Z,archive-cdx,LPS web maintainers,und,historical-archive-only,public-record,sha256:6f803520da35ced3cfc28b46997697bd35b3e9ed97e2977726b5da613598f0bd,410,2012-04-13,Wayback CDX capture 2012-04-13; archive is not current truth; CDX digest=YO5DWCOZCKNQ4BGS7BYAUW4QHBZFXDDQ
url-0366,http://www02.lps.ufrj.br:80/~campos/index.php?option=com_content&task=blogcategory&id=15&Itemid=26,http://www02.lps.ufrj.br/~campos/index.php?Itemid=26&id=15&option=com_content&task=blogcategory,"https://web.archive.org/cdx/search/cdx?url=lps.ufrj.br/*&output=json&filter=statuscode:200&filter=mimetype:text/html&fl=timestamp,original,statuscode,digest&collapse=urlkey&limit=10000",2012-04-13T17:33:37Z,archive-cdx,LPS web maintainers,und,historical-archive-only,public-record,sha256:e6ce20d6af3d57688ad1860786a7629738cc2258760988e61e7996d01aa209d3,410,2012-04-13,Wayback CDX capture 2012-04-13; archive is not current truth; CDX digest=QL4J35NABSWSFOCSTVLJFSBJ3NRJSL4L
url-0367,http://www02.lps.ufrj.br:80/~campos/index.php?option=com_content&task=blogcategory&id=16&Itemid=36,http://www02.lps.ufrj.br/~campos/index.php?Itemid=36&id=16&option=com_content&task=blogcategory,"https://web.archive.org/cdx/search/cdx?url=lps.ufrj.br/*&output=json&filter=statuscode:200&filter=mimetype:text/html&fl=timestamp,original,statuscode,digest&collapse=urlkey&limit=10000",2012-04-13T17:33:39Z,archive-cdx,LPS web maintainers,und,historical-archive-only,public-record,sha256:82a7f885bb4175375aa6847bfa418fa8308934b98aa2357cc2e3b9cadbb40757,410,2012-04-13,Wayback CDX capture 2012-04-13; archive is not current truth; CDX digest=RKVV4ZSTI2DSTFFIMZPU5LCOZEF56JDL
url-0368,http://www02.lps.ufrj.br:80/~campos/index.php?option=com_content&task=category&sectionid=4&id=18&Itemid=40,http://www02.lps.ufrj.br/~campos/index.php?Itemid=40&id=18&option=com_content&sectionid=4&task=category,"https://web.archive.org/cdx/search/cdx?url=lps.ufrj.br/*&output=json&filter=statuscode:200&filter=mimetype:text/html&fl=timestamp,original,statuscode,digest&collapse=urlkey&limit=10000",2012-04-13T17:38:03Z,archive-cdx,LPS web maintainers,und,historical-archive-only,public-record,sha256:02fa48766688a3e1c347120b74eba97ca1f3f5120bf1310229407dcbc5b69264,410,2012-04-13,Wayback CDX capture 2012-04-13; archive is not current truth; CDX digest=SGQOF4ZEML4UWUZV74P7CV6I5E3EGQQ4
url-0369,http://www02.lps.ufrj.br:80/~campos/index.php?option=com_content&task=blogcategory&id=20&Itemid=32,http://www02.lps.ufrj.br/~campos/index.php?Itemid=32&id=20&option=com_content&task=blogcategory,"https://web.archive.org/cdx/search/cdx?url=lps.ufrj.br/*&output=json&filter=statuscode:200&filter=mimetype:text/html&fl=timestamp,original,statuscode,digest&collapse=urlkey&limit=10000",2012-04-13T17:33:44Z,archive-cdx,LPS web maintainers,und,historical-archive-only,public-record,sha256:b7e8b7759ab8328136cbebeac9199468b7dfac4081f9be5ae28a1db003fb55f9,410,2012-04-13,Wayback CDX capture 2012-04-13; archive is not current truth; CDX digest=NOOAWAMS2JRQOGEN5ZOXIFC457NG4JVB
url-0370,http://www02.lps.ufrj.br:80/~campos/index.php?option=com_content&task=blogcategory&id=21&Itemid=33,http://www02.lps.ufrj.br/~campos/index.php?Itemid=33&id=21&option=com_content&task=blogcategory,"https://web.archive.org/cdx/search/cdx?url=lps.ufrj.br/*&output=json&filter=statuscode:200&filter=mimetype:text/html&fl=timestamp,original,statuscode,digest&collapse=urlkey&limit=10000",2012-04-13T17:37:53Z,archive-cdx,LPS web maintainers,und,historical-archive-only,public-record,sha256:b8cd656df6eb073647919fe51fad157cc44f65b9f8c263b276ad51ed8a55847e,410,2012-04-13,Wayback CDX capture 2012-04-13; archive is not current truth; CDX digest=YEDSE2D6WKYVTQEUJD5LFTA75EZX4KAF
url-0371,http://www02.lps.ufrj.br:80/~campos/index.php?option=com_content&task=blogcategory&id=22&Itemid=34,http://www02.lps.ufrj.br/~campos/index.php?Itemid=34&id=22&option=com_content&task=blogcategory,"https://web.archive.org/cdx/search/cdx?url=lps.ufrj.br/*&output=json&filter=statuscode:200&filter=mimetype:text/html&fl=timestamp,original,statuscode,digest&collapse=urlkey&limit=10000",2012-04-13T17:33:51Z,archive-cdx,LPS web maintainers,und,historical-archive-only,public-record,sha256:374d06c5c5ab22c1b82e378a4366576048a2bc2e308d775b4e4cf584ed050ca5,410,2012-04-13,Wayback CDX capture 2012-04-13; archive is not current truth; CDX digest=WYEMTU7LL6FQREOE5LJ45H6KRLGRWM3A
url-0372,http://www02.lps.ufrj.br:80/~campos/index.php?option=com_content&task=blogcategory&id=23&Itemid=35,http://www02.lps.ufrj.br/~campos/index.php?Itemid=35&id=23&option=com_content&task=blogcategory,"https://web.archive.org/cdx/search/cdx?url=lps.ufrj.br/*&output=json&filter=statuscode:200&filter=mimetype:text/html&fl=timestamp,original,statuscode,digest&collapse=urlkey&limit=10000",2012-04-13T17:33:54Z,archive-cdx,LPS web maintainers,und,historical-archive-only,public-record,sha256:dd74a81fa908a307923dfd16dfdea0753678a38ca00bf88777fb580fb0fe0625,410,2012-04-13,Wayback CDX capture 2012-04-13; archive is not current truth; CDX digest=HJVM2J762AQ7NYALMD5YJOCENPHR3BI5
url-0373,http://www02.lps.ufrj.br:80/~campos/index.php?option=com_content&task=blogcategory&id=24&Itemid=28,http://www02.lps.ufrj.br/~campos/index.php?Itemid=28&id=24&option=com_content&task=blogcategory,"https://web.archive.org/cdx/search/cdx?url=lps.ufrj.br/*&output=json&filter=statuscode:200&filter=mimetype:text/html&fl=timestamp,original,statuscode,digest&collapse=urlkey&limit=10000",2012-04-13T17:33:59Z,archive-cdx,LPS web maintainers,und,historical-archive-only,public-record,sha256:47a0900228edf86d99aa6ee8287e12155b68cb13c62222aff4b3e1eb14450818,410,2012-04-13,Wayback CDX capture 2012-04-13; archive is not current truth; CDX digest=5N6B6VIM4NAYOSVRR74TMVEJL5YH6ULE
url-0374,http://www02.lps.ufrj.br:80/~campos/index.php?option=com_content&task=blogcategory&id=25&Itemid=30,http://www02.lps.ufrj.br/~campos/index.php?Itemid=30&id=25&option=com_content&task=blogcategory,"https://web.archive.org/cdx/search/cdx?url=lps.ufrj.br/*&output=json&filter=statuscode:200&filter=mimetype:text/html&fl=timestamp,original,statuscode,digest&collapse=urlkey&limit=10000",2012-04-13T17:34:04Z,archive-cdx,LPS web maintainers,und,historical-archive-only,public-record,sha256:3243a6f1653caf76dcc3ca6aa09d9f1d41d5173ba066f48458f486b8028e4db7,410,2012-04-13,Wayback CDX capture 2012-04-13; archive is not current truth; CDX digest=6GNO3YIFMJGIIGKZCCECIXSQGVKKRPLE
url-0375,http://www02.lps.ufrj.br:80/~campos/index.php?option=com_content&task=blogcategory&id=26&Itemid=37,http://www02.lps.ufrj.br/~campos/index.php?Itemid=37&id=26&option=com_content&task=blogcategory,"https://web.archive.org/cdx/search/cdx?url=lps.ufrj.br/*&output=json&filter=statuscode:200&filter=mimetype:text/html&fl=timestamp,original,statuscode,digest&collapse=urlkey&limit=10000",2012-04-13T17:38:01Z,archive-cdx,LPS web maintainers,und,historical-archive-only,public-record,sha256:440f46c2d3bcab7bb56062d7cccb1aab9649b6451a143248e5203bc216230e0d,410,2012-04-13,Wayback CDX capture 2012-04-13; archive is not current truth; CDX digest=7CST4VBVV56LPOI2YLCBYUF6BN3C3VD6
url-0376,http://www02.lps.ufrj.br:80/~campos/index.php?option=com_contact&Itemid=41,http://www02.lps.ufrj.br/~campos/index.php?Itemid=41&option=com_contact,"https://web.archive.org/cdx/search/cdx?url=lps.ufrj.br/*&output=json&filter=statuscode:200&filter=mimetype:text/html&fl=timestamp,original,statuscode,digest&collapse=urlkey&limit=10000",2012-04-13T17:37:37Z,archive-cdx,LPS web maintainers,und,historical-archive-only,public-record,sha256:96c288f6e9910a808c94a8f268702cdd8190347ff7d6c3301a5986f6f31501d9,301,2012-04-13,Wayback CDX capture 2012-04-13; archive is not current truth; CDX digest=VSLHW4FI5U33GSNCNZBSCOR2BFSP7OHV
url-0377,http://www02.lps.ufrj.br:80/~campos/index.php?option=com_wrapper&Itemid=43,http://www02.lps.ufrj.br/~campos/index.php?Itemid=43&option=com_wrapper,"https://web.archive.org/cdx/search/cdx?url=lps.ufrj.br/*&output=json&filter=statuscode:200&filter=mimetype:text/html&fl=timestamp,original,statuscode,digest&collapse=urlkey&limit=10000",2012-04-13T17:38:11Z,archive-cdx,LPS web maintainers,und,historical-archive-only,public-record,sha256:d629484d38fe525d97dd1a8c71300290807071973c7c54c0fdf17e0032f86fcb,410,2012-04-13,Wayback CDX capture 2012-04-13; archive is not current truth; CDX digest=BIJOJYWDDRT7BWKF23VO7W7GJ5WYUVFO
url-0378,http://www.lps.ufrj.br:80/~carluccio/,http://www.lps.ufrj.br/~carluccio,"https://web.archive.org/cdx/search/cdx?url=lps.ufrj.br/*&output=json&filter=statuscode:200&filter=mimetype:text/html&fl=timestamp,original,statuscode,digest&collapse=urlkey&limit=10000",2002-11-30T20:40:30Z,archive-cdx,LPS web maintainers,und,historical-archive-only,public-record,sha256:8881de28e047aa87fd07063894be81ad653aff0e0081d2c4af966817ab4ede40,410,2002-11-30,Wayback CDX capture 2002-11-30; archive is not current truth; CDX digest=RTXGAEHXOPFB2K2PHBXCD7AM6CQA6OOG
url-0379,http://www.lps.ufrj.br:80/~carluccio/cadastro.html,http://www.lps.ufrj.br/~carluccio/cadastro.html,"https://web.archive.org/cdx/search/cdx?url=lps.ufrj.br/*&output=json&filter=statuscode:200&filter=mimetype:text/html&fl=timestamp,original,statuscode,digest&collapse=urlkey&limit=10000",2002-12-15T00:19:57Z,archive-cdx,LPS web maintainers,und,historical-archive-only,public-record,sha256:09a49d3cac934385a87e83a811705a7d9f646aa123b3ae772e0509a7d61e0a2e,410,2002-12-15,Wayback CDX capture 2002-12-15; archive is not current truth; CDX digest=H2FTPIG7RHMSD5MT2GA4MR7CRAPKNY5I
url-0380,http://www.lps.ufrj.br:80/~carluccio/cgi-bin/menu.cgi,http://www.lps.ufrj.br/~carluccio/cgi-bin/menu.cgi,"https://web.archive.org/cdx/search/cdx?url=lps.ufrj.br/*&output=json&filter=statuscode:200&filter=mimetype:text/html&fl=timestamp,original,statuscode,digest&collapse=urlkey&limit=10000",2003-04-05T17:54:56Z,archive-cdx,LPS web maintainers,und,historical-archive-only,public-record,sha256:fd4967aa28969fac4860d816a305c27479eb6b66f96951fc5b129083f291f0b9,410,2003-04-05,Wayback CDX capture 2003-04-05; archive is not current truth; CDX digest=4EKLTCD6OQCIZDXXNHP6HG5XUYGIMHGN
url-0381,http://www.lps.ufrj.br:80/~carluccio/mathforum/,http://www.lps.ufrj.br/~carluccio/mathforum,"https://web.archive.org/cdx/search/cdx?url=lps.ufrj.br/*&output=json&filter=statuscode:200&filter=mimetype:text/html&fl=timestamp,original,statuscode,digest&collapse=urlkey&limit=10000",2002-10-09T21:50:21Z,archive-cdx,LPS web maintainers,und,historical-archive-only,public-record,sha256:9c7f8ab27b673c19e34de9e9978ed36a9b7dbf30588129759870fa49977c8cc7,410,2002-10-09,Wayback CDX capture 2002-10-09; archive is not current truth; CDX digest=XJZB4JYW4PTXZEDLGWKL6JFP4HWGDPQ3
url-0382,http://www.lps.ufrj.br:80/~carluccio/soma/,http://www.lps.ufrj.br/~carluccio/soma,"https://web.archive.org/cdx/search/cdx?url=lps.ufrj.br/*&output=json&filter=statuscode:200&filter=mimetype:text/html&fl=timestamp,original,statuscode,digest&collapse=urlkey&limit=10000",2002-12-13T06:58:49Z,archive-cdx,LPS web maintainers,und,historical-archive-only,public-record,sha256:af980121d0de530eee1266671dfcfbe092c84718e0a61095dd76bbddea0b98ed,410,2002-12-13,Wayback CDX capture 2002-12-13; archive is not current truth; CDX digest=LL3VNUJDL7HII57CJTWOVI2OGNAHVKIP
url-0383,http://www.lps.ufrj.br:80/~carluccio/soma/audio.html,http://www.lps.ufrj.br/~carluccio/soma/audio.html,"https://web.archive.org/cdx/search/cdx?url=lps.ufrj.br/*&output=json&filter=statuscode:200&filter=mimetype:text/html&fl=timestamp,original,statuscode,digest&collapse=urlkey&limit=10000",2003-04-05T19:41:53Z,archive-cdx,LPS web maintainers,und,historical-archive-only,public-record,sha256:9d0ff2014978dcc654f41db491d0de4cd86ec7becf3206f47cda576c61cd02eb,410,2003-04-05,Wayback CDX capture 2003-04-05; archive is not current truth; CDX digest=SVYAZWJXKALCZ67P7MG4UNDXOOZGCHUG
url-0384,http://www.lps.ufrj.br:80/~carluccio/soma/carluccio.html,http://www.lps.ufrj.br/~carluccio/soma/carluccio.html,"https://web.archive.org/cdx/search/cdx?url=lps.ufrj.br/*&output=json&filter=statuscode:200&filter=mimetype:text/html&fl=timestamp,original,statuscode,digest&collapse=urlkey&limit=10000",2002-12-13T21:21:35Z,archive-cdx,LPS web maintainers,und,historical-archive-only,public-record,sha256:c6dc8668e4ec2b7644ca1b2f3e729f978c0f4c5a2fbaab0d8bfe600988d717c6,410,2002-12-13,Wayback CDX capture 2002-12-13; archive is not current truth; CDX digest=CLJUPZ4HBQ75AK4W3BOJDZ5AZHY2EOLR
url-0385,http://www.lps.ufrj.br:80/~carluccio/soma/contato.html,http://www.lps.ufrj.br/~carluccio/soma/contato.html,"https://web.archive.org/cdx/search/cdx?url=lps.ufrj.br/*&output=json&filter=statuscode:200&filter=mimetype:text/html&fl=timestamp,original,statuscode,digest&collapse=urlkey&limit=10000",2002-12-13T21:32:56Z,archive-cdx,LPS web maintainers,und,historical-archive-only,public-record,sha256:fbd7d76d55eda24a621dfa69bd5822713780e5b3d7281ae7941edc5a9cce7801,410,2002-12-13,Wayback CDX capture 2002-12-13; archive is not current truth; CDX digest=N67UGETXYDQZZLDFY5U4OFWOFILMGD6B
url-0386,http://www.lps.ufrj.br:80/~carluccio/soma/fotos.html,http://www.lps.ufrj.br/~carluccio/soma/fotos.html,"https://web.archive.org/cdx/search/cdx?url=lps.ufrj.br/*&output=json&filter=statuscode:200&filter=mimetype:text/html&fl=timestamp,original,statuscode,digest&collapse=urlkey&limit=10000",2003-04-05T20:05:44Z,archive-cdx,LPS web maintainers,und,historical-archive-only,public-record,sha256:ae57f5f13b5c95d2e42c40d7ce7d76b0754ec9daafb5b1749da4230efe725944,410,2003-04-05,Wayback CDX capture 2003-04-05; archive is not current truth; CDX digest=OWPKTMP5LD6V4BG2FMVXKXEHNGRQST4M
url-0387,http://www.lps.ufrj.br:80/~carluccio/soma/main.html,http://www.lps.ufrj.br/~carluccio/soma/main.html,"https://web.archive.org/cdx/search/cdx?url=lps.ufrj.br/*&output=json&filter=statuscode:200&filter=mimetype:text/html&fl=timestamp,original,statuscode,digest&collapse=urlkey&limit=10000",2003-04-05T17:59:17Z,archive-cdx,LPS web maintainers,und,historical-archive-only,public-record,sha256:e5a9892f5c24d388a854c01c04125a3eb1e415644d2d7a8c1b273f74e9c6c8ba,410,2003-04-05,Wayback CDX capture 2003-04-05; archive is not current truth; CDX digest=XLRYAWL7LW3UBBL533J4JRBCBS7HITSN
url-0388,http://www.lps.ufrj.br:80/~carluccio/soma/shows.html,http://www.lps.ufrj.br/~carluccio/soma/shows.html,"https://web.archive.org/cdx/search/cdx?url=lps.ufrj.br/*&output=json&filter=statuscode:200&filter=mimetype:text/html&fl=timestamp,original,statuscode,digest&collapse=urlkey&limit=10000",2002-12-13T21:18:37Z,archive-cdx,LPS web maintainers,und,historical-archive-only,public-record,sha256:5d04c50de0995d73242a13acdf7c6eea4c4bb84f90508322f91a9e5e8467c788,410,2002-12-13,Wayback CDX capture 2002-12-13; archive is not current truth; CDX digest=EVEUZFQGATU2IKRWHTGXWWVISERAIFD2
url-0389,http://www.lps.ufrj.br:80/~cern/,http://www.lps.ufrj.br/~cern,"https://web.archive.org/cdx/search/cdx?url=lps.ufrj.br/*&output=json&filter=statuscode:200&filter=mimetype:text/html&fl=timestamp,original,statuscode,digest&collapse=urlkey&limit=10000",2003-12-13T01:51:14Z,archive-cdx,LPS web maintainers,und,historical-archive-only,public-record,sha256:275fefae0a061f5ff34cf6ce25394017121c301c2bc2bf3ebfbe2d5ee560c86d,410,2003-12-13,Wayback CDX capture 2003-12-13; archive is not current truth; CDX digest=PHHA2LAMXDLOA5NMJGC4FA5MVQ2NFJR6
url-0390,http://www.lps.ufrj.br:80/~cern/agenda.html,http://www.lps.ufrj.br/~cern/agenda.html,"https://web.archive.org/cdx/search/cdx?url=lps.ufrj.br/*&output=json&filter=statuscode:200&filter=mimetype:text/html&fl=timestamp,original,statuscode,digest&collapse=urlkey&limit=10000",2001-02-22T21:14:02Z,archive-cdx,LPS web maintainers,und,historical-archive-only,public-record,sha256:ae1b2a721a9639af9a0faa64c18e92dc8034368df982adcd802d88e8d4acc2d5,410,2001-02-22,Wayback CDX capture 2001-02-22; archive is not current truth; CDX digest=IXHYPD5DXW7GXPPOPYJWQ2EZN3XHUMRQ
url-0391,http://www.lps.ufrj.br:80/~cern/amplifier.html,http://www.lps.ufrj.br/~cern/amplifier.html,"https://web.archive.org/cdx/search/cdx?url=lps.ufrj.br/*&output=json&filter=statuscode:200&filter=mimetype:text/html&fl=timestamp,original,statuscode,digest&collapse=urlkey&limit=10000",2001-02-22T21:06:51Z,archive-cdx,LPS web maintainers,und,historical-archive-only,public-record,sha256:47a5d9179710d822596ded49dcca955941e5baba48ca89433fcc5cf33e61eff5,410,2001-02-22,Wayback CDX capture 2001-02-22; archive is not current truth; CDX digest=KMZGALM7YGMXTX3TQAQUERWM2S7LWAA6
url-0392,http://www.lps.ufrj.br:80/~cern/atlwk.html,http://www.lps.ufrj.br/~cern/atlwk.html,"https://web.archive.org/cdx/search/cdx?url=lps.ufrj.br/*&output=json&filter=statuscode:200&filter=mimetype:text/html&fl=timestamp,original,statuscode,digest&collapse=urlkey&limit=10000",2001-02-25T04:01:02Z,archive-cdx,LPS web maintainers,und,historical-archive-only,public-record,sha256:6c81c1c5f886643127260fe1827647c289278d46604856a018968b045236a108,410,2001-02-25,Wayback CDX capture 2001-02-25; archive is not current truth; CDX digest=CBZGFHGCXDMIIE662UDHQKZ3YISYTW3U
url-0393,http://www.lps.ufrj.br:80/~cern/Atlwk/atlwk.html,http://www.lps.ufrj.br/~cern/Atlwk/atlwk.html,"https://web.archive.org/cdx/search/cdx?url=lps.ufrj.br/*&output=json&filter=statuscode:200&filter=mimetype:text/html&fl=timestamp,original,statuscode,digest&collapse=urlkey&limit=10000",2001-02-22T21:09:49Z,archive-cdx,LPS web maintainers,und,historical-archive-only,public-record,sha256:3d183eb00e3fe560b37eec472f2716a000cbb3bdeac0550dfa9e2a6580e732c3,410,2001-02-22,Wayback CDX capture 2001-02-22; archive is not current truth; CDX digest=R5ZKMXVW6T7WM2CZKPXULDZAFCXZIUL5
url-0394,http://www.lps.ufrj.br:80/~cern/beamnew.html,http://www.lps.ufrj.br/~cern/beamnew.html,"https://web.archive.org/cdx/search/cdx?url=lps.ufrj.br/*&output=json&filter=statuscode:200&filter=mimetype:text/html&fl=timestamp,original,statuscode,digest&collapse=urlkey&limit=10000",2001-02-25T03:59:43Z,archive-cdx,LPS web maintainers,und,historical-archive-only,public-record,sha256:9791aabc2046b5bd28db3e1cb5eaa24d3eebbe6fe86b8c966967c7fd6bccf0dc,410,2001-02-25,Wayback CDX capture 2001-02-25; archive is not current truth; CDX digest=LCUXGEWKKEMHME4ZOTXGBQ5KZKLFYERO
url-0395,http://www.lps.ufrj.br:80/~cern/beamreview.html,http://www.lps.ufrj.br/~cern/beamreview.html,"https://web.archive.org/cdx/search/cdx?url=lps.ufrj.br/*&output=json&filter=statuscode:200&filter=mimetype:text/html&fl=timestamp,original,statuscode,digest&collapse=urlkey&limit=10000",2001-02-22T21:04:57Z,archive-cdx,LPS web maintainers,und,historical-archive-only,public-record,sha256:9021fb870d4a743fc26d2b18b1333a7c9c942afa553f6af4cad5f64946000556,410,2001-02-22,Wayback CDX capture 2001-02-22; archive is not current truth; CDX digest=MYQUSYSUT5NCGHDQXYOOYZXOAV4QVCA2
url-0396,http://www.lps.ufrj.br:80/~cern/board.html,http://www.lps.ufrj.br/~cern/board.html,"https://web.archive.org/cdx/search/cdx?url=lps.ufrj.br/*&output=json&filter=statuscode:200&filter=mimetype:text/html&fl=timestamp,original,statuscode,digest&collapse=urlkey&limit=10000",2001-02-22T21:10:15Z,archive-cdx,LPS web maintainers,und,historical-archive-only,public-record,sha256:1db000e59ab46de9ad3038bd79ac50e7bbee7042dc0cd7e5cab1abe8fc2ae2a2,410,2001-02-22,Wayback CDX capture 2001-02-22; archive is not current truth; CDX digest=CNYOJL4574Q5U4M7KNJHCJDTSDQFCGFQ
url-0397,http://www.lps.ufrj.br:80/~cern/circuitnew.html,http://www.lps.ufrj.br/~cern/circuitnew.html,"https://web.archive.org/cdx/search/cdx?url=lps.ufrj.br/*&output=json&filter=statuscode:200&filter=mimetype:text/html&fl=timestamp,original,statuscode,digest&collapse=urlkey&limit=10000",2001-02-22T21:06:22Z,archive-cdx,LPS web maintainers,und,historical-archive-only,public-record,sha256:56dc1d93634ce7e70c917b5113c1a887aa99d42cc93032836e724b98317a9511,410,2001-02-22,Wayback CDX capture 2001-02-22; archive is not current truth; CDX digest=6FVMZTMHNG6TO2JVBZM5M4RFQ67YYA5D
url-0398,http://www.lps.ufrj.br:80/~cern/comp.html,http://www.lps.ufrj.br/~cern/comp.html,"https://web.archive.org/cdx/search/cdx?url=lps.ufrj.br/*&output=json&filter=statuscode:200&filter=mimetype:text/html&fl=timestamp,original,statuscode,digest&collapse=urlkey&limit=10000",2001-02-22T21:15:50Z,archive-cdx,LPS web maintainers,und,historical-archive-only,public-record,sha256:1885ed70fddb595236fed0ab481df6b4ee4b84fd634e42f6178655b7d4bec605,410,2001-02-22,Wayback CDX capture 2001-02-22; archive is not current truth; CDX digest=HI7SZRQQ3AMVW66QXEVDRCMAUX3T3BWL
url-0399,http://www.lps.ufrj.br:80/~cern/connect.html,http://www.lps.ufrj.br/~cern/connect.html,"https://web.archive.org/cdx/search/cdx?url=lps.ufrj.br/*&output=json&filter=statuscode:200&filter=mimetype:text/html&fl=timestamp,original,statuscode,digest&collapse=urlkey&limit=10000",2001-02-22T21:22:00Z,archive-cdx,LPS web maintainers,und,historical-archive-only,public-record,sha256:07a4b28507559a32e7f20426a113702fb37de2a27405a45944316e1a40e555d7,410,2001-02-22,Wayback CDX capture 2001-02-22; archive is not current truth; CDX digest=JI2625AJT6QYWICKPYLNXT47Y6IXURXF
url-0400,http://www.lps.ufrj.br:80/~cern/droi.html,http://www.lps.ufrj.br/~cern/droi.html,"https://web.archive.org/cdx/search/cdx?url=lps.ufrj.br/*&output=json&filter=statuscode:200&filter=mimetype:text/html&fl=timestamp,original,statuscode,digest&collapse=urlkey&limit=10000",2001-02-22T01:32:02Z,archive-cdx,LPS web maintainers,und,historical-archive-only,public-record,sha256:77dc2c2f5cc1d37707abdea903e2d5c82094ebea56bbfb5ababaabfa5e109242,410,2001-02-22,Wayback CDX capture 2001-02-22; archive is not current truth; CDX digest=IISZWK27KQPRRNUDOM6RFJSB6SUAZEUZ
url-0401,http://www.lps.ufrj.br:80/~cern/general.html,http://www.lps.ufrj.br/~cern/general.html,"https://web.archive.org/cdx/search/cdx?url=lps.ufrj.br/*&output=json&filter=statuscode:200&filter=mimetype:text/html&fl=timestamp,original,statuscode,digest&collapse=urlkey&limit=10000",2001-02-22T21:20:24Z,archive-cdx,LPS web maintainers,und,historical-archive-only,public-record,sha256:50cba2d0d9bd79f6f953f40d891d95d53276fd0b6a529320d19f501c6d21b786,410,2001-02-22,Wayback CDX capture 2001-02-22; archive is not current truth; CDX digest=UX675FIONAGETFI6N5BYPAJWDWIAKRQE
url-0402,http://www.lps.ufrj.br:80/~cern/geometry1.html,http://www.lps.ufrj.br/~cern/geometry1.html,"https://web.archive.org/cdx/search/cdx?url=lps.ufrj.br/*&output=json&filter=statuscode:200&filter=mimetype:text/html&fl=timestamp,original,statuscode,digest&collapse=urlkey&limit=10000",2000-03-07T17:30:59Z,archive-cdx,LPS web maintainers,und,historical-archive-only,public-record,sha256:6b624a2fdb97ea2f68ba448ebdd901f3248eab4a88aef688bf870fccd8d06ad8,410,2000-03-07,Wayback CDX capture 2000-03-07; archive is not current truth; CDX digest=TTVK2OJ2YRUNBXJHVN24TT47KJKYJJZF
url-0403,http://www.lps.ufrj.br:80/~cern/index.html,http://www.lps.ufrj.br/~cern/index.html,"https://web.archive.org/cdx/search/cdx?url=lps.ufrj.br/*&output=json&filter=statuscode:200&filter=mimetype:text/html&fl=timestamp,original,statuscode,digest&collapse=urlkey&limit=10000",2001-02-22T21:25:50Z,archive-cdx,LPS web maintainers,und,historical-archive-only,public-record,sha256:c63dadcbd0b82a3af0e2ef7a68cb7f781ebd48b039b4393e2ab03821c96c700c,410,2001-02-22,Wayback CDX capture 2001-02-22; archive is not current truth; CDX digest=7Z7K6G5SHYEVDZIAH3COVMBK5U3LCIEG
url-0404,http://www.lps.ufrj.br:80/~cern/labreview.html,http://www.lps.ufrj.br/~cern/labreview.html,"https://web.archive.org/cdx/search/cdx?url=lps.ufrj.br/*&output=json&filter=statuscode:200&filter=mimetype:text/html&fl=timestamp,original,statuscode,digest&collapse=urlkey&limit=10000",2003-09-13T06:01:34Z,archive-cdx,LPS web maintainers,und,historical-archive-only,public-record,sha256:1ef83520b72fccb93ade936dfbdee922c62b999ba295eeafbea6e7e0c81fc5de,410,2003-09-13,Wayback CDX capture 2003-09-13; archive is not current truth; CDX digest=3BHTJUOENKGZDS3WITCRGAQHART5BRQV
url-0405,http://www.lps.ufrj.br:80/~cern/lhcw97/footnode.html,http://www.lps.ufrj.br/~cern/lhcw97/footnode.html,"https://web.archive.org/cdx/search/cdx?url=lps.ufrj.br/*&output=json&filter=statuscode:200&filter=mimetype:text/html&fl=timestamp,original,statuscode,digest&collapse=urlkey&limit=10000",2004-01-27T19:58:05Z,archive-cdx,LPS web maintainers,und,historical-archive-only,public-record,sha256:a5e81cb1519f2562f1d4114abb2b6e79dc2d44f847dfeee51807031e32ddc673,410,2004-01-27,Wayback CDX capture 2004-01-27; archive is not current truth; CDX digest=VP4SN5TN5TRTHSIBWY4F53ODVNRJUODO
url-0406,http://www.lps.ufrj.br:80/~cern/lhcw97/lhcw97.html,http://www.lps.ufrj.br/~cern/lhcw97/lhcw97.html,"https://web.archive.org/cdx/search/cdx?url=lps.ufrj.br/*&output=json&filter=statuscode:200&filter=mimetype:text/html&fl=timestamp,original,statuscode,digest&collapse=urlkey&limit=10000",2001-02-22T21:23:08Z,archive-cdx,LPS web maintainers,und,historical-archive-only,public-record,sha256:e228de4361d2a90c427140f5bd213e6ed4bb78cbd16d492e69c1bdc8511cad66,410,2001-02-22,Wayback CDX capture 2001-02-22; archive is not current truth; CDX digest=CTEFLGPL44SNFE6BOCWKXLZVBV5GAPRP
url-0407,http://www.lps.ufrj.br:80/~cern/lhcw97/node2.html,http://www.lps.ufrj.br/~cern/lhcw97/node2.html,"https://web.archive.org/cdx/search/cdx?url=lps.ufrj.br/*&output=json&filter=statuscode:200&filter=mimetype:text/html&fl=timestamp,original,statuscode,digest&collapse=urlkey&limit=10000",2004-01-24T02:59:03Z,archive-cdx,LPS web maintainers,und,historical-archive-only,public-record,sha256:f0aca4d2d50386b37c2a7999ae432339079f73cd50bc6eaaa250194a119f4506,410,2004-01-24,Wayback CDX capture 2004-01-24; archive is not current truth; CDX digest=MRZL2STS77ELO6TUSAZNPGDK4HXJ6ZY7
url-0408,http://www.lps.ufrj.br:80/~cern/lhcw97/node4.html,http://www.lps.ufrj.br/~cern/lhcw97/node4.html,"https://web.archive.org/cdx/search/cdx?url=lps.ufrj.br/*&output=json&filter=statuscode:200&filter=mimetype:text/html&fl=timestamp,original,statuscode,digest&collapse=urlkey&limit=10000",2004-01-24T03:13:58Z,archive-cdx,LPS web maintainers,und,historical-archive-only,public-record,sha256:384aa4ac909dcd41c09c5c86d995f729b285e0c7b3f701d0b94d50f34300b18d,410,2004-01-24,Wayback CDX capture 2004-01-24; archive is not current truth; CDX digest=FLKDKNZIHHQE2FDX6Y4AXM7Y4LMVNJAU
url-0409,http://www.lps.ufrj.br:80/~cern/lhcw97/node5.html,http://www.lps.ufrj.br/~cern/lhcw97/node5.html,"https://web.archive.org/cdx/search/cdx?url=lps.ufrj.br/*&output=json&filter=statuscode:200&filter=mimetype:text/html&fl=timestamp,original,statuscode,digest&collapse=urlkey&limit=10000",2004-01-29T06:19:27Z,archive-cdx,LPS web maintainers,und,historical-archive-only,public-record,sha256:0c1a03dc5ecf98c25f2eeec2f6aa9eb0f3bcaaccaedacc987306a7e3089c7508,410,2004-01-29,Wayback CDX capture 2004-01-29; archive is not current truth; CDX digest=BMS2QFOOZYCCOWQ25KBFONYTFY2NPX5Z
url-0410,http://www.lps.ufrj.br:80/~cern/lhcw97/node6.html,http://www.lps.ufrj.br/~cern/lhcw97/node6.html,"https://web.archive.org/cdx/search/cdx?url=lps.ufrj.br/*&output=json&filter=statuscode:200&filter=mimetype:text/html&fl=timestamp,original,statuscode,digest&collapse=urlkey&limit=10000",2004-01-25T20:33:17Z,archive-cdx,LPS web maintainers,und,historical-archive-only,public-record,sha256:10217d8a2f93e5b08701968bc1de2de48b948e710e432989edf8b3f194a7d106,410,2004-01-25,Wayback CDX capture 2004-01-25; archive is not current truth; CDX digest=VTODNINT3KA2BVEIN6RAZMUWOOBAADCF
url-0411,http://www.lps.ufrj.br:80/~cern/lhcw97/node7.html,http://www.lps.ufrj.br/~cern/lhcw97/node7.html,"https://web.archive.org/cdx/search/cdx?url=lps.ufrj.br/*&output=json&filter=statuscode:200&filter=mimetype:text/html&fl=timestamp,original,statuscode,digest&collapse=urlkey&limit=10000",2004-01-25T20:42:08Z,archive-cdx,LPS web maintainers,und,historical-archive-only,public-record,sha256:0fe2fafc028c9c77bd0ca0530dc295a2c98cbf7f79c206c98469b446cee6d023,410,2004-01-25,Wayback CDX capture 2004-01-25; archive is not current truth; CDX digest=CAOWOCKJ2T6MTV76AVY2JVSQZJVMAGO6
url-0412,http://www.lps.ufrj.br:80/~cern/newspec.html,http://www.lps.ufrj.br/~cern/newspec.html,"https://web.archive.org/cdx/search/cdx?url=lps.ufrj.br/*&output=json&filter=statuscode:200&filter=mimetype:text/html&fl=timestamp,original,statuscode,digest&collapse=urlkey&limit=10000",2001-02-22T21:26:09Z,archive-cdx,LPS web maintainers,und,historical-archive-only,public-record,sha256:e6e0efab6244cf18ed5b7c43637bb75204a4a542633f95164d90e4d2b2329389,410,2001-02-22,Wayback CDX capture 2001-02-22; archive is not current truth; CDX digest=44O542GM465RXKNTBV3ZA4ESJ5EDMK5Z
url-0413,http://www.lps.ufrj.br:80/~cern/node1.html,http://www.lps.ufrj.br/~cern/node1.html,"https://web.archive.org/cdx/search/cdx?url=lps.ufrj.br/*&output=json&filter=statuscode:200&filter=mimetype:text/html&fl=timestamp,original,statuscode,digest&collapse=urlkey&limit=10000",2001-02-28T18:21:11Z,archive-cdx,LPS web maintainers,und,historical-archive-only,public-record,sha256:fe2322fbc5c8d236cf27c1307704239cdcb5f833b9339a478b1cf513c1995fb5,410,2001-02-28,Wayback CDX capture 2001-02-28; archive is not current truth; CDX digest=CCINAWQFCAQ5WRNFPZNFH23MUCHFCCKO
url-0414,http://www.lps.ufrj.br:80/~cern/overview.html,http://www.lps.ufrj.br/~cern/overview.html,"https://web.archive.org/cdx/search/cdx?url=lps.ufrj.br/*&output=json&filter=statuscode:200&filter=mimetype:text/html&fl=timestamp,original,statuscode,digest&collapse=urlkey&limit=10000",2001-02-22T21:17:13Z,archive-cdx,LPS web maintainers,und,historical-archive-only,public-record,sha256:f91cabdfb0c990ce88c002c8b4de30bddcc4d525d7b71d6a7122cd671b90e81a,410,2001-02-22,Wayback CDX capture 2001-02-22; archive is not current truth; CDX digest=SURWI2BNGJUXSFDBFKJPI5NWDBEKWYQ2
url-0415,http://www.lps.ufrj.br:80/~cern/paneladd.html,http://www.lps.ufrj.br/~cern/paneladd.html,"https://web.archive.org/cdx/search/cdx?url=lps.ufrj.br/*&output=json&filter=statuscode:200&filter=mimetype:text/html&fl=timestamp,original,statuscode,digest&collapse=urlkey&limit=10000",2001-02-25T03:59:43Z,archive-cdx,LPS web maintainers,und,historical-archive-only,public-record,sha256:242bd31db142ab6851b31db8d6e246cf5e96e74003f43d510c8d34d1401b81f0,410,2001-02-25,Wayback CDX capture 2001-02-25; archive is not current truth; CDX digest=2GTKH6PM7OJ6E2EEX3REDLSO24LQCDQZ
url-0416,http://www.lps.ufrj.br:80/~cern/paneladd2/node1.html,http://www.lps.ufrj.br/~cern/paneladd2/node1.html,"https://web.archive.org/cdx/search/cdx?url=lps.ufrj.br/*&output=json&filter=statuscode:200&filter=mimetype:text/html&fl=timestamp,original,statuscode,digest&collapse=urlkey&limit=10000",2001-03-11T00:28:30Z,archive-cdx,LPS web maintainers,und,historical-archive-only,public-record,sha256:b41d960a220dd9b201fbbd5f772b69c75350ffdcc1733ab8dad53b8e2968d33e,410,2001-03-11,Wayback CDX capture 2001-03-11; archive is not current truth; CDX digest=OTVT7765YXLJ2GRWFLKKDIIL24S55MJ4
url-0417,http://www.lps.ufrj.br:80/~cern/paneladd2/paneladd2.html,http://www.lps.ufrj.br/~cern/paneladd2/paneladd2.html,"https://web.archive.org/cdx/search/cdx?url=lps.ufrj.br/*&output=json&filter=statuscode:200&filter=mimetype:text/html&fl=timestamp,original,statuscode,digest&collapse=urlkey&limit=10000",2001-02-28T18:21:12Z,archive-cdx,LPS web maintainers,und,historical-archive-only,public-record,sha256:acb2c91cf3179c5b09553742595d4a1c1b8d1eafecf2da0fc2b635cfea6bfdd8,410,2001-02-28,Wayback CDX capture 2001-02-28; archive is not current truth; CDX digest=MJDGNF2MQY2LKDN3J2KVVY7JMMVTGPCT
url-0418,http://www.lps.ufrj.br:80/~cern/prr/agenda.html,http://www.lps.ufrj.br/~cern/prr/agenda.html,"https://web.archive.org/cdx/search/cdx?url=lps.ufrj.br/*&output=json&filter=statuscode:200&filter=mimetype:text/html&fl=timestamp,original,statuscode,digest&collapse=urlkey&limit=10000",2003-09-17T09:37:34Z,archive-cdx,LPS web maintainers,und,historical-archive-only,public-record,sha256:ccc96fa1d4252a2fe413fb594a3ea8975dfe9d672748ee0e960043b2933727ad,410,2003-09-17,Wayback CDX capture 2003-09-17; archive is not current truth; CDX digest=HVUOWNFQW7V7RNYMASSBENZRAKYO7UC5
url-0419,http://www.lps.ufrj.br:80/~cern/prr/beamtest.html,http://www.lps.ufrj.br/~cern/prr/beamtest.html,"https://web.archive.org/cdx/search/cdx?url=lps.ufrj.br/*&output=json&filter=statuscode:200&filter=mimetype:text/html&fl=timestamp,original,statuscode,digest&collapse=urlkey&limit=10000",2003-09-28T17:31:01Z,archive-cdx,LPS web maintainers,und,historical-archive-only,public-record,sha256:2609dd10c1bbe3865c52659954dad83d96c46711ca7fe4022b72e54d19e045ad,410,2003-09-28,Wayback CDX capture 2003-09-28; archive is not current truth; CDX digest=HTYKGWRWBHFQCGSEBH72U5EOP3FMEL5A
url-0420,http://www.lps.ufrj.br:80/~cern/prr/burnin.html,http://www.lps.ufrj.br/~cern/prr/burnin.html,"https://web.archive.org/cdx/search/cdx?url=lps.ufrj.br/*&output=json&filter=statuscode:200&filter=mimetype:text/html&fl=timestamp,original,statuscode,digest&collapse=urlkey&limit=10000",2003-09-28T17:30:21Z,archive-cdx,LPS web maintainers,und,historical-archive-only,public-record,sha256:c313a0b3ac07be3f40697db786159e9a15068ebcb00b4e2c32c36f593cde0fef,410,2003-09-28,Wayback CDX capture 2003-09-28; archive is not current truth; CDX digest=VWKUAHBHJYPMBIRECXL7OCSEGRJMK4CY
url-0421,http://www.lps.ufrj.br:80/~cern/prr/circuitnew.html,http://www.lps.ufrj.br/~cern/prr/circuitnew.html,"https://web.archive.org/cdx/search/cdx?url=lps.ufrj.br/*&output=json&filter=statuscode:200&filter=mimetype:text/html&fl=timestamp,original,statuscode,digest&collapse=urlkey&limit=10000",2003-09-28T17:30:14Z,archive-cdx,LPS web maintainers,und,historical-archive-only,public-record,sha256:2fae9d8ebb815a11071c385afa2d2466182d748e68ee6db80cdd2f53e91596b4,410,2003-09-28,Wayback CDX capture 2003-09-28; archive is not current truth; CDX digest=NW5MHNTHC3YVXBEJWIFWHVBEPBG76KJQ
url-0422,http://www.lps.ufrj.br:80/~cern/prr/design.html,http://www.lps.ufrj.br/~cern/prr/design.html,"https://web.archive.org/cdx/search/cdx?url=lps.ufrj.br/*&output=json&filter=statuscode:200&filter=mimetype:text/html&fl=timestamp,original,statuscode,digest&collapse=urlkey&limit=10000",2003-09-18T15:14:58Z,archive-cdx,LPS web maintainers,und,historical-archive-only,public-record,sha256:f30b09e3c1826662b5789c6648b16a02083d07e8137fc4d4bf287ec58dbdf719,410,2003-09-18,Wayback CDX capture 2003-09-18; archive is not current truth; CDX digest=YNTMBCDPFLLQH5RO2FUZVZ7R7IQVEL7A
url-0423,http://www.lps.ufrj.br:80/~cern/prr/integration.html,http://www.lps.ufrj.br/~cern/prr/integration.html,"https://web.archive.org/cdx/search/cdx?url=lps.ufrj.br/*&output=json&filter=statuscode:200&filter=mimetype:text/html&fl=timestamp,original,statuscode,digest&collapse=urlkey&limit=10000",2003-09-18T15:23:47Z,archive-cdx,LPS web maintainers,und,historical-archive-only,public-record,sha256:754bbd87c54f71b64c01eb8bbe3dc6bd098dd8ec50f1ea49da36b49b07ff0025,410,2003-09-18,Wayback CDX capture 2003-09-18; archive is not current truth; CDX digest=ZPKYSWDDUW3RA3RDTCYXK5C2IVHMCSSI
url-0424,http://www.lps.ufrj.br:80/~cern/prr/labtest.html,http://www.lps.ufrj.br/~cern/prr/labtest.html,"https://web.archive.org/cdx/search/cdx?url=lps.ufrj.br/*&output=json&filter=statuscode:200&filter=mimetype:text/html&fl=timestamp,original,statuscode,digest&collapse=urlkey&limit=10000",2005-02-09T02:07:17Z,archive-cdx,LPS web maintainers,und,historical-archive-only,public-record,sha256:ccee46ed8437b4b1f2bc080aa16d27258314ff29b7032c29a7498597e8a643d4,410,2005-02-09,Wayback CDX capture 2005-02-09; archive is not current truth; CDX digest=TJZXNXPAL7RI6EE2KQGFCP2I23ZNLYAU
url-0425,http://www.lps.ufrj.br:80/~cern/prr/performance.html,http://www.lps.ufrj.br/~cern/prr/performance.html,"https://web.archive.org/cdx/search/cdx?url=lps.ufrj.br/*&output=json&filter=statuscode:200&filter=mimetype:text/html&fl=timestamp,original,statuscode,digest&collapse=urlkey&limit=10000",2003-09-18T15:15:30Z,archive-cdx,LPS web maintainers,und,historical-archive-only,public-record,sha256:2c48a0760e7eb5915ddaa620a4ab94690e8eeee15a5505c5db6b6f258dd83283,410,2003-09-18,Wayback CDX capture 2003-09-18; archive is not current truth; CDX digest=FG3R3NAFGWHFEX2FE5D2YJNYGDYRV5TI
url-0426,http://www.lps.ufrj.br:80/~cern/prr/produc.html,http://www.lps.ufrj.br/~cern/prr/produc.html,"https://web.archive.org/cdx/search/cdx?url=lps.ufrj.br/*&output=json&filter=statuscode:200&filter=mimetype:text/html&fl=timestamp,original,statuscode,digest&collapse=urlkey&limit=10000",2003-09-18T15:19:50Z,archive-cdx,LPS web maintainers,und,historical-archive-only,public-record,sha256:f031f39efc203680a62d012f8c6dfca613405f83ee70a5acbc9cfb863a40cb25,410,2003-09-18,Wayback CDX capture 2003-09-18; archive is not current truth; CDX digest=BWE46L6PN6VG6Y2TKDTPHD5ZVE2JHHZI
url-0427,http://www.lps.ufrj.br:80/~cern/prr/prr.html,http://www.lps.ufrj.br/~cern/prr/prr.html,"https://web.archive.org/cdx/search/cdx?url=lps.ufrj.br/*&output=json&filter=statuscode:200&filter=mimetype:text/html&fl=timestamp,original,statuscode,digest&collapse=urlkey&limit=10000",2003-08-18T22:06:24Z,archive-cdx,LPS web maintainers,und,historical-archive-only,public-record,sha256:4f5d128647dc5b870e6148a0fe4919f1964a2f31b43e1b2efa3e9c41a1ad92a8,410,2003-08-18,Wayback CDX capture 2003-08-18; archive is not current truth; CDX digest=BEOFLXYBS5UML25ECMROMT5SUW2EF32G
url-0428,http://www.lps.ufrj.br:80/~cern/prr/qresults.html,http://www.lps.ufrj.br/~cern/prr/qresults.html,"https://web.archive.org/cdx/search/cdx?url=lps.ufrj.br/*&output=json&filter=statuscode:200&filter=mimetype:text/html&fl=timestamp,original,statuscode,digest&collapse=urlkey&limit=10000",2004-11-20T02:08:02Z,archive-cdx,LPS web maintainers,und,historical-archive-only,public-record,sha256:961f2a459454ab58632a8b3bb8817fc4027aa93db2198292c4bac6c92f2258cd,410,2004-11-20,Wayback CDX capture 2004-11-20; archive is not current truth; CDX digest=NXGPKUIZVEHBNYZQESZYA6EBMT2PZYZH
url-0429,http://www.lps.ufrj.br:80/~cern/prr/quality.html,http://www.lps.ufrj.br/~cern/prr/quality.html,"https://web.archive.org/cdx/search/cdx?url=lps.ufrj.br/*&output=json&filter=statuscode:200&filter=mimetype:text/html&fl=timestamp,original,statuscode,digest&collapse=urlkey&limit=10000",2003-09-29T18:15:55Z,archive-cdx,LPS web maintainers,und,historical-archive-only,public-record,sha256:b3d094d06271c9bc8f2415970b31fe89e61f9e0182dbcbf45c6ed69bbebf2fec,410,2003-09-29,Wayback CDX capture 2003-09-29; archive is not current truth; CDX digest=XNDICAFJO3S3AEPBPNH4TUZ6B7ESHSBG
url-0430,http://www.lps.ufrj.br:80/~cern/prr/radiation.html,http://www.lps.ufrj.br/~cern/prr/radiation.html,"https://web.archive.org/cdx/search/cdx?url=lps.ufrj.br/*&output=json&filter=statuscode:200&filter=mimetype:text/html&fl=timestamp,original,statuscode,digest&collapse=urlkey&limit=10000",2004-02-01T02:15:44Z,archive-cdx,LPS web maintainers,und,historical-archive-only,public-record,sha256:de29828aad5d3c8e0561d14b733871253436a48cae946fc273118e1f140c6235,410,2004-02-01,Wayback CDX capture 2004-02-01; archive is not current truth; CDX digest=7AWDWSDCIKNA4QTZL4EDCUFJQ3RMQNPR
url-0431,http://www.lps.ufrj.br:80/~cern/prr/specs.html,http://www.lps.ufrj.br/~cern/prr/specs.html,"https://web.archive.org/cdx/search/cdx?url=lps.ufrj.br/*&output=json&filter=statuscode:200&filter=mimetype:text/html&fl=timestamp,original,statuscode,digest&collapse=urlkey&limit=10000",2004-02-01T02:08:17Z,archive-cdx,LPS web maintainers,und,historical-archive-only,public-record,sha256:af9f13f9fce874bcb7382dc6379dfab2f0c76f42ce9f5aa1f070b05f2a6683d2,410,2004-02-01,Wayback CDX capture 2004-02-01; archive is not current truth; CDX digest=254MNKG7Z6B2MCAQBSRD6GZDARUTDY5G
url-0432,http://www.lps.ufrj.br:80/~cern/radiation.html,http://www.lps.ufrj.br/~cern/radiation.html,"https://web.archive.org/cdx/search/cdx?url=lps.ufrj.br/*&output=json&filter=statuscode:200&filter=mimetype:text/html&fl=timestamp,original,statuscode,digest&collapse=urlkey&limit=10000",2001-02-22T01:22:43Z,archive-cdx,LPS web maintainers,und,historical-archive-only,public-record,sha256:6972743dcf83935382ea668fc03dd1f34a0ab80391ddd2ec48e773ebebe5a90f,410,2001-02-22,Wayback CDX capture 2001-02-22; archive is not current truth; CDX digest=W6KC2QCX42R2VBPF4GS7J7HZPRNFH3JY
url-0433,http://www.lps.ufrj.br:80/~cern/reviewn.html,http://www.lps.ufrj.br/~cern/reviewn.html,"https://web.archive.org/cdx/search/cdx?url=lps.ufrj.br/*&output=json&filter=statuscode:200&filter=mimetype:text/html&fl=timestamp,original,statuscode,digest&collapse=urlkey&limit=10000",2000-07-11T11:57:44Z,archive-cdx,LPS web maintainers,und,historical-archive-only,public-record,sha256:b7717fdf07ab158177cb8abce163d355d2ffe559a7035a77db59f17d485d273b,410,2000-07-11,Wayback CDX capture 2000-07-11; archive is not current truth; CDX digest=FW3VPOHID4ONM4XJ3XQTNYLRJUQF22LB
url-0434,http://www.lps.ufrj.br:80/~cern/schedule.html,http://www.lps.ufrj.br/~cern/schedule.html,"https://web.archive.org/cdx/search/cdx?url=lps.ufrj.br/*&output=json&filter=statuscode:200&filter=mimetype:text/html&fl=timestamp,original,statuscode,digest&collapse=urlkey&limit=10000",2001-02-22T21:19:26Z,archive-cdx,LPS web maintainers,und,historical-archive-only,public-record,sha256:fa70997976410aa9bdb0bdcb8967c0d3764354791eb2c83bf55c4fb541d10d1b,410,2001-02-22,Wayback CDX capture 2001-02-22; archive is not current truth; CDX digest=YEDDJUST6FCLGCFIPZ7INSBGBQLVBXUS
url-0435,http://www.lps.ufrj.br:80/~cern/select.html,http://www.lps.ufrj.br/~cern/select.html,"https://web.archive.org/cdx/search/cdx?url=lps.ufrj.br/*&output=json&filter=statuscode:200&filter=mimetype:text/html&fl=timestamp,original,statuscode,digest&collapse=urlkey&limit=10000",2001-02-22T21:23:13Z,archive-cdx,LPS web maintainers,und,historical-archive-only,public-record,sha256:be7d0faf83eab1850dc4c4141cadf3513f4eda7629d3e7cd360971627cb25ca2,410,2001-02-22,Wayback CDX capture 2001-02-22; archive is not current truth; CDX digest=NZDUGS6C6PKNTPDG733DMZ5ZNCVJVM73
url-0436,http://www.lps.ufrj.br:80/~cern/simunew.html,http://www.lps.ufrj.br/~cern/simunew.html,"https://web.archive.org/cdx/search/cdx?url=lps.ufrj.br/*&output=json&filter=statuscode:200&filter=mimetype:text/html&fl=timestamp,original,statuscode,digest&collapse=urlkey&limit=10000",2001-02-22T21:20:09Z,archive-cdx,LPS web maintainers,und,historical-archive-only,public-record,sha256:aaa522c490c900c0bd3a342e4a657574f834983659028ee3f5be2c60f0395451,410,2001-02-22,Wayback CDX capture 2001-02-22; archive is not current truth; CDX digest=X5P5JTRG2Z6ZCQEAI2XZS6YQCWTNQADW
url-0437,http://www.lps.ufrj.br:80/~cern/testing.html,http://www.lps.ufrj.br/~cern/testing.html,"https://web.archive.org/cdx/search/cdx?url=lps.ufrj.br/*&output=json&filter=statuscode:200&filter=mimetype:text/html&fl=timestamp,original,statuscode,digest&collapse=urlkey&limit=10000",2000-03-07T18:10:02Z,archive-cdx,LPS web maintainers,und,historical-archive-only,public-record,sha256:bc8276b86fda357a7ac379e50572a713929af70144dec696cd52a15ed3170e78,410,2000-03-07,Wayback CDX capture 2000-03-07; archive is not current truth; CDX digest=OZUC2RWO4VWPHXAQDASVBT3WCB7BRPZ5
url-0438,http://lps.ufrj.br:80/~costa/,http://lps.ufrj.br/~costa,"https://web.archive.org/cdx/search/cdx?url=lps.ufrj.br/*&output=json&filter=statuscode:200&filter=mimetype:text/html&fl=timestamp,original,statuscode,digest&collapse=urlkey&limit=10000",2003-06-25T17:32:38Z,archive-cdx,LPS web maintainers,und,historical-archive-only,public-record,sha256:b372c8d94ee4a95e0c89dfe5828db1d88ef1d518e8dd08d40324e304f9b33468,410,2003-06-25,Wayback CDX capture 2003-06-25; archive is not current truth; CDX digest=ENGLDAUWL4AVZ4JGCTARCHDEKZ6L7DNA
url-0439,http://www.lps.ufrj.br:80/~csantos/,http://www.lps.ufrj.br/~csantos,"https://web.archive.org/cdx/search/cdx?url=lps.ufrj.br/*&output=json&filter=statuscode:200&filter=mimetype:text/html&fl=timestamp,original,statuscode,digest&collapse=urlkey&limit=10000",2002-11-30T21:17:39Z,archive-cdx,LPS web maintainers,und,historical-archive-only,public-record,sha256:22cf23b8740be6842290d1e1c05a23034c0f556f7bb23b6af658fa66a77b26e6,410,2002-11-30,Wayback CDX capture 2002-11-30; archive is not current truth; CDX digest=LWXY2AEZP4YYCLZMDRTZMYTM3QPMQDC7
url-0440,http://www.lps.ufrj.br:80/~csantos/applet/default.html,http://www.lps.ufrj.br/~csantos/applet/default.html,"https://web.archive.org/cdx/search/cdx?url=lps.ufrj.br/*&output=json&filter=statuscode:200&filter=mimetype:text/html&fl=timestamp,original,statuscode,digest&collapse=urlkey&limit=10000",2003-08-09T08:03:57Z,archive-cdx,LPS web maintainers,und,historical-archive-only,public-record,sha256:4fbe962f215b1a104ebab6d82eed3ea344840b12793843fbed036499f79a674a,410,2003-08-09,Wayback CDX capture 2003-08-09; archive is not current truth; CDX digest=6WVVIFEK53SYFXQMHKWCLXMNID5WCXFF
url-0441,http://www.lps.ufrj.br:80/~csantos/applet/sample2/default.html,http://www.lps.ufrj.br/~csantos/applet/sample2/default.html,"https://web.archive.org/cdx/search/cdx?url=lps.ufrj.br/*&output=json&filter=statuscode:200&filter=mimetype:text/html&fl=timestamp,original,statuscode,digest&collapse=urlkey&limit=10000",2003-08-12T12:14:01Z,archive-cdx,LPS web maintainers,und,historical-archive-only,public-record,sha256:7a012fb22921689362b8a437537f28dc9273deaaabb02aa371d249033e053ae7,410,2003-08-12,Wayback CDX capture 2003-08-12; archive is not current truth; CDX digest=QPUF5PSHHFAFE5OFZ5WYLSALYHFRVFWM
url-0442,http://www.lps.ufrj.br:80/~csantos/applet/sample3/main.htm,http://www.lps.ufrj.br/~csantos/applet/sample3/main.htm,"https://web.archive.org/cdx/search/cdx?url=lps.ufrj.br/*&output=json&filter=statuscode:200&filter=mimetype:text/html&fl=timestamp,original,statuscode,digest&collapse=urlkey&limit=10000",2003-07-14T03:58:48Z,archive-cdx,LPS web maintainers,und,historical-archive-only,public-record,sha256:82f8941be5d1ec323f41be9ace2c3f1072ba970679b5005eaddc560481758d8c,410,2003-07-14,Wayback CDX capture 2003-07-14; archive is not current truth; CDX digest=OLUFZSP5UFOQ3ARESGXMFAOOMSGXIVOF
url-0443,http://www.lps.ufrj.br:80/~csantos/areas.htm,http://www.lps.ufrj.br/~csantos/areas.htm,"https://web.archive.org/cdx/search/cdx?url=lps.ufrj.br/*&output=json&filter=statuscode:200&filter=mimetype:text/html&fl=timestamp,original,statuscode,digest&collapse=urlkey&limit=10000",2003-08-08T19:53:52Z,archive-cdx,LPS web maintainers,und,historical-archive-only,public-record,sha256:f4bdb641de7ff020805712688160e3b3059d1cc26d7d54a503756a7a4fa01d5b,410,2003-08-08,Wayback CDX capture 2003-08-08; archive is not current truth; CDX digest=7JW7CH54XOHBARQMCOSTAXIOOVGQPTMK
url-0444,http://www.lps.ufrj.br:80/~csantos/curricul.htm,http://www.lps.ufrj.br/~csantos/curricul.htm,"https://web.archive.org/cdx/search/cdx?url=lps.ufrj.br/*&output=json&filter=statuscode:200&filter=mimetype:text/html&fl=timestamp,original,statuscode,digest&collapse=urlkey&limit=10000",2003-08-08T19:54:52Z,archive-cdx,LPS web maintainers,und,historical-archive-only,public-record,sha256:49690dd1ed460fbfd5aade4fc87517b88b20039c086b1482941df271beb03511,410,2003-08-08,Wayback CDX capture 2003-08-08; archive is not current truth; CDX digest=TICYOQTKZ6JHGU5NCHIZLAYVVZTABWQT
url-0445,http://www.lps.ufrj.br:80/~csantos/forms.htm,http://www.lps.ufrj.br/~csantos/forms.htm,"https://web.archive.org/cdx/search/cdx?url=lps.ufrj.br/*&output=json&filter=statuscode:200&filter=mimetype:text/html&fl=timestamp,original,statuscode,digest&collapse=urlkey&limit=10000",2003-08-08T20:00:34Z,archive-cdx,LPS web maintainers,und,historical-archive-only,public-record,sha256:159b4d7865ddb41f7c3eb73099dcd117b66a6509a50e32bf02a93181c5c87516,410,2003-08-08,Wayback CDX capture 2003-08-08; archive is not current truth; CDX digest=EWKIIY5YRFML7NSX7NRJKNOCYQK5WHVH
url-0446,http://www.lps.ufrj.br:80/~csantos/menu.htm,http://www.lps.ufrj.br/~csantos/menu.htm,"https://web.archive.org/cdx/search/cdx?url=lps.ufrj.br/*&output=json&filter=statuscode:200&filter=mimetype:text/html&fl=timestamp,original,statuscode,digest&collapse=urlkey&limit=10000",2003-07-14T04:04:08Z,archive-cdx,LPS web maintainers,und,historical-archive-only,public-record,sha256:2f41d3f80ee14ae8695fd0b326322c9a0a45c2a1fb5747ca36ec282ee0cf6cd6,410,2003-07-14,Wayback CDX capture 2003-07-14; archive is not current truth; CDX digest=FWQHIYNUGFQA4QN2GOG4JSIJVE5R3EQD
url-0447,http://www.lps.ufrj.br:80/~damazio/,http://www.lps.ufrj.br/~damazio,"https://web.archive.org/cdx/search/cdx?url=lps.ufrj.br/*&output=json&filter=statuscode:200&filter=mimetype:text/html&fl=timestamp,original,statuscode,digest&collapse=urlkey&limit=10000",2001-05-15T19:27:21Z,archive-cdx,LPS web maintainers,und,historical-archive-only,public-record,sha256:1b3de5b15029902d19bdd139eb78ae70f51c1715ba447156d040f9d0ed845fae,410,2001-05-15,Wayback CDX capture 2001-05-15; archive is not current truth; CDX digest=PPBPFZCEXGULL5OV7PYQGAUGMY5OXBX3
url-0448,http://www.lps.ufrj.br:80/~damazio/curriculum/denisvitae/denisvitae.html,http://www.lps.ufrj.br/~damazio/curriculum/denisvitae/denisvitae.html,"https://web.archive.org/cdx/search/cdx?url=lps.ufrj.br/*&output=json&filter=statuscode:200&filter=mimetype:text/html&fl=timestamp,original,statuscode,digest&collapse=urlkey&limit=10000",2001-08-19T02:41:10Z,archive-cdx,LPS web maintainers,und,historical-archive-only,public-record,sha256:6aae14db869e8ad7fb21a99857a769db1c6cd80e11116b9b0cdde25f46dd8bb9,410,2001-08-19,Wayback CDX capture 2001-08-19; archive is not current truth; CDX digest=AZX4VDPZL2TFMRNQBJ4O7VKEAO5WQ3M6
url-0449,http://www.lps.ufrj.br:80/~damazio/curriculum/denisvitae/index.html,http://www.lps.ufrj.br/~damazio/curriculum/denisvitae/index.html,"https://web.archive.org/cdx/search/cdx?url=lps.ufrj.br/*&output=json&filter=statuscode:200&filter=mimetype:text/html&fl=timestamp,original,statuscode,digest&collapse=urlkey&limit=10000",2001-04-29T21:43:38Z,archive-cdx,LPS web maintainers,und,historical-archive-only,public-record,sha256:b27938369fd3e69e6d58e54c425b8561594db1d7537e221eab781303781eeec9,410,2001-04-29,Wayback CDX capture 2001-04-29; archive is not current truth; CDX digest=AZX4VDPZL2TFMRNQBJ4O7VKEAO5WQ3M6
url-0450,http://www.lps.ufrj.br:80/~damazio/curriculum/denisvitae/node1.html,http://www.lps.ufrj.br/~damazio/curriculum/denisvitae/node1.html,"https://web.archive.org/cdx/search/cdx?url=lps.ufrj.br/*&output=json&filter=statuscode:200&filter=mimetype:text/html&fl=timestamp,original,statuscode,digest&collapse=urlkey&limit=10000",2001-05-03T16:10:52Z,archive-cdx,LPS web maintainers,und,historical-archive-only,public-record,sha256:34c5005f5900a2f17611d5e1e70e96731fcdb4f86230697b2dab1c3aa6988116,410,2001-05-03,Wayback CDX capture 2001-05-03; archive is not current truth; CDX digest=IUMZURR6ZX3Q5J3ZHRKPZ7YQUEHFFA3Z
url-0451,http://www.lps.ufrj.br:80/~damazio/curriculum/denisvitae/node10.html,http://www.lps.ufrj.br/~damazio/curriculum/denisvitae/node10.html,"https://web.archive.org/cdx/search/cdx?url=lps.ufrj.br/*&output=json&filter=statuscode:200&filter=mimetype:text/html&fl=timestamp,original,statuscode,digest&collapse=urlkey&limit=10000",2001-05-03T16:36:56Z,archive-cdx,LPS web maintainers,und,historical-archive-only,public-record,sha256:f0d1285364498c3a7f28b8a7612c6c70df74d771d55214d7d6bf576b49770a97,410,2001-05-03,Wayback CDX capture 2001-05-03; archive is not current truth; CDX digest=V2GXUFL7LZX4AKBP4S6ULCFNQDL4GQT2
url-0452,http://www.lps.ufrj.br:80/~damazio/curriculum/denisvitae/node11.html,http://www.lps.ufrj.br/~damazio/curriculum/denisvitae/node11.html,"https://web.archive.org/cdx/search/cdx?url=lps.ufrj.br/*&output=json&filter=statuscode:200&filter=mimetype:text/html&fl=timestamp,original,statuscode,digest&collapse=urlkey&limit=10000",2001-05-04T06:36:45Z,archive-cdx,LPS web maintainers,und,historical-archive-only,public-record,sha256:9640b3eb74456c971869c4acbe7e2197171a6dfa243d5aa7c36a998a48f57753,410,2001-05-04,Wayback CDX capture 2001-05-04; archive is not current truth; CDX digest=GFFFCKBI6LHKRQUJQB5ZMUJGQ4LU7JZP
url-0453,http://www.lps.ufrj.br:80/~damazio/curriculum/denisvitae/node12.html,http://www.lps.ufrj.br/~damazio/curriculum/denisvitae/node12.html,"https://web.archive.org/cdx/search/cdx?url=lps.ufrj.br/*&output=json&filter=statuscode:200&filter=mimetype:text/html&fl=timestamp,original,statuscode,digest&collapse=urlkey&limit=10000",2001-05-04T05:31:12Z,archive-cdx,LPS web maintainers,und,historical-archive-only,public-record,sha256:fb91f617f4a797a702aa74e210f00c5753bbda1a9b8f46ce10b2c12aed71ba0c,410,2001-05-04,Wayback CDX capture 2001-05-04; archive is not current truth; CDX digest=GJ4B7CJ4DFYM6VEUCG5AO7BQT27F6K7Y
url-0454,http://www.lps.ufrj.br:80/~damazio/curriculum/denisvitae/node13.html,http://www.lps.ufrj.br/~damazio/curriculum/denisvitae/node13.html,"https://web.archive.org/cdx/search/cdx?url=lps.ufrj.br/*&output=json&filter=statuscode:200&filter=mimetype:text/html&fl=timestamp,original,statuscode,digest&collapse=urlkey&limit=10000",2001-05-03T18:55:09Z,archive-cdx,LPS web maintainers,und,historical-archive-only,public-record,sha256:e34b7cb409797e08ccccadbe8d4d58c8a38cc3d37454f4ef57b1b42e25a4f46f,410,2001-05-03,Wayback CDX capture 2001-05-03; archive is not current truth; CDX digest=7HDGX5VTW74VIREQVZHPXFEQDU6GRXMC
url-0455,http://www.lps.ufrj.br:80/~damazio/curriculum/denisvitae/node14.html,http://www.lps.ufrj.br/~damazio/curriculum/denisvitae/node14.html,"https://web.archive.org/cdx/search/cdx?url=lps.ufrj.br/*&output=json&filter=statuscode:200&filter=mimetype:text/html&fl=timestamp,original,statuscode,digest&collapse=urlkey&limit=10000",2002-12-15T09:10:25Z,archive-cdx,LPS web maintainers,und,historical-archive-only,public-record,sha256:53e0c14a75ec2fd65cfb3b15537750b52e72c981923730935c18fab73e7c7415,410,2002-12-15,Wayback CDX capture 2002-12-15; archive is not current truth; CDX digest=UWUKRWG2D3CIDBXMTRGXYQY4DOVM2T34
url-0456,http://www.lps.ufrj.br:80/~damazio/curriculum/denisvitae/node2.html,http://www.lps.ufrj.br/~damazio/curriculum/denisvitae/node2.html,"https://web.archive.org/cdx/search/cdx?url=lps.ufrj.br/*&output=json&filter=statuscode:200&filter=mimetype:text/html&fl=timestamp,original,statuscode,digest&collapse=urlkey&limit=10000",2001-05-04T08:00:19Z,archive-cdx,LPS web maintainers,und,historical-archive-only,public-record,sha256:c34ccf6d48d36ba48be9959ece6dd426b4d940828036da06e7d5fa3cd9925b13,410,2001-05-04,Wayback CDX capture 2001-05-04; archive is not current truth; CDX digest=SKCQF47HYUBKIUW2ZKGARJKKB6BGWA7X
url-0457,http://www.lps.ufrj.br:80/~damazio/curriculum/denisvitae/node3.html,http://www.lps.ufrj.br/~damazio/curriculum/denisvitae/node3.html,"https://web.archive.org/cdx/search/cdx?url=lps.ufrj.br/*&output=json&filter=statuscode:200&filter=mimetype:text/html&fl=timestamp,original,statuscode,digest&collapse=urlkey&limit=10000",2002-12-15T09:28:18Z,archive-cdx,LPS web maintainers,und,historical-archive-only,public-record,sha256:4fbd18389392f6822e09e74da33aacb5ad4c54bcfd87d0625097c3b67bf165e9,410,2002-12-15,Wayback CDX capture 2002-12-15; archive is not current truth; CDX digest=4Z355ZENMXHLASFLHPDRPWOHXYYJB4OH
url-0458,http://www.lps.ufrj.br:80/~damazio/curriculum/denisvitae/node4.html,http://www.lps.ufrj.br/~damazio/curriculum/denisvitae/node4.html,"https://web.archive.org/cdx/search/cdx?url=lps.ufrj.br/*&output=json&filter=statuscode:200&filter=mimetype:text/html&fl=timestamp,original,statuscode,digest&collapse=urlkey&limit=10000",2001-05-05T04:08:48Z,archive-cdx,LPS web maintainers,und,historical-archive-only,public-record,sha256:0a3aec67b4e5b23ca96e9ff9c8566404b161f875d3f4f4e9326706fd0b54a3bb,410,2001-05-05,Wayback CDX capture 2001-05-05; archive is not current truth; CDX digest=Q3CUMXNTGRHQZMMMQOI6Y6UMH6D7TU5K
url-0459,http://www.lps.ufrj.br:80/~damazio/curriculum/denisvitae/node5.html,http://www.lps.ufrj.br/~damazio/curriculum/denisvitae/node5.html,"https://web.archive.org/cdx/search/cdx?url=lps.ufrj.br/*&output=json&filter=statuscode:200&filter=mimetype:text/html&fl=timestamp,original,statuscode,digest&collapse=urlkey&limit=10000",2001-05-05T16:07:48Z,archive-cdx,LPS web maintainers,und,historical-archive-only,public-record,sha256:01171dfd55e8063744783b87091e5ae8bd772483f07f304f5289a25e3794849f,410,2001-05-05,Wayback CDX capture 2001-05-05; archive is not current truth; CDX digest=ME7ZZJC3GEBUDYC6PQ5BFZCGSDX366HD
url-0460,http://www.lps.ufrj.br:80/~damazio/curriculum/denisvitae/node6.html,http://www.lps.ufrj.br/~damazio/curriculum/denisvitae/node6.html,"https://web.archive.org/cdx/search/cdx?url=lps.ufrj.br/*&output=json&filter=statuscode:200&filter=mimetype:text/html&fl=timestamp,original,statuscode,digest&collapse=urlkey&limit=10000",2001-05-10T08:06:20Z,archive-cdx,LPS web maintainers,und,historical-archive-only,public-record,sha256:982ccc1dc188605f828b0d1a1f68e80bc5255a25d5d44dde86e4db0af5a420c4,410,2001-05-10,Wayback CDX capture 2001-05-10; archive is not current truth; CDX digest=QYXVCGR6FECBA55KYNFYISPTGAJYXYRQ
url-0461,http://www.lps.ufrj.br:80/~damazio/curriculum/denisvitae/node7.html,http://www.lps.ufrj.br/~damazio/curriculum/denisvitae/node7.html,"https://web.archive.org/cdx/search/cdx?url=lps.ufrj.br/*&output=json&filter=statuscode:200&filter=mimetype:text/html&fl=timestamp,original,statuscode,digest&collapse=urlkey&limit=10000",2001-05-13T01:01:56Z,archive-cdx,LPS web maintainers,und,historical-archive-only,public-record,sha256:6ffbba249cba414417cb487e9f180accb5e81116cd73ba727bcbb36a427aa877,410,2001-05-13,Wayback CDX capture 2001-05-13; archive is not current truth; CDX digest=GIBCUWGEUUK6XCW7CU5ZDHTJKXXXHYMJ
url-0462,http://www.lps.ufrj.br:80/~damazio/curriculum/denisvitae/node8.html,http://www.lps.ufrj.br/~damazio/curriculum/denisvitae/node8.html,"https://web.archive.org/cdx/search/cdx?url=lps.ufrj.br/*&output=json&filter=statuscode:200&filter=mimetype:text/html&fl=timestamp,original,statuscode,digest&collapse=urlkey&limit=10000",2001-08-09T19:07:29Z,archive-cdx,LPS web maintainers,und,historical-archive-only,public-record,sha256:a0b791e4f1e47121c8a219236aa3c028b8d1d9e0fa7ca53d73805fbf6cc38619,410,2001-08-09,Wayback CDX capture 2001-08-09; archive is not current truth; CDX digest=CKQR642IQGBYXHD76DDPMAOFZ2LFZ42R
url-0463,http://www.lps.ufrj.br:80/~damazio/curriculum/denisvitae/node9.html,http://www.lps.ufrj.br/~damazio/curriculum/denisvitae/node9.html,"https://web.archive.org/cdx/search/cdx?url=lps.ufrj.br/*&output=json&filter=statuscode:200&filter=mimetype:text/html&fl=timestamp,original,statuscode,digest&collapse=urlkey&limit=10000",2002-12-15T09:32:53Z,archive-cdx,LPS web maintainers,und,historical-archive-only,public-record,sha256:3939ad2c5cf86bc95323ef4ea671dcba114fe47fe06e48a9519f523259c9e7bb,410,2002-12-15,Wayback CDX capture 2002-12-15; archive is not current truth; CDX digest=LDKOHPFOQP6KR5QMRD44OOFHUTA5JMMR
url-0464,http://www02.lps.ufrj.br:80/~diniz/diniz_oficial/,http://www02.lps.ufrj.br/~diniz/diniz_oficial,"https://web.archive.org/cdx/search/cdx?url=lps.ufrj.br/*&output=json&filter=statuscode:200&filter=mimetype:text/html&fl=timestamp,original,statuscode,digest&collapse=urlkey&limit=10000",2013-01-27T04:25:57Z,archive-cdx,LPS web maintainers,und,historical-archive-only,public-record,sha256:7a8a450b42555a5b1b94d1f92c1dcd8babf00b67d598858602acba25004131ca,410,2013-01-27,Wayback CDX capture 2013-01-27; archive is not current truth; CDX digest=6B5ZMJVRXBGSNABOK5FVRSMPLOE2ULZ2
url-0465,http://www02.lps.ufrj.br:80/~diniz/diniz_oficial/adaptivebook/,http://www02.lps.ufrj.br/~diniz/diniz_oficial/adaptivebook,"https://web.archive.org/cdx/search/cdx?url=lps.ufrj.br/*&output=json&filter=statuscode:200&filter=mimetype:text/html&fl=timestamp,original,statuscode,digest&collapse=urlkey&limit=10000",2010-12-21T12:01:42Z,archive-cdx,LPS web maintainers,und,historical-archive-only,public-record,sha256:87de4292642962e02f7975121ee3cef8ec2a89e08e73b8681e4ae2c8cfb01d67,410,2010-12-21,Wayback CDX capture 2010-12-21; archive is not current truth; CDX digest=CBVFDTQNBBAQO53TIU63FJC637M3IV62
url-0466,http://www02.lps.ufrj.br:80/~diniz/diniz_oficial/thesis.htm,http://www02.lps.ufrj.br/~diniz/diniz_oficial/thesis.htm,"https://web.archive.org/cdx/search/cdx?url=lps.ufrj.br/*&output=json&filter=statuscode:200&filter=mimetype:text/html&fl=timestamp,original,statuscode,digest&collapse=urlkey&limit=10000",2010-06-13T12:34:47Z,archive-cdx,LPS web maintainers,und,historical-archive-only,public-record,sha256:1576f7833aecf49bc844c99c277aa22f6267178ce4f457eb3331a639f93eb37e,410,2010-06-13,Wayback CDX capture 2010-06-13; archive is not current truth; CDX digest=6X5J6WAJRWFKH3AKU4XRHKOYMCARYLDX
url-0467,http://www02.lps.ufrj.br:80/~eduardo/MMP/3D_results.html,http://www02.lps.ufrj.br/~eduardo/MMP/3D_results.html,"https://web.archive.org/cdx/search/cdx?url=lps.ufrj.br/*&output=json&filter=statuscode:200&filter=mimetype:text/html&fl=timestamp,original,statuscode,digest&collapse=urlkey&limit=10000",2014-05-12T01:38:14Z,archive-cdx,LPS web maintainers,und,historical-archive-only,public-record,sha256:131314768f810ea53220376a3b3a3d7a0b601624bc93fa1a1344f7439a16c038,410,2014-05-12,Wayback CDX capture 2014-05-12; archive is not current truth; CDX digest=RC27MP5R3ZRS5ETTLDNB45JSBNTP5XKC
url-0468,http://www.lps.ufrj.br:80/~felipe/cgi-bin/cad0.cgi,http://www.lps.ufrj.br/~felipe/cgi-bin/cad0.cgi,"https://web.archive.org/cdx/search/cdx?url=lps.ufrj.br/*&output=json&filter=statuscode:200&filter=mimetype:text/html&fl=timestamp,original,statuscode,digest&collapse=urlkey&limit=10000",2002-12-12T00:27:47Z,archive-cdx,LPS web maintainers,und,historical-archive-only,public-record,sha256:568230e09444c9a684f4dfc579f9fb178c43cc8ae990a457ebb29d92521eeff5,410,2002-12-12,Wayback CDX capture 2002-12-12; archive is not current truth; CDX digest=ZCBCGY34ZRITXEK7K47PGOMBFRROHHE5
url-0469,http://www.lps.ufrj.br:80/~felipe/cgi-bin/confirma0.cgi,http://www.lps.ufrj.br/~felipe/cgi-bin/confirma0.cgi,"https://web.archive.org/cdx/search/cdx?url=lps.ufrj.br/*&output=json&filter=statuscode:200&filter=mimetype:text/html&fl=timestamp,original,statuscode,digest&collapse=urlkey&limit=10000",2002-10-13T05:42:18Z,archive-cdx,LPS web maintainers,und,historical-archive-only,public-record,sha256:8b4b55494883157bb56c28d81655696211457d6b8de5f4b81c362782dab020c2,410,2002-10-13,Wayback CDX capture 2002-10-13; archive is not current truth; CDX digest=VJKURA5DFNCJTVXSAYO4QXDUKRNXOE6Q
url-0470,http://www.lps.ufrj.br:80/~felipe/encontro/,http://www.lps.ufrj.br/~felipe/encontro,"https://web.archive.org/cdx/search/cdx?url=lps.ufrj.br/*&output=json&filter=statuscode:200&filter=mimetype:text/html&fl=timestamp,original,statuscode,digest&collapse=urlkey&limit=10000",2002-10-13T00:09:00Z,archive-cdx,LPS web maintainers,und,historical-archive-only,public-record,sha256:db6a5fc5a5c52341a69b173a5aaf391244bfbe23147d0bc9d88973a100102f8c,410,2002-10-13,Wayback CDX capture 2002-10-13; archive is not current truth; CDX digest=2MDL7RSLRYU7NJQ567EX2GICQ6JU3FKM
url-0471,http://www.lps.ufrj.br:80/~furtado/,http://www.lps.ufrj.br/~furtado,"https://web.archive.org/cdx/search/cdx?url=lps.ufrj.br/*&output=json&filter=statuscode:200&filter=mimetype:text/html&fl=timestamp,original,statuscode,digest&collapse=urlkey&limit=10000",2003-06-25T04:33:12Z,archive-cdx,LPS web maintainers,und,historical-archive-only,public-record,sha256:e8535bdc1b43ef382749f7fdf7d291c96784fef0cea2d7433baba7c6b2cab050,410,2003-06-25,Wayback CDX capture 2003-06-25; archive is not current truth; CDX digest=ISVV3X6OTNBIJHYHUL35CQI5SDQPWN67
url-0472,http://www.lps.ufrj.br:80/~furtado/example1.htm,http://www.lps.ufrj.br/~furtado/example1.htm,"https://web.archive.org/cdx/search/cdx?url=lps.ufrj.br/*&output=json&filter=statuscode:200&filter=mimetype:text/html&fl=timestamp,original,statuscode,digest&collapse=urlkey&limit=10000",2003-04-26T18:03:18Z,archive-cdx,LPS web maintainers,und,historical-archive-only,public-record,sha256:2c0083615c1e91c19549f83e3de64f5426cdec2b13e200196db6dc312cdc23e9,410,2003-04-26,Wayback CDX capture 2003-04-26; archive is not current truth; CDX digest=ZHDFRSBXGIMGXB4SDERULHWB5E6DRFUZ
url-0473,http://www.lps.ufrj.br:80/~furtado/index1.html,http://www.lps.ufrj.br/~furtado/index1.html,"https://web.archive.org/cdx/search/cdx?url=lps.ufrj.br/*&output=json&filter=statuscode:200&filter=mimetype:text/html&fl=timestamp,original,statuscode,digest&collapse=urlkey&limit=10000",2003-04-26T13:37:27Z,archive-cdx,LPS web maintainers,und,historical-archive-only,public-record,sha256:6300ee4e1c5eed815dd03d3925707a6cdd4a735a7775b5fdd089711601996d68,410,2003-04-26,Wayback CDX capture 2003-04-26; archive is not current truth; CDX digest=AUN747EUGTPC575GJED52HFFFKUKBZ2P
url-0474,http://www.lps.ufrj.br:80/~ggarnier/,http://www.lps.ufrj.br/~ggarnier,"https://web.archive.org/cdx/search/cdx?url=lps.ufrj.br/*&output=json&filter=statuscode:200&filter=mimetype:text/html&fl=timestamp,original,statuscode,digest&collapse=urlkey&limit=10000",2003-02-20T23:05:20Z,archive-cdx,LPS web maintainers,und,historical-archive-only,public-record,sha256:096858a8d9f99adf6b2544c64868183074e7b981c297a8e9d21b828699ea3635,410,2003-02-20,Wayback CDX capture 2003-02-20; archive is not current truth; CDX digest=5VQW7QC2MPWCBF2MWHVCM4LMFCKU7K43
url-0475,http://www.lps.ufrj.br:80/~ggarnier/cgi-bin/test.cgi,http://www.lps.ufrj.br/~ggarnier/cgi-bin/test.cgi,"https://web.archive.org/cdx/search/cdx?url=lps.ufrj.br/*&output=json&filter=statuscode:200&filter=mimetype:text/html&fl=timestamp,original,statuscode,digest&collapse=urlkey&limit=10000",2003-02-22T18:24:46Z,archive-cdx,LPS web maintainers,und,historical-archive-only,public-record,sha256:d5a760209a76aa151e5737911b6491f80863273f67ed61e0cba76352f7f05f27,410,2003-02-22,Wayback CDX capture 2003-02-22; archive is not current truth; CDX digest=CEXB7VSULWAIXPFCVSK74MYBJJTARZGL
url-0476,http://www.lps.ufrj.br:80/~ggarnier/cgi-bin/upload/upload_cgi.html,http://www.lps.ufrj.br/~ggarnier/cgi-bin/upload/upload_cgi.html,"https://web.archive.org/cdx/search/cdx?url=lps.ufrj.br/*&output=json&filter=statuscode:200&filter=mimetype:text/html&fl=timestamp,original,statuscode,digest&collapse=urlkey&limit=10000",2003-02-22T05:08:08Z,archive-cdx,LPS web maintainers,und,historical-archive-only,public-record,sha256:af865ba16fdd153e031c9e57986c65e8106b1e8cc1b03bfc748903fac6d20cce,410,2003-02-22,Wayback CDX capture 2003-02-22; archive is not current truth; CDX digest=UF5CKKESWRS5E57EC3ZR5VIHURK6GJZB
url-0477,http://www.lps.ufrj.br:80/~ggarnier/cookie.html,http://www.lps.ufrj.br/~ggarnier/cookie.html,"https://web.archive.org/cdx/search/cdx?url=lps.ufrj.br/*&output=json&filter=statuscode:200&filter=mimetype:text/html&fl=timestamp,original,statuscode,digest&collapse=urlkey&limit=10000",2003-04-26T13:30:14Z,archive-cdx,LPS web maintainers,und,historical-archive-only,public-record,sha256:4a2fc5991bb2d6e8a9de2da89dfc5a66ec751a66dab5782e53086132bf849f36,410,2003-04-26,Wayback CDX capture 2003-04-26; archive is not current truth; CDX digest=UYGGJBPASCLVZ2GACAGDAXG2ZYXJDU7W
url-0478,http://www.lps.ufrj.br:80/~ggarnier/login.html,http://www.lps.ufrj.br/~ggarnier/login.html,"https://web.archive.org/cdx/search/cdx?url=lps.ufrj.br/*&output=json&filter=statuscode:200&filter=mimetype:text/html&fl=timestamp,original,statuscode,digest&collapse=urlkey&limit=10000",2003-02-22T05:13:09Z,archive-cdx,LPS web maintainers,und,historical-archive-only,public-record,sha256:1c367f4a44633364e9109da17b0cc265ccfef9aeddf3147f041f19d7999f61c6,410,2003-02-22,Wayback CDX capture 2003-02-22; archive is not current truth; CDX digest=6DEOGWDY73H6KGZLNA7U4WFS6SHRT53F
url-0479,http://www.lps.ufrj.br:80/~ggarnier/multiply_table.html,http://www.lps.ufrj.br/~ggarnier/multiply_table.html,"https://web.archive.org/cdx/search/cdx?url=lps.ufrj.br/*&output=json&filter=statuscode:200&filter=mimetype:text/html&fl=timestamp,original,statuscode,digest&collapse=urlkey&limit=10000",2003-02-22T05:25:57Z,archive-cdx,LPS web maintainers,und,historical-archive-only,public-record,sha256:80239113f373464fa2c9e7fd4f3754abc6740a6d2002eb8758085844e4e82f17,410,2003-02-22,Wayback CDX capture 2003-02-22; archive is not current truth; CDX digest=44CEBKABWBSJMAJK53RFHI7OKNBM32TU
url-0480,http://www.lps.ufrj.br:80/~ggarnier/system_login.htm,http://www.lps.ufrj.br/~ggarnier/system_login.htm,"https://web.archive.org/cdx/search/cdx?url=lps.ufrj.br/*&output=json&filter=statuscode:200&filter=mimetype:text/html&fl=timestamp,original,statuscode,digest&collapse=urlkey&limit=10000",2003-03-08T03:35:25Z,archive-cdx,LPS web maintainers,und,historical-archive-only,public-record,sha256:d13efa47e60b41fc0939e801d3c40557f03715efc462797c40e085f68f21091c,410,2003-03-08,Wayback CDX capture 2003-03-08; archive is not current truth; CDX digest=LNJF4X23WFQNA5YJM5JD4VMIGC3M3B4T
url-0481,http://www.lps.ufrj.br:80/~ggarnier/test.html,http://www.lps.ufrj.br/~ggarnier/test.html,"https://web.archive.org/cdx/search/cdx?url=lps.ufrj.br/*&output=json&filter=statuscode:200&filter=mimetype:text/html&fl=timestamp,original,statuscode,digest&collapse=urlkey&limit=10000",2003-02-22T05:11:45Z,archive-cdx,LPS web maintainers,und,historical-archive-only,public-record,sha256:363dd2998a09b2b121618e06d883cc242ea5fc195921a8f1ac37efac3d2da60d,410,2003-02-22,Wayback CDX capture 2003-02-22; archive is not current truth; CDX digest=IDWUB7ZPTFKDAD5W4FEPY3HVO5T6BOHN
url-0482,http://www.lps.ufrj.br:80/~glac/,http://www.lps.ufrj.br/~glac,"https://web.archive.org/cdx/search/cdx?url=lps.ufrj.br/*&output=json&filter=statuscode:200&filter=mimetype:text/html&fl=timestamp,original,statuscode,digest&collapse=urlkey&limit=10000",2002-08-06T19:41:08Z,archive-cdx,LPS web maintainers,und,historical-archive-only,public-record,sha256:843d0879d5ae629d5458097dc38cacc2016cc2bafde375091d7492d2f228ea91,410,2002-08-06,Wayback CDX capture 2002-08-06; archive is not current truth; CDX digest=VLMLTCJI22GWJ2J37JXKUWXIID6XVJKZ
url-0483,http://www.lps.ufrj.br:80/~glac/artigos.htm,http://www.lps.ufrj.br/~glac/artigos.htm,"https://web.archive.org/cdx/search/cdx?url=lps.ufrj.br/*&output=json&filter=statuscode:200&filter=mimetype:text/html&fl=timestamp,original,statuscode,digest&collapse=urlkey&limit=10000",2003-08-12T12:16:12Z,archive-cdx,LPS web maintainers,und,historical-archive-only,public-record,sha256:a100e8ee6b877f88bc4898bd9eb1d552f999fb1bfae6c5ad011057cc27931254,410,2003-08-12,Wayback CDX capture 2003-08-12; archive is not current truth; CDX digest=DNFXUI2MO33RZTKX2PCHMU2WIXGDTLMZ
url-0484,http://www.lps.ufrj.br:80/~glac/body.htm,http://www.lps.ufrj.br/~glac/body.htm,"https://web.archive.org/cdx/search/cdx?url=lps.ufrj.br/*&output=json&filter=statuscode:200&filter=mimetype:text/html&fl=timestamp,original,statuscode,digest&collapse=urlkey&limit=10000",2003-07-14T05:22:55Z,archive-cdx,LPS web maintainers,und,historical-archive-only,public-record,sha256:fc67727631c52bd27ce47453b6da79b15ba64c40a7c286cfcb3716f271dcb6d3,410,2003-07-14,Wayback CDX capture 2003-07-14; archive is not current truth; CDX digest=QDBFMGA7D7YJCY2K5FX2JK7VXSJEQETI
url-0485,http://www.lps.ufrj.br:80/~glac/cgi-bin/developers_login_page.cgi,http://www.lps.ufrj.br/~glac/cgi-bin/developers_login_page.cgi,"https://web.archive.org/cdx/search/cdx?url=lps.ufrj.br/*&output=json&filter=statuscode:200&filter=mimetype:text/html&fl=timestamp,original,statuscode,digest&collapse=urlkey&limit=10000",2003-04-25T22:23:50Z,archive-cdx,LPS web maintainers,und,historical-archive-only,public-record,sha256:c0331eff3ef7991773fc9af0db7b90951be7164c2674c15b0c7f2aa5fada9c06,410,2003-04-25,Wayback CDX capture 2003-04-25; archive is not current truth; CDX digest=HAWAD2IAGSWBWEA7T6N7WCI2GLHHB4NI
url-0486,http://www.lps.ufrj.br:80/~glac/cgi-bin/mostra_cursos_02.cgi,http://www.lps.ufrj.br/~glac/cgi-bin/mostra_cursos_02.cgi,"https://web.archive.org/cdx/search/cdx?url=lps.ufrj.br/*&output=json&filter=statuscode:200&filter=mimetype:text/html&fl=timestamp,original,statuscode,digest&collapse=urlkey&limit=10000",2003-08-09T07:37:24Z,archive-cdx,LPS web maintainers,und,historical-archive-only,public-record,sha256:3ca554ecae536dc4985e6548a1902e81ca44947425d56dbaa5e9673101ebf9fb,410,2003-08-09,Wayback CDX capture 2003-08-09; archive is not current truth; CDX digest=R5N4YE3CMXJUVBMHRYTRBOO36Z5UCFX6
url-0487,http://www.lps.ufrj.br:80/~glac/cgi-bin/show_disciplines.cgi,http://www.lps.ufrj.br/~glac/cgi-bin/show_disciplines.cgi,"https://web.archive.org/cdx/search/cdx?url=lps.ufrj.br/*&output=json&filter=statuscode:200&filter=mimetype:text/html&fl=timestamp,original,statuscode,digest&collapse=urlkey&limit=10000",2003-07-27T05:53:30Z,archive-cdx,LPS web maintainers,und,historical-archive-only,public-record,sha256:e766e84c5c4b2f026cb08c6bec46e6df722aecac6f5024b94ebb699fb5464ad2,410,2003-07-27,Wayback CDX capture 2003-07-27; archive is not current truth; CDX digest=3QDTWNJXFBB357Q7G7DTLF257NKFEXAQ
url-0488,http://www.lps.ufrj.br:80/~glac/cgi-bin/show_page.cgi?page=index.html,http://www.lps.ufrj.br/~glac/cgi-bin/show_page.cgi?page=index.html,"https://web.archive.org/cdx/search/cdx?url=lps.ufrj.br/*&output=json&filter=statuscode:200&filter=mimetype:text/html&fl=timestamp,original,statuscode,digest&collapse=urlkey&limit=10000",2003-04-25T14:04:00Z,archive-cdx,LPS web maintainers,und,historical-archive-only,public-record,sha256:0c45cf435b05a83ba755839832349807deef6bb484f76e5740c2036274498425,410,2003-04-25,Wayback CDX capture 2003-04-25; archive is not current truth; CDX digest=E3H6JSHJHL65BMQ5S3XKMYUAHW6ZNBW3
url-0489,http://www.lps.ufrj.br:80/~glac/cgihtml.html,http://www.lps.ufrj.br/~glac/cgihtml.html,"https://web.archive.org/cdx/search/cdx?url=lps.ufrj.br/*&output=json&filter=statuscode:200&filter=mimetype:text/html&fl=timestamp,original,statuscode,digest&collapse=urlkey&limit=10000",2003-08-12T12:24:05Z,archive-cdx,LPS web maintainers,und,historical-archive-only,public-record,sha256:fd75a49b5c6a064fca542d1540bed571cdf7e183af95238543cc53fdacb87696,410,2003-08-12,Wayback CDX capture 2003-08-12; archive is not current truth; CDX digest=R4V23FHVUC5HLJNNXQ5F4HUEPAMTOPEB
url-0490,http://www.lps.ufrj.br:80/~glac/convert_tut.htm,http://www.lps.ufrj.br/~glac/convert_tut.htm,"https://web.archive.org/cdx/search/cdx?url=lps.ufrj.br/*&output=json&filter=statuscode:200&filter=mimetype:text/html&fl=timestamp,original,statuscode,digest&collapse=urlkey&limit=10000",2002-10-05T12:08:22Z,archive-cdx,LPS web maintainers,und,historical-archive-only,public-record,sha256:bf506cc6189b91ec1a65d9fbfa4321677a295ce8de7bfe1cc24af7cd33c05dd5,410,2002-10-05,Wayback CDX capture 2002-10-05; archive is not current truth; CDX digest=PQNWILD6BGN5MLMMPVNGAOHS4L3SE5UJ
url-0491,http://www.lps.ufrj.br:80/~glac/development.htm,http://www.lps.ufrj.br/~glac/development.htm,"https://web.archive.org/cdx/search/cdx?url=lps.ufrj.br/*&output=json&filter=statuscode:200&filter=mimetype:text/html&fl=timestamp,original,statuscode,digest&collapse=urlkey&limit=10000",2003-08-09T07:34:12Z,archive-cdx,LPS web maintainers,und,historical-archive-only,public-record,sha256:0008eec030b32663b036d7d03e7418cfcc188cdb12b86f999271e63858d3ecbf,410,2003-08-09,Wayback CDX capture 2003-08-09; archive is not current truth; CDX digest=IAYIMVUCMCA27HGHIAARJVVKGMD7KIGT
url-0492,http://www.lps.ufrj.br:80/~glac/duvidas.htm,http://www.lps.ufrj.br/~glac/duvidas.htm,"https://web.archive.org/cdx/search/cdx?url=lps.ufrj.br/*&output=json&filter=statuscode:200&filter=mimetype:text/html&fl=timestamp,original,statuscode,digest&collapse=urlkey&limit=10000",2003-08-09T07:55:55Z,archive-cdx,LPS web maintainers,und,historical-archive-only,public-record,sha256:171af89da905ccb65a53c903565aa19a4745b1ef6c88061b24fac64088e56c9b,410,2003-08-09,Wayback CDX capture 2003-08-09; archive is not current truth; CDX digest=7X6JEOFSDDHCJCL67M2OZUEPEYIEOJZE
url-0493,http://www.lps.ufrj.br:80/~glac/duvidas2.htm,http://www.lps.ufrj.br/~glac/duvidas2.htm,"https://web.archive.org/cdx/search/cdx?url=lps.ufrj.br/*&output=json&filter=statuscode:200&filter=mimetype:text/html&fl=timestamp,original,statuscode,digest&collapse=urlkey&limit=10000",2003-08-09T07:55:25Z,archive-cdx,LPS web maintainers,und,historical-archive-only,public-record,sha256:7eeb14492843d7cbee6967bc38e1bf757d04186c071ebdec162193a8afa55e31,410,2003-08-09,Wayback CDX capture 2003-08-09; archive is not current truth; CDX digest=3OZ4PM3LZUS2VW24VHH2GHUI4WJYBFHI
url-0494,http://www.lps.ufrj.br:80/~glac/estudo_comparativo.htm,http://www.lps.ufrj.br/~glac/estudo_comparativo.htm,"https://web.archive.org/cdx/search/cdx?url=lps.ufrj.br/*&output=json&filter=statuscode:200&filter=mimetype:text/html&fl=timestamp,original,statuscode,digest&collapse=urlkey&limit=10000",2003-08-12T12:21:39Z,archive-cdx,LPS web maintainers,und,historical-archive-only,public-record,sha256:01b332a1fdc172296b009e04e3153765eacc6ba6f7608149b45321bc1e763af4,410,2003-08-12,Wayback CDX capture 2003-08-12; archive is not current truth; CDX digest=JPBRQFS7XOJMWRHWUQLFD4U2UCYDT34I
url-0495,http://www.lps.ufrj.br:80/~glac/links.htm,http://www.lps.ufrj.br/~glac/links.htm,"https://web.archive.org/cdx/search/cdx?url=lps.ufrj.br/*&output=json&filter=statuscode:200&filter=mimetype:text/html&fl=timestamp,original,statuscode,digest&collapse=urlkey&limit=10000",2003-08-09T08:00:53Z,archive-cdx,LPS web maintainers,und,historical-archive-only,public-record,sha256:4ac95312992a811b56d8850c0970b58a0dd079ca17bc18e5e8f1f0e7a28d32e6,410,2003-08-09,Wayback CDX capture 2003-08-09; archive is not current truth; CDX digest=5W2OC3O7RWLKC5U2MWFQPAFDXQTRN2E5
url-0496,http://www.lps.ufrj.br:80/~glac/menu2.htm,http://www.lps.ufrj.br/~glac/menu2.htm,"https://web.archive.org/cdx/search/cdx?url=lps.ufrj.br/*&output=json&filter=statuscode:200&filter=mimetype:text/html&fl=timestamp,original,statuscode,digest&collapse=urlkey&limit=10000",2003-07-14T05:28:27Z,archive-cdx,LPS web maintainers,und,historical-archive-only,public-record,sha256:35075dd1d83cfacd97af435d571c7381f80cb3eac311bc48b51b0fffb22fd445,410,2003-07-14,Wayback CDX capture 2003-07-14; archive is not current truth; CDX digest=4BDXZXCXITLMPA3QWGHZM5NTT3EQAI7M
url-0497,http://www.lps.ufrj.br:80/~glac/novidades.htm,http://www.lps.ufrj.br/~glac/novidades.htm,"https://web.archive.org/cdx/search/cdx?url=lps.ufrj.br/*&output=json&filter=statuscode:200&filter=mimetype:text/html&fl=timestamp,original,statuscode,digest&collapse=urlkey&limit=10000",2003-08-09T07:59:55Z,archive-cdx,LPS web maintainers,und,historical-archive-only,public-record,sha256:757ce41fcfbc47ba689d616f2319030f98076ca891df5fdf7038982c132cd8fc,410,2003-08-09,Wayback CDX capture 2003-08-09; archive is not current truth; CDX digest=F6OGOUMV3YE4QZ6JCVXXNBYHFUAA2VPT
url-0498,http://www.lps.ufrj.br:80/~glac/participantes.htm,http://www.lps.ufrj.br/~glac/participantes.htm,"https://web.archive.org/cdx/search/cdx?url=lps.ufrj.br/*&output=json&filter=statuscode:200&filter=mimetype:text/html&fl=timestamp,original,statuscode,digest&collapse=urlkey&limit=10000",2003-08-09T08:25:42Z,archive-cdx,LPS web maintainers,und,historical-archive-only,public-record,sha256:6ed5d5930faedd64c50cb5d39d4d67115e1bc484975a02d7a8e390cadd964d90,410,2003-08-09,Wayback CDX capture 2003-08-09; archive is not current truth; CDX digest=4KEM7XZD7DABFJQFCJNBADTV4GF36WGH
url-0499,http://lps.ufrj.br:80/~ica/avancosml/2015/,http://lps.ufrj.br/~ica/avancosml/2015,"https://web.archive.org/cdx/search/cdx?url=lps.ufrj.br/*&output=json&filter=statuscode:200&filter=mimetype:text/html&fl=timestamp,original,statuscode,digest&collapse=urlkey&limit=10000",2015-10-09T22:41:05Z,archive-cdx,LPS web maintainers,und,historical-archive-only,public-record,sha256:845750f1026d5d2eb38e9cc3fcbd1af6d8c068ef0eaa4d78d668164b1339d6ec,410,2015-10-09,Wayback CDX capture 2015-10-09; archive is not current truth; CDX digest=IOXZAWCTZ4KFHTSXYCYRNEBKAMDPKS4U
url-0500,http://www02.lps.ufrj.br:80/~iscas.org/,http://www02.lps.ufrj.br/~iscas.org,"https://web.archive.org/cdx/search/cdx?url=lps.ufrj.br/*&output=json&filter=statuscode:200&filter=mimetype:text/html&fl=timestamp,original,statuscode,digest&collapse=urlkey&limit=10000",2010-09-20T09:06:15Z,archive-cdx,LPS web maintainers,und,historical-archive-only,public-record,sha256:9b1afea0f4a9c128b2518b6c2d61556c9be7a325d1d463c54853b7a359c9f996,410,2010-09-20,Wayback CDX capture 2010-09-20; archive is not current truth; CDX digest=Z5UKQ56NTCZIELDETYB4IUDRTD34ZC7W
url-0501,http://www02.lps.ufrj.br:80/~iscas.org/_notes/,http://www02.lps.ufrj.br/~iscas.org/_notes,"https://web.archive.org/cdx/search/cdx?url=lps.ufrj.br/*&output=json&filter=statuscode:200&filter=mimetype:text/html&fl=timestamp,original,statuscode,digest&collapse=urlkey&limit=10000",2010-12-10T12:30:44Z,archive-cdx,LPS web maintainers,und,historical-archive-only,public-record,sha256:191df3a1b5e42c403608d372a97ddf83978d28eb6b67ec67ce95ed48b99d8b0f,410,2010-12-10,Wayback CDX capture 2010-12-10; archive is not current truth; CDX digest=5QUS4T5Q3GJM4Y37CLQGJZHHWTZQMB46
url-0502,http://www02.lps.ufrj.br:80/~iscas.org/call_tutorials.htm,http://www02.lps.ufrj.br/~iscas.org/call_tutorials.htm,"https://web.archive.org/cdx/search/cdx?url=lps.ufrj.br/*&output=json&filter=statuscode:200&filter=mimetype:text/html&fl=timestamp,original,statuscode,digest&collapse=urlkey&limit=10000",2010-12-08T13:46:24Z,archive-cdx,LPS web maintainers,und,historical-archive-only,public-record,sha256:fbeaec2cdb13c914a9ee37249ef467dce10b3aa7e01214b052c2574b8e62c9f6,410,2010-12-08,Wayback CDX capture 2010-12-08; archive is not current truth; CDX digest=IW7WZJJH53SNAGXARCINMK4JBB6U7C7P
url-0503,http://www02.lps.ufrj.br:80/~iscas.org/chair.htm,http://www02.lps.ufrj.br/~iscas.org/chair.htm,"https://web.archive.org/cdx/search/cdx?url=lps.ufrj.br/*&output=json&filter=statuscode:200&filter=mimetype:text/html&fl=timestamp,original,statuscode,digest&collapse=urlkey&limit=10000",2010-12-10T06:54:17Z,archive-cdx,LPS web maintainers,und,historical-archive-only,public-record,sha256:de029d45eb8d3b749098e3ea7d73de3f6c9bfd80a950dda34efd269059ef227a,410,2010-12-10,Wayback CDX capture 2010-12-10; archive is not current truth; CDX digest=YBDYZ2T4IUNRK46IDM24W2YGQPLL3TC4
url-0504,http://www02.lps.ufrj.br:80/~iscas.org/js/,http://www02.lps.ufrj.br/~iscas.org/js,"https://web.archive.org/cdx/search/cdx?url=lps.ufrj.br/*&output=json&filter=statuscode:200&filter=mimetype:text/html&fl=timestamp,original,statuscode,digest&collapse=urlkey&limit=10000",2010-12-08T11:26:11Z,archive-cdx,LPS web maintainers,und,historical-archive-only,public-record,sha256:2babedbe4005f1a4fc121344c84d0a68012dcbf68efb3bbdb724a364cbd38772,410,2010-12-08,Wayback CDX capture 2010-12-08; archive is not current truth; CDX digest=MJSSMIRLTSQOWL3GHD24V3A5QSOA7WU6
url-0505,http://www02.lps.ufrj.br:80/~iscas.org/links.htm,http://www02.lps.ufrj.br/~iscas.org/links.htm,"https://web.archive.org/cdx/search/cdx?url=lps.ufrj.br/*&output=json&filter=statuscode:200&filter=mimetype:text/html&fl=timestamp,original,statuscode,digest&collapse=urlkey&limit=10000",2010-12-10T12:39:57Z,archive-cdx,LPS web maintainers,und,historical-archive-only,public-record,sha256:8c509477c2eca99b49136948ab12243c2a105349aad8d6850fb7b822931f98dc,410,2010-12-10,Wayback CDX capture 2010-12-10; archive is not current truth; CDX digest=DQOSOSVC56NEQAF726LLRFDGZSFLNYNX
url-0506,http://www02.lps.ufrj.br:80/~iscas.org/paper_submission.htm,http://www02.lps.ufrj.br/~iscas.org/paper_submission.htm,"https://web.archive.org/cdx/search/cdx?url=lps.ufrj.br/*&output=json&filter=statuscode:200&filter=mimetype:text/html&fl=timestamp,original,statuscode,digest&collapse=urlkey&limit=10000",2010-12-04T09:49:51Z,archive-cdx,LPS web maintainers,und,historical-archive-only,public-record,sha256:93fd268096122c837b2a03baf3987857f0ed74b8d8954d86630c3c8088e4e959,410,2010-12-04,Wayback CDX capture 2010-12-04; archive is not current truth; CDX digest=AV6U4XD67E2ONQKUGHQK4EFWWXE3ORHY
url-0507,http://www02.lps.ufrj.br:80/~iscas.org/registration.htm,http://www02.lps.ufrj.br/~iscas.org/registration.htm,"https://web.archive.org/cdx/search/cdx?url=lps.ufrj.br/*&output=json&filter=statuscode:200&filter=mimetype:text/html&fl=timestamp,original,statuscode,digest&collapse=urlkey&limit=10000",2010-12-08T12:19:07Z,archive-cdx,LPS web maintainers,und,historical-archive-only,public-record,sha256:89e8d11a1f0a7c7c93815bb01f92992e2919c427db9a0d3996afb24393d310e2,410,2010-12-08,Wayback CDX capture 2010-12-08; archive is not current truth; CDX digest=XBHG3AFMJX5XBBS6O5QSPFBEIBK3PAEA
url-0508,http://www02.lps.ufrj.br:80/~iscas.org/send.php,http://www02.lps.ufrj.br/~iscas.org/send.php,"https://web.archive.org/cdx/search/cdx?url=lps.ufrj.br/*&output=json&filter=statuscode:200&filter=mimetype:text/html&fl=timestamp,original,statuscode,digest&collapse=urlkey&limit=10000",2010-12-06T07:27:00Z,archive-cdx,LPS web maintainers,und,historical-archive-only,public-record,sha256:e41ed0adfa7fd78f55f1938d8705a33d1b9fd7be1dd5cb544b27bc3ef1043c4e,410,2010-12-06,Wayback CDX capture 2010-12-06; archive is not current truth; CDX digest=JPZRYG43RDJ3L2FUNTYK2WBVE2LNXPCE
url-0509,http://www02.lps.ufrj.br:80/~iscas.org/student_paper.htm,http://www02.lps.ufrj.br/~iscas.org/student_paper.htm,"https://web.archive.org/cdx/search/cdx?url=lps.ufrj.br/*&output=json&filter=statuscode:200&filter=mimetype:text/html&fl=timestamp,original,statuscode,digest&collapse=urlkey&limit=10000",2010-12-06T07:27:05Z,archive-cdx,LPS web maintainers,und,historical-archive-only,public-record,sha256:c4e4a7e1581cb89d75adb0654b2ebc8f0472f9f59ebfb949933b781e9122ed8d,410,2010-12-06,Wayback CDX capture 2010-12-06; archive is not current truth; CDX digest=DCWTX4P73SKZIWQEJW3U6VVJJWF4QTFT
url-0510,http://www02.lps.ufrj.br:80/~iscas.org/student_support.htm,http://www02.lps.ufrj.br/~iscas.org/student_support.htm,"https://web.archive.org/cdx/search/cdx?url=lps.ufrj.br/*&output=json&filter=statuscode:200&filter=mimetype:text/html&fl=timestamp,original,statuscode,digest&collapse=urlkey&limit=10000",2010-12-10T08:00:53Z,archive-cdx,LPS web maintainers,und,historical-archive-only,public-record,sha256:3e100e2b953f6cb3a363acd0a770d0dc86dbe4e2dab6a1efffb81b72fb8f7d01,410,2010-12-10,Wayback CDX capture 2010-12-10; archive is not current truth; CDX digest=JQOU7MIJUHF7GXM4RB4GVEZKYMH666JD
url-0511,http://www02.lps.ufrj.br:80/~iscas.org/thanks.htm,http://www02.lps.ufrj.br/~iscas.org/thanks.htm,"https://web.archive.org/cdx/search/cdx?url=lps.ufrj.br/*&output=json&filter=statuscode:200&filter=mimetype:text/html&fl=timestamp,original,statuscode,digest&collapse=urlkey&limit=10000",2010-12-08T17:33:13Z,archive-cdx,LPS web maintainers,und,historical-archive-only,public-record,sha256:6089526a867a490e3872b751af34986c6a40ea701d3bcd601d52ee8d25b51f5c,410,2010-12-08,Wayback CDX capture 2010-12-08; archive is not current truth; CDX digest=UAQ5D4C5W2GSAFGEBXQE6Y6A76AW2OUX
url-0512,http://www02.lps.ufrj.br:80/~iscas.org/visa.htm,http://www02.lps.ufrj.br/~iscas.org/visa.htm,"https://web.archive.org/cdx/search/cdx?url=lps.ufrj.br/*&output=json&filter=statuscode:200&filter=mimetype:text/html&fl=timestamp,original,statuscode,digest&collapse=urlkey&limit=10000",2010-12-10T11:18:01Z,archive-cdx,LPS web maintainers,und,historical-archive-only,public-record,sha256:927b1d7d309c33386193185400a7c7fe740a60264625aa5c658a3742312c966f,410,2010-12-10,Wayback CDX capture 2010-12-10; archive is not current truth; CDX digest=Q2ZAU5BVB4W2VTWS2UPV36U6EABQO7ZZ
url-0513,http://www02.lps.ufrj.br:80/~iscas.org/?C=D;O=A,http://www02.lps.ufrj.br/~iscas.org?C=D%3BO%3DA,"https://web.archive.org/cdx/search/cdx?url=lps.ufrj.br/*&output=json&filter=statuscode:200&filter=mimetype:text/html&fl=timestamp,original,statuscode,digest&collapse=urlkey&limit=10000",2010-12-06T07:16:55Z,archive-cdx,LPS web maintainers,und,historical-archive-only,public-record,sha256:7ddefbd6df45049dace2aa7279659cc74721d8fc52c1b7898abbe540a695a1a3,410,2010-12-06,Wayback CDX capture 2010-12-06; archive is not current truth; CDX digest=YGWOLDC2DOJZ5QSGSCUUUPCYMSR4D7RV
url-0514,http://www02.lps.ufrj.br:80/~iscas.org/?C=S;O=A,http://www02.lps.ufrj.br/~iscas.org?C=S%3BO%3DA,"https://web.archive.org/cdx/search/cdx?url=lps.ufrj.br/*&output=json&filter=statuscode:200&filter=mimetype:text/html&fl=timestamp,original,statuscode,digest&collapse=urlkey&limit=10000",2010-12-10T06:17:39Z,archive-cdx,LPS web maintainers,und,historical-archive-only,public-record,sha256:f945a118225acc8d8594dc3376c08b008f56b9666e7d22a1f1b37109a57a5ddc,410,2010-12-10,Wayback CDX capture 2010-12-10; archive is not current truth; CDX digest=YXNN4US3ZYKA7RGA5FHMFIYWTO2EFH3S
url-0515,http://www.lps.ufrj.br/~joao/,http://www.lps.ufrj.br/~joao,"https://web.archive.org/cdx/search/cdx?url=lps.ufrj.br/*&output=json&filter=statuscode:200&filter=mimetype:text/html&fl=timestamp,original,statuscode,digest&collapse=urlkey&limit=10000",2007-09-29T06:30:35Z,archive-cdx,LPS web maintainers,und,historical-archive-only,public-record,sha256:1869641f5d5f009731e0ce2d3a630900b8e5c9bf011bdb11674c8ce5de1b1fb5,410,2007-09-29,Wayback CDX capture 2007-09-29; archive is not current truth; CDX digest=YMU3R3TPYRAOHX2VC7JBVCA2VLBNIBHV
url-0516,http://www.lps.ufrj.br/~kaiokaram/,http://www.lps.ufrj.br/~kaiokaram,"https://web.archive.org/cdx/search/cdx?url=lps.ufrj.br/*&output=json&filter=statuscode:200&filter=mimetype:text/html&fl=timestamp,original,statuscode,digest&collapse=urlkey&limit=10000",2007-06-22T14:24:20Z,archive-cdx,LPS web maintainers,und,historical-archive-only,public-record,sha256:3e53ebe40290d812e07b9cacdd456677561266df87e8455865d3df38cb2dc433,410,2007-06-22,Wayback CDX capture 2007-06-22; archive is not current truth; CDX digest=4I5DAMPSIREH2LDOZNREZNFVHHU6VFHQ
url-0517,http://www.lps.ufrj.br:80/~latsch/,http://www.lps.ufrj.br/~latsch,"https://web.archive.org/cdx/search/cdx?url=lps.ufrj.br/*&output=json&filter=statuscode:200&filter=mimetype:text/html&fl=timestamp,original,statuscode,digest&collapse=urlkey&limit=10000",2010-01-16T16:12:55Z,archive-cdx,LPS web maintainers,und,historical-archive-only,public-record,sha256:b7378d21ef5af4befc9638f34d06d2df69a27c23c9e97528d8a37e43f14b6c8b,410,2010-01-16,Wayback CDX capture 2010-01-16; archive is not current truth; CDX digest=THFBZPEV44QNB3AAFLRZH6TDN6POJXI2
url-0518,http://www.lps.ufrj.br:80/~latsch/lab/lab.html,http://www.lps.ufrj.br/~latsch/lab/lab.html,"https://web.archive.org/cdx/search/cdx?url=lps.ufrj.br/*&output=json&filter=statuscode:200&filter=mimetype:text/html&fl=timestamp,original,statuscode,digest&collapse=urlkey&limit=10000",2010-01-24T05:42:55Z,archive-cdx,LPS web maintainers,und,historical-archive-only,public-record,sha256:31e980921a4a1d75c979c0eba47cccf3dd342b7055f07ca371ee3be47e363078,410,2010-01-24,Wayback CDX capture 2010-01-24; archive is not current truth; CDX digest=XUFYZVKZZE53EFVVFG5KFDDN3HKNSDQL
url-0519,http://www.lps.ufrj.br:80/~latsch/publications/publications.html,http://www.lps.ufrj.br/~latsch/publications/publications.html,"https://web.archive.org/cdx/search/cdx?url=lps.ufrj.br/*&output=json&filter=statuscode:200&filter=mimetype:text/html&fl=timestamp,original,statuscode,digest&collapse=urlkey&limit=10000",2010-01-16T17:28:53Z,archive-cdx,LPS web maintainers,und,historical-archive-only,public-record,sha256:a9d344e06b51e5af057eb2b8a124a5ebbc9b507cc6b3899cc5a09f164c71ed3e,301,2010-01-16,Wayback CDX capture 2010-01-16; archive is not current truth; CDX digest=YT7MZSRE7SHO2E57QLWQD24KW5R4TQ2I
url-0520,http://www.lps.ufrj.br:80/~leo/,http://www.lps.ufrj.br/~leo,"https://web.archive.org/cdx/search/cdx?url=lps.ufrj.br/*&output=json&filter=statuscode:200&filter=mimetype:text/html&fl=timestamp,original,statuscode,digest&collapse=urlkey&limit=10000",2003-09-06T20:26:28Z,archive-cdx,LPS web maintainers,und,historical-archive-only,public-record,sha256:a1a4a67f3c0d115252c918eb9af81f8023897aa76725d7870abe0888a1c1c663,410,2003-09-06,Wayback CDX capture 2003-09-06; archive is not current truth; CDX digest=KYP6V4ZTKS6WJ7ISQX4YO3ESY6QQS3FP
url-0521,http://www.lps.ufrj.br:80/%7Elodi/,http://www.lps.ufrj.br/%7Elodi,"https://web.archive.org/cdx/search/cdx?url=lps.ufrj.br/*&output=json&filter=statuscode:200&filter=mimetype:text/html&fl=timestamp,original,statuscode,digest&collapse=urlkey&limit=10000",2005-05-07T23:33:34Z,archive-cdx,LPS web maintainers,und,historical-archive-only,public-record,sha256:9d18c9bd948097105c8b64227b10975f380d5aa4a30f72d32fe6bba285f0ca9e,410,2005-05-07,Wayback CDX capture 2005-05-07; archive is not current truth; CDX digest=QLJ3B7WXDDQSLOT6SRMLRAAEYUTD3GZJ
url-0522,http://www.lps.ufrj.br:80/~lucalenq/,http://www.lps.ufrj.br/~lucalenq,"https://web.archive.org/cdx/search/cdx?url=lps.ufrj.br/*&output=json&filter=statuscode:200&filter=mimetype:text/html&fl=timestamp,original,statuscode,digest&collapse=urlkey&limit=10000",2002-12-01T01:58:16Z,archive-cdx,LPS web maintainers,und,historical-archive-only,public-record,sha256:4f213d439c55904a82f61d9c67b0a6d85ff22b8d44ab982bbd40e7afd103952d,410,2002-12-01,Wayback CDX capture 2002-12-01; archive is not current truth; CDX digest=A65KZPW5L574E7C6UF27MRWBXK2UGOHS
url-0523,http://www.lps.ufrj.br:80/~lucalenq/apresenta.htm,http://www.lps.ufrj.br/~lucalenq/apresenta.htm,"https://web.archive.org/cdx/search/cdx?url=lps.ufrj.br/*&output=json&filter=statuscode:200&filter=mimetype:text/html&fl=timestamp,original,statuscode,digest&collapse=urlkey&limit=10000",2003-04-26T13:36:45Z,archive-cdx,LPS web maintainers,und,historical-archive-only,public-record,sha256:143ace354a4dc861c1e8608bac3665671358e84d2657afc6ce05490f5d811468,410,2003-04-26,Wayback CDX capture 2003-04-26; archive is not current truth; CDX digest=3SWO4MA4CL6HNNB7D7I5TNCEGT4CBXW7
url-0524,http://www.lps.ufrj.br:80/~lucalenq/autor.htm,http://www.lps.ufrj.br/~lucalenq/autor.htm,"https://web.archive.org/cdx/search/cdx?url=lps.ufrj.br/*&output=json&filter=statuscode:200&filter=mimetype:text/html&fl=timestamp,original,statuscode,digest&collapse=urlkey&limit=10000",2003-02-22T09:20:45Z,archive-cdx,LPS web maintainers,und,historical-archive-only,public-record,sha256:b031be987a043e6236c5a12f73bba4cc9112b6c7188b4789053703c1ebd80435,410,2003-02-22,Wayback CDX capture 2003-02-22; archive is not current truth; CDX digest=LZS75ZL7TW3L7XGNABQZ7JRPIPTBORRP
url-0525,http://www.lps.ufrj.br:80/~lucalenq/estruct.htm,http://www.lps.ufrj.br/~lucalenq/estruct.htm,"https://web.archive.org/cdx/search/cdx?url=lps.ufrj.br/*&output=json&filter=statuscode:200&filter=mimetype:text/html&fl=timestamp,original,statuscode,digest&collapse=urlkey&limit=10000",2003-02-22T08:28:44Z,archive-cdx,LPS web maintainers,und,historical-archive-only,public-record,sha256:0f2dfb6079d50c919922bcf2264bb5858c79591fd5334d2bff681096efa2795c,410,2003-02-22,Wayback CDX capture 2003-02-22; archive is not current truth; CDX digest=SWSZECGUZO72EKLVHK6CB46ABURWVIA6
url-0526,http://www.lps.ufrj.br:80/~lucalenq/index.htm,http://www.lps.ufrj.br/~lucalenq/index.htm,"https://web.archive.org/cdx/search/cdx?url=lps.ufrj.br/*&output=json&filter=statuscode:200&filter=mimetype:text/html&fl=timestamp,original,statuscode,digest&collapse=urlkey&limit=10000",2003-02-22T08:24:35Z,archive-cdx,LPS web maintainers,und,historical-archive-only,public-record,sha256:e1c0533f218d28515f9735551a332a390f02cc3ab0ea6e80b74a42440080eacc,410,2003-02-22,Wayback CDX capture 2003-02-22; archive is not current truth; CDX digest=VONF7NYQRZTZW2K4A6PJCNGJSHO5LJLC
url-0527,http://www.lps.ufrj.br:80/~lucalenq/instrucoes.htm,http://www.lps.ufrj.br/~lucalenq/instrucoes.htm,"https://web.archive.org/cdx/search/cdx?url=lps.ufrj.br/*&output=json&filter=statuscode:200&filter=mimetype:text/html&fl=timestamp,original,statuscode,digest&collapse=urlkey&limit=10000",2003-04-26T18:07:13Z,archive-cdx,LPS web maintainers,und,historical-archive-only,public-record,sha256:a9ac7c7770b45b203b0b56b5c1d22cd6f35a40e2a4a8c2e726365d69ce07b3d6,410,2003-04-26,Wayback CDX capture 2003-04-26; archive is not current truth; CDX digest=2C6IEI3IDIXGY3ZEB3JHULEWFVV2ZSVK
url-0528,http://www.lps.ufrj.br:80/~lucalenq/links.htm,http://www.lps.ufrj.br/~lucalenq/links.htm,"https://web.archive.org/cdx/search/cdx?url=lps.ufrj.br/*&output=json&filter=statuscode:200&filter=mimetype:text/html&fl=timestamp,original,statuscode,digest&collapse=urlkey&limit=10000",2003-04-26T18:08:08Z,archive-cdx,LPS web maintainers,und,historical-archive-only,public-record,sha256:6126f5d59dc589d3a2a91a785f1e6b8c72981bebf954e490554bef3b581ae460,410,2003-04-26,Wayback CDX capture 2003-04-26; archive is not current truth; CDX digest=4BM342ISXYMTT3SQSRTCBAGNVRIKOANC
url-0529,http://www.lps.ufrj.br:80/~lucalenq/menusimple.htm,http://www.lps.ufrj.br/~lucalenq/menusimple.htm,"https://web.archive.org/cdx/search/cdx?url=lps.ufrj.br/*&output=json&filter=statuscode:200&filter=mimetype:text/html&fl=timestamp,original,statuscode,digest&collapse=urlkey&limit=10000",2003-02-22T04:13:32Z,archive-cdx,LPS web maintainers,und,historical-archive-only,public-record,sha256:c438ec4181ab8141920dabcd9152be82208a3407aed63ed99d6023dc1193fc51,410,2003-02-22,Wayback CDX capture 2003-02-22; archive is not current truth; CDX digest=3ZDOC7UJW4G3GXHAXBGQTYA7YY7OFZTP
url-0530,http://www02.lps.ufrj.br:80/~marcos.filho/wiki/index.php?title=P%C3%A1gina_principal,http://www02.lps.ufrj.br/~marcos.filho/wiki/index.php?title=P%C3%A1gina_principal,"https://web.archive.org/cdx/search/cdx?url=lps.ufrj.br/*&output=json&filter=statuscode:200&filter=mimetype:text/html&fl=timestamp,original,statuscode,digest&collapse=urlkey&limit=10000",2012-10-22T22:30:01Z,archive-cdx,LPS web maintainers,und,historical-archive-only,public-record,sha256:dfa8fa6ba396b74f2d0e9d1548f1f7b63f62b7e8463323a9c835e4566622c0f5,410,2012-10-22,Wayback CDX capture 2012-10-22; archive is not current truth; CDX digest=25R3NAC6KUERMSGM7RF3UD5NNB5URIZQ
url-0531,http://www02.lps.ufrj.br/~marcos.filho/wiki/index.php?title=Rapid_Methods_In_boca_raton_auto_accident_lawyer,http://www02.lps.ufrj.br/~marcos.filho/wiki/index.php?title=Rapid_Methods_In_boca_raton_auto_accident_lawyer,"https://web.archive.org/cdx/search/cdx?url=lps.ufrj.br/*&output=json&filter=statuscode:200&filter=mimetype:text/html&fl=timestamp,original,statuscode,digest&collapse=urlkey&limit=10000",2012-11-14T12:42:38Z,archive-cdx,LPS web maintainers,und,historical-archive-only,public-record,sha256:45a1a665d0b2fb68e50e72313ffa16e903301abe58a89c8a4eb2e280930526e2,410,2012-11-14,Wayback CDX capture 2012-11-14; archive is not current truth; CDX digest=RQPWFPMW5BVABWJERDJJC4HPEROPUGCR
url-0532,http://www.lps.ufrj.br:80/~meirelles/,http://www.lps.ufrj.br/~meirelles,"https://web.archive.org/cdx/search/cdx?url=lps.ufrj.br/*&output=json&filter=statuscode:200&filter=mimetype:text/html&fl=timestamp,original,statuscode,digest&collapse=urlkey&limit=10000",2002-12-14T20:20:04Z,archive-cdx,LPS web maintainers,und,historical-archive-only,public-record,sha256:8a991753e7ab03e86763efa0668dd67f627f233e06a56d9141f6e3e1ff2228d8,410,2002-12-14,Wayback CDX capture 2002-12-14; archive is not current truth; CDX digest=HEYIYVSX4DXTEXA7QHBVB76PCUQT7CLL
url-0533,http://www.lps.ufrj.br:80/~meirelles/htms/download.htm,http://www.lps.ufrj.br/~meirelles/htms/download.htm,"https://web.archive.org/cdx/search/cdx?url=lps.ufrj.br/*&output=json&filter=statuscode:200&filter=mimetype:text/html&fl=timestamp,original,statuscode,digest&collapse=urlkey&limit=10000",2002-12-15T04:30:33Z,archive-cdx,LPS web maintainers,und,historical-archive-only,public-record,sha256:a4dab23d09add0b42bb3182a8ee0ad25e91cb0237b33445fabf3e433b7b09b8c,410,2002-12-15,Wayback CDX capture 2002-12-15; archive is not current truth; CDX digest=M5VQXJOJ6W26RLM33GBU52RGKP3NI6QL
url-0534,http://www.lps.ufrj.br:80/~meirelles/htms/icqpanel/icqpanel.html,http://www.lps.ufrj.br/~meirelles/htms/icqpanel/icqpanel.html,"https://web.archive.org/cdx/search/cdx?url=lps.ufrj.br/*&output=json&filter=statuscode:200&filter=mimetype:text/html&fl=timestamp,original,statuscode,digest&collapse=urlkey&limit=10000",2002-12-15T04:36:22Z,archive-cdx,LPS web maintainers,und,historical-archive-only,public-record,sha256:5b687ef60fced235a2d7dc9e4bf4c057a232b67780268cf8c0ac258351ccd198,410,2002-12-15,Wayback CDX capture 2002-12-15; archive is not current truth; CDX digest=X2PRI57YDETFMUBL6BC6KH5B5LGUIKNG
url-0535,http://www.lps.ufrj.br:80/~meirelles/htms/left.htm,http://www.lps.ufrj.br/~meirelles/htms/left.htm,"https://web.archive.org/cdx/search/cdx?url=lps.ufrj.br/*&output=json&filter=statuscode:200&filter=mimetype:text/html&fl=timestamp,original,statuscode,digest&collapse=urlkey&limit=10000",2002-12-15T00:49:02Z,archive-cdx,LPS web maintainers,und,historical-archive-only,public-record,sha256:80b55f87e9ba74736ecc3c21a5b0c80c5f85f364948829880552294e8503c91c,410,2002-12-15,Wayback CDX capture 2002-12-15; archive is not current truth; CDX digest=4P2PMSHZVXLVTLUZWNCC5QWH62CZFCQO
url-0536,http://www.lps.ufrj.br:80/~meirelles/htms/right.htm,http://www.lps.ufrj.br/~meirelles/htms/right.htm,"https://web.archive.org/cdx/search/cdx?url=lps.ufrj.br/*&output=json&filter=statuscode:200&filter=mimetype:text/html&fl=timestamp,original,statuscode,digest&collapse=urlkey&limit=10000",2003-02-22T04:16:45Z,archive-cdx,LPS web maintainers,und,historical-archive-only,public-record,sha256:ab6a6bd308d41086cf3615f6b72c047d7201d3f934abab3ea480813f33e874a0,410,2003-02-22,Wayback CDX capture 2003-02-22; archive is not current truth; CDX digest=4P2PMSHZVXLVTLUZWNCC5QWH62CZFCQO
url-0537,http://www.lps.ufrj.br:80/~meirelles/htms/top.htm,http://www.lps.ufrj.br/~meirelles/htms/top.htm,"https://web.archive.org/cdx/search/cdx?url=lps.ufrj.br/*&output=json&filter=statuscode:200&filter=mimetype:text/html&fl=timestamp,original,statuscode,digest&collapse=urlkey&limit=10000",2002-12-15T01:11:55Z,archive-cdx,LPS web maintainers,und,historical-archive-only,public-record,sha256:96910056e2aa95b362839efa36a70a52e7ee5da8bd20492a4240910122f5de87,410,2002-12-15,Wayback CDX capture 2002-12-15; archive is not current truth; CDX digest=3EHJIJ7GNQHKWN4NE34MZKGU7PQCQEUD
url-0538,http://www.lps.ufrj.br:80/~meirelles/pag1.htm,http://www.lps.ufrj.br/~meirelles/pag1.htm,"https://web.archive.org/cdx/search/cdx?url=lps.ufrj.br/*&output=json&filter=statuscode:200&filter=mimetype:text/html&fl=timestamp,original,statuscode,digest&collapse=urlkey&limit=10000",2003-02-22T04:33:29Z,archive-cdx,LPS web maintainers,und,historical-archive-only,public-record,sha256:7d75a776fca3f8576e86b6c52e87316f90d4f4f17c2355e6648a4a0e1c935d14,410,2003-02-22,Wayback CDX capture 2003-02-22; archive is not current truth; CDX digest=FN6D4A4LNAUIP22I5CIRGSBGSRJLEVQK
url-0539,http://www.lps.ufrj.br:80/~monbukagakusho/,http://www.lps.ufrj.br/~monbukagakusho,"https://web.archive.org/cdx/search/cdx?url=lps.ufrj.br/*&output=json&filter=statuscode:200&filter=mimetype:text/html&fl=timestamp,original,statuscode,digest&collapse=urlkey&limit=10000",2002-09-30T19:20:31Z,archive-cdx,LPS web maintainers,und,historical-archive-only,public-record,sha256:c38725c63fbd017c61b8d016c3a03b466381c31dc11efd48591f7e1dc96a005e,410,2002-09-30,Wayback CDX capture 2002-09-30; archive is not current truth; CDX digest=XPP2K3ZIG47OR2NA5ASREMK5EDMM7PB7
url-0540,http://www.lps.ufrj.br:80/~monbukagakusho/bolsasestudo.htm,http://www.lps.ufrj.br/~monbukagakusho/bolsasestudo.htm,"https://web.archive.org/cdx/search/cdx?url=lps.ufrj.br/*&output=json&filter=statuscode:200&filter=mimetype:text/html&fl=timestamp,original,statuscode,digest&collapse=urlkey&limit=10000",2002-10-15T05:23:37Z,archive-cdx,LPS web maintainers,und,historical-archive-only,public-record,sha256:b5d87b8de134ebf31732dc9a264f331086e42016c260c4ff386ccd43b0756a4d,410,2002-10-15,Wayback CDX capture 2002-10-15; archive is not current truth; CDX digest=QDHL5LOYFXUV7X5UZC2XT7NFWT6SKJHN
url-0541,http://www.lps.ufrj.br:80/~monbukagakusho/esquerda.htm,http://www.lps.ufrj.br/~monbukagakusho/esquerda.htm,"https://web.archive.org/cdx/search/cdx?url=lps.ufrj.br/*&output=json&filter=statuscode:200&filter=mimetype:text/html&fl=timestamp,original,statuscode,digest&collapse=urlkey&limit=10000",2002-08-10T02:19:36Z,archive-cdx,LPS web maintainers,und,historical-archive-only,public-record,sha256:c423c969b5262b9075d408a930e7e82ffc822cba6662f364568117b8f5c1354b,410,2002-08-10,Wayback CDX capture 2002-08-10; archive is not current truth; CDX digest=C6M7ZC42EHQAYUPACSWMFI4PDVTHKUAD
url-0542,http://www.lps.ufrj.br:80/~monbukagakusho/eventos.htm,http://www.lps.ufrj.br/~monbukagakusho/eventos.htm,"https://web.archive.org/cdx/search/cdx?url=lps.ufrj.br/*&output=json&filter=statuscode:200&filter=mimetype:text/html&fl=timestamp,original,statuscode,digest&collapse=urlkey&limit=10000",2002-12-15T11:46:53Z,archive-cdx,LPS web maintainers,und,historical-archive-only,public-record,sha256:c52b6775cc3675c596694fac83431b2b49a3c08b23ef9032d4e2d1ec5643fb00,410,2002-12-15,Wayback CDX capture 2002-12-15; archive is not current truth; CDX digest=OGXJGCHA6HTSLXKZU72GJCG2DCVODWJG
url-0543,http://www.lps.ufrj.br:80/~monbukagakusho/exbolsistas.htm,http://www.lps.ufrj.br/~monbukagakusho/exbolsistas.htm,"https://web.archive.org/cdx/search/cdx?url=lps.ufrj.br/*&output=json&filter=statuscode:200&filter=mimetype:text/html&fl=timestamp,original,statuscode,digest&collapse=urlkey&limit=10000",2002-12-15T11:43:10Z,archive-cdx,LPS web maintainers,und,historical-archive-only,public-record,sha256:2cb6122b18b07576f1c5acfd8f47d75e2635e4925eeec25b86974d312cf4c555,410,2002-12-15,Wayback CDX capture 2002-12-15; archive is not current truth; CDX digest=4TEM3B6VIYM3VOD3WXTAYNB34AND326A
url-0544,http://www.lps.ufrj.br:80/~monbukagakusho/informacoesgerais.htm,http://www.lps.ufrj.br/~monbukagakusho/informacoesgerais.htm,"https://web.archive.org/cdx/search/cdx?url=lps.ufrj.br/*&output=json&filter=statuscode:200&filter=mimetype:text/html&fl=timestamp,original,statuscode,digest&collapse=urlkey&limit=10000",2002-08-10T02:20:19Z,archive-cdx,LPS web maintainers,und,historical-archive-only,public-record,sha256:b1b538b4b61d3bef4f3f26a89981e98a16eedab026dd0b6e534c10263d68de4b,410,2002-08-10,Wayback CDX capture 2002-08-10; archive is not current truth; CDX digest=BJZTSMIYOPR6PC3JZCSQIKIAR7WJFBWP
url-0545,http://www.lps.ufrj.br:80/~monbukagakusho/informacoesuteis.htm,http://www.lps.ufrj.br/~monbukagakusho/informacoesuteis.htm,"https://web.archive.org/cdx/search/cdx?url=lps.ufrj.br/*&output=json&filter=statuscode:200&filter=mimetype:text/html&fl=timestamp,original,statuscode,digest&collapse=urlkey&limit=10000",2002-12-15T11:42:40Z,archive-cdx,LPS web maintainers,und,historical-archive-only,public-record,sha256:7d6a35273306e80de0afdd64c26859e617ef7e64f18a6c9a250c014da4fc32e4,410,2002-12-15,Wayback CDX capture 2002-12-15; archive is not current truth; CDX digest=JQ344HHBXMC3B3APHJXGVNQOURGKFYKD
url-0546,http://www.lps.ufrj.br:80/~monbukagakusho/jornalassociacao.htm,http://www.lps.ufrj.br/~monbukagakusho/jornalassociacao.htm,"https://web.archive.org/cdx/search/cdx?url=lps.ufrj.br/*&output=json&filter=statuscode:200&filter=mimetype:text/html&fl=timestamp,original,statuscode,digest&collapse=urlkey&limit=10000",2002-10-15T05:15:31Z,archive-cdx,LPS web maintainers,und,historical-archive-only,public-record,sha256:9a34275fe0a803c6986482a0ab435da0ac7dc267bb3861442eacbc8f902adcdb,410,2002-10-15,Wayback CDX capture 2002-10-15; archive is not current truth; CDX digest=LACPNWYNME2ENUOPRINSQSE6YKFKFRAW
url-0547,http://www.lps.ufrj.br:80/~monbukagakusho/superior.htm,http://www.lps.ufrj.br/~monbukagakusho/superior.htm,"https://web.archive.org/cdx/search/cdx?url=lps.ufrj.br/*&output=json&filter=statuscode:200&filter=mimetype:text/html&fl=timestamp,original,statuscode,digest&collapse=urlkey&limit=10000",2002-08-10T02:15:12Z,archive-cdx,LPS web maintainers,und,historical-archive-only,public-record,sha256:539de5485fa4a529d1327a1563b824e26471a725e0021bfeaa1a79d231b3e44c,410,2002-08-10,Wayback CDX capture 2002-08-10; archive is not current truth; CDX digest=XZNJIX4V3TLL7VWKUES2QAPZFFBLZWTM
url-0548,http://www.lps.ufrj.br:80/~neural_w/,http://www.lps.ufrj.br/~neural_w,"https://web.archive.org/cdx/search/cdx?url=lps.ufrj.br/*&output=json&filter=statuscode:200&filter=mimetype:text/html&fl=timestamp,original,statuscode,digest&collapse=urlkey&limit=10000",2002-07-25T02:56:06Z,archive-cdx,LPS web maintainers,und,historical-archive-only,public-record,sha256:6230d6164bd3c18bccc17a399957185b75971e5fbbb8636859b5cdded900fbdf,410,2002-07-25,Wayback CDX capture 2002-07-25; archive is not current truth; CDX digest=SX4V33SHU7LV72LRSHCKN4H2TB7PN3M2
url-0549,http://www.lps.ufrj.br:80/~neural_w/Discriminator/index.html,http://www.lps.ufrj.br/~neural_w/Discriminator/index.html,"https://web.archive.org/cdx/search/cdx?url=lps.ufrj.br/*&output=json&filter=statuscode:200&filter=mimetype:text/html&fl=timestamp,original,statuscode,digest&collapse=urlkey&limit=10000",2002-10-09T19:17:54Z,archive-cdx,LPS web maintainers,und,historical-archive-only,public-record,sha256:18618ca8930ca6715ff55f8ab795ef4753c8251985627e9fa544fff30fda1984,410,2002-10-09,Wayback CDX capture 2002-10-09; archive is not current truth; CDX digest=SX4V33SHU7LV72LRSHCKN4H2TB7PN3M2
url-0550,http://www.lps.ufrj.br:80/~neural_w/Discriminator/Links.html,http://www.lps.ufrj.br/~neural_w/Discriminator/Links.html,"https://web.archive.org/cdx/search/cdx?url=lps.ufrj.br/*&output=json&filter=statuscode:200&filter=mimetype:text/html&fl=timestamp,original,statuscode,digest&collapse=urlkey&limit=10000",2001-06-04T18:54:05Z,archive-cdx,LPS web maintainers,und,historical-archive-only,public-record,sha256:ccd283ae5dee37a5d571c6f1403991702a4344230dd2fad98b71556de6adcc6d,410,2001-06-04,Wayback CDX capture 2001-06-04; archive is not current truth; CDX digest=NZFVJ6JIXHUK2OINEQUDCCGF3FUXA6A3
url-0551,http://www.lps.ufrj.br:80/~neural_w/Discriminator/Login.html,http://www.lps.ufrj.br/~neural_w/Discriminator/Login.html,"https://web.archive.org/cdx/search/cdx?url=lps.ufrj.br/*&output=json&filter=statuscode:200&filter=mimetype:text/html&fl=timestamp,original,statuscode,digest&collapse=urlkey&limit=10000",2001-06-04T19:01:00Z,archive-cdx,LPS web maintainers,und,historical-archive-only,public-record,sha256:dd9a7c947a7c4b60c5c89a58769c79f0810636db061a550203a01e6516552e13,410,2001-06-04,Wayback CDX capture 2001-06-04; archive is not current truth; CDX digest=AGPRXFTGYBIJHA6LS6FKAGQA7SL33CUU
url-0552,http://www.lps.ufrj.br:80/~neural_w/Discriminator/Menu.html,http://www.lps.ufrj.br/~neural_w/Discriminator/Menu.html,"https://web.archive.org/cdx/search/cdx?url=lps.ufrj.br/*&output=json&filter=statuscode:200&filter=mimetype:text/html&fl=timestamp,original,statuscode,digest&collapse=urlkey&limit=10000",2001-06-06T14:28:39Z,archive-cdx,LPS web maintainers,und,historical-archive-only,public-record,sha256:90177044f2a1b730d9432fa1bb3b9de81ab5fa295b5c8c9a46c43c9134e00e83,410,2001-06-06,Wayback CDX capture 2001-06-06; archive is not current truth; CDX digest=VOCGMZAZ43DKSV3DEHST45PT7GXXVQXV
url-0553,http://www.lps.ufrj.br:80/~neural_w/Discriminator/Register.html,http://www.lps.ufrj.br/~neural_w/Discriminator/Register.html,"https://web.archive.org/cdx/search/cdx?url=lps.ufrj.br/*&output=json&filter=statuscode:200&filter=mimetype:text/html&fl=timestamp,original,statuscode,digest&collapse=urlkey&limit=10000",2002-10-10T03:08:10Z,archive-cdx,LPS web maintainers,und,historical-archive-only,public-record,sha256:23482b746b03ab9fc5f409acfdabb65ed2a65a5ef212d66d7d8404323a81da13,410,2002-10-10,Wayback CDX capture 2002-10-10; archive is not current truth; CDX digest=L32UIXZC72LMZUO2GJMRPR5E5O55GOQR
url-0554,http://www.lps.ufrj.br:80/~neural_w/Discriminator/Remove.html,http://www.lps.ufrj.br/~neural_w/Discriminator/Remove.html,"https://web.archive.org/cdx/search/cdx?url=lps.ufrj.br/*&output=json&filter=statuscode:200&filter=mimetype:text/html&fl=timestamp,original,statuscode,digest&collapse=urlkey&limit=10000",2002-12-08T01:27:16Z,archive-cdx,LPS web maintainers,und,historical-archive-only,public-record,sha256:27468208ae21def90aa3bc77458b46fdfb00b04c4b28526496b558db4b521646,410,2002-12-08,Wayback CDX capture 2002-12-08; archive is not current truth; CDX digest=ZKJH6O3ZTV3VZ4XLPDA2NY4VXWKTXQ5H
url-0555,http://www.lps.ufrj.br:80/~neural_w/Discriminator/Update.html,http://www.lps.ufrj.br/~neural_w/Discriminator/Update.html,"https://web.archive.org/cdx/search/cdx?url=lps.ufrj.br/*&output=json&filter=statuscode:200&filter=mimetype:text/html&fl=timestamp,original,statuscode,digest&collapse=urlkey&limit=10000",2002-10-10T02:43:38Z,archive-cdx,LPS web maintainers,und,historical-archive-only,public-record,sha256:4261e24b584d22fecec56e84958a7d31e0af08660bab82b9306947e06bd9ea15,410,2002-10-10,Wayback CDX capture 2002-10-10; archive is not current truth; CDX digest=IU66HETCWQYBCYOPXUC5S4NSGRIMZGEU
url-0556,http://www.lps.ufrj.br:80/~neural_w/Documentation/About.html,http://www.lps.ufrj.br/~neural_w/Documentation/About.html,"https://web.archive.org/cdx/search/cdx?url=lps.ufrj.br/*&output=json&filter=statuscode:200&filter=mimetype:text/html&fl=timestamp,original,statuscode,digest&collapse=urlkey&limit=10000",2004-08-06T11:05:54Z,archive-cdx,LPS web maintainers,und,historical-archive-only,public-record,sha256:4a109e956c127cdc0c9503c6d5ba71f7c6ec7a3f1a0b5f0cbacc4afb78d9d5d8,410,2004-08-06,Wayback CDX capture 2004-08-06; archive is not current truth; CDX digest=M22GPL4KXRZPDGNNUMIXYIFDG5JWLS37
url-0557,http://www.lps.ufrj.br:80/~neural_w/Documentation/index.html,http://www.lps.ufrj.br/~neural_w/Documentation/index.html,"https://web.archive.org/cdx/search/cdx?url=lps.ufrj.br/*&output=json&filter=statuscode:200&filter=mimetype:text/html&fl=timestamp,original,statuscode,digest&collapse=urlkey&limit=10000",2002-10-09T19:15:02Z,archive-cdx,LPS web maintainers,und,historical-archive-only,public-record,sha256:64ab180cf3fbc84ff92d4f49f078496dafed6c5553a7478571fc0e67f9ead053,410,2002-10-09,Wayback CDX capture 2002-10-09; archive is not current truth; CDX digest=VIGBJSKUZ2I6XCHEHZJEXVDNZTCRMSME
url-0558,http://www.lps.ufrj.br:80/~neural_w/Documentation/Links.html,http://www.lps.ufrj.br/~neural_w/Documentation/Links.html,"https://web.archive.org/cdx/search/cdx?url=lps.ufrj.br/*&output=json&filter=statuscode:200&filter=mimetype:text/html&fl=timestamp,original,statuscode,digest&collapse=urlkey&limit=10000",2004-08-06T11:08:00Z,archive-cdx,LPS web maintainers,und,historical-archive-only,public-record,sha256:dba7b1101ba5f1da2e811c0656bf58a880f317093d8a0705efa7283c86ba95e1,410,2004-08-06,Wayback CDX capture 2004-08-06; archive is not current truth; CDX digest=OVL6R2P3EHMVM2EKIHPQQJTHVJBP7IUY
url-0559,http://www.lps.ufrj.br:80/~neural_w/Documentation/Menu.html,http://www.lps.ufrj.br/~neural_w/Documentation/Menu.html,"https://web.archive.org/cdx/search/cdx?url=lps.ufrj.br/*&output=json&filter=statuscode:200&filter=mimetype:text/html&fl=timestamp,original,statuscode,digest&collapse=urlkey&limit=10000",2004-12-06T06:30:22Z,archive-cdx,LPS web maintainers,und,historical-archive-only,public-record,sha256:753dd5b6da04131a2fdd36bebcf42cdc3a4e5cef5c78bea6200c297199175cde,410,2004-12-06,Wayback CDX capture 2004-12-06; archive is not current truth; CDX digest=FKHEC2VKDKNWXWMOXW5XDYUDBDJTGHSE
url-0560,http://www.lps.ufrj.br:80/~neural_w/index.html,http://www.lps.ufrj.br/~neural_w/index.html,"https://web.archive.org/cdx/search/cdx?url=lps.ufrj.br/*&output=json&filter=statuscode:200&filter=mimetype:text/html&fl=timestamp,original,statuscode,digest&collapse=urlkey&limit=10000",2004-08-06T16:33:21Z,archive-cdx,LPS web maintainers,und,historical-archive-only,public-record,sha256:40da44a2f216b5782640e92c0635b756933b88a52a85ee58fdd70dddff5360ae,410,2004-08-06,Wayback CDX capture 2004-08-06; archive is not current truth; CDX digest=SX4V33SHU7LV72LRSHCKN4H2TB7PN3M2
url-0561,http://www.lps.ufrj.br:80/~neural_w/Tutorial/About.html,http://www.lps.ufrj.br/~neural_w/Tutorial/About.html,"https://web.archive.org/cdx/search/cdx?url=lps.ufrj.br/*&output=json&filter=statuscode:200&filter=mimetype:text/html&fl=timestamp,original,statuscode,digest&collapse=urlkey&limit=10000",2002-10-12T00:52:23Z,archive-cdx,LPS web maintainers,und,historical-archive-only,public-record,sha256:dd7427ff4665c945e26879effd99e519d65c8979bb15374346ecf3f65988f6b0,410,2002-10-12,Wayback CDX capture 2002-10-12; archive is not current truth; CDX digest=QNQ46LIRUSZ4ROFXAJWOBR26X6YMTS5C
url-0562,http://www.lps.ufrj.br:80/~neural_w/Tutorial/index.html,http://www.lps.ufrj.br/~neural_w/Tutorial/index.html,"https://web.archive.org/cdx/search/cdx?url=lps.ufrj.br/*&output=json&filter=statuscode:200&filter=mimetype:text/html&fl=timestamp,original,statuscode,digest&collapse=urlkey&limit=10000",2002-10-09T23:33:44Z,archive-cdx,LPS web maintainers,und,historical-archive-only,public-record,sha256:c2c4b68d3bdf9b8859d5540c5b47b575b62ec1f4ccbaad7d563d25a379c83283,410,2002-10-09,Wayback CDX capture 2002-10-09; archive is not current truth; CDX digest=RVE2FIFSYF6GWHDIGYIG4DD7UWGXCKI6
url-0563,http://www.lps.ufrj.br:80/~neural_w/Tutorial/Menu.html,http://www.lps.ufrj.br/~neural_w/Tutorial/Menu.html,"https://web.archive.org/cdx/search/cdx?url=lps.ufrj.br/*&output=json&filter=statuscode:200&filter=mimetype:text/html&fl=timestamp,original,statuscode,digest&collapse=urlkey&limit=10000",2002-10-11T14:49:06Z,archive-cdx,LPS web maintainers,und,historical-archive-only,public-record,sha256:e9103fbd9e89d549a6f5a7b6be7baf9b1e19bd790cf67a84de611c57883eba94,410,2002-10-11,Wayback CDX capture 2002-10-11; archive is not current truth; CDX digest=NNTONNOJCPJJBXSBGQEDQOBHC2AEZBI6
url-0564,http://www.lps.ufrj.br:80/~neural_w/Tutorial/NeuralNetworks.html,http://www.lps.ufrj.br/~neural_w/Tutorial/NeuralNetworks.html,"https://web.archive.org/cdx/search/cdx?url=lps.ufrj.br/*&output=json&filter=statuscode:200&filter=mimetype:text/html&fl=timestamp,original,statuscode,digest&collapse=urlkey&limit=10000",2002-10-11T19:13:50Z,archive-cdx,LPS web maintainers,und,historical-archive-only,public-record,sha256:fb67e615e1d85d9e3a2d0abf25c75501c8ac57e0aa567f5290af8cb58ea60437,410,2002-10-11,Wayback CDX capture 2002-10-11; archive is not current truth; CDX digest=2BV2JZM2O2SWUDK7OSVRYXOUJYSTNWBS
url-0565,http://www.lps.ufrj.br:80/~neural_w/Tutorial/ParticlePhysics.html,http://www.lps.ufrj.br/~neural_w/Tutorial/ParticlePhysics.html,"https://web.archive.org/cdx/search/cdx?url=lps.ufrj.br/*&output=json&filter=statuscode:200&filter=mimetype:text/html&fl=timestamp,original,statuscode,digest&collapse=urlkey&limit=10000",2002-10-11T19:15:12Z,archive-cdx,LPS web maintainers,und,historical-archive-only,public-record,sha256:e4a91a0ec4c690053e2ae0b5e01923195efee1b2d239ff15be6c8e67c6dd55b7,410,2002-10-11,Wayback CDX capture 2002-10-11; archive is not current truth; CDX digest=VT5KX7PS7PJQVWVKJV4TZCJVJLE6H7HZ
url-0566,http://www.lps.ufrj.br:80/~palas/,http://www.lps.ufrj.br/~palas,"https://web.archive.org/cdx/search/cdx?url=lps.ufrj.br/*&output=json&filter=statuscode:200&filter=mimetype:text/html&fl=timestamp,original,statuscode,digest&collapse=urlkey&limit=10000",2002-02-06T04:09:51Z,archive-cdx,LPS web maintainers,und,historical-archive-only,public-record,sha256:68437fc31678a919e9830e242b8c06096bb4d9e3c69b6341a9559a611c55d226,410,2002-02-06,Wayback CDX capture 2002-02-06; archive is not current truth; CDX digest=4QKF46P3GUEVKQGG7WV6OPVO5RY6WN3X
url-0567,http://www.lps.ufrj.br:80/~palas/amostra/amostra.htm,http://www.lps.ufrj.br/~palas/amostra/amostra.htm,"https://web.archive.org/cdx/search/cdx?url=lps.ufrj.br/*&output=json&filter=statuscode:200&filter=mimetype:text/html&fl=timestamp,original,statuscode,digest&collapse=urlkey&limit=10000",2002-09-03T07:26:27Z,archive-cdx,LPS web maintainers,und,historical-archive-only,public-record,sha256:d10d42dad393f95a5d94ca7652098650d97b30208ef2f83564ee9f8c17049abe,410,2002-09-03,Wayback CDX capture 2002-09-03; archive is not current truth; CDX digest=VPCI32FY65JF4RBNGZRRWI7UHC2FP4O6
url-0568,http://www.lps.ufrj.br:80/~palas/athena.htm,http://www.lps.ufrj.br/~palas/athena.htm,"https://web.archive.org/cdx/search/cdx?url=lps.ufrj.br/*&output=json&filter=statuscode:200&filter=mimetype:text/html&fl=timestamp,original,statuscode,digest&collapse=urlkey&limit=10000",2002-10-17T01:45:40Z,archive-cdx,LPS web maintainers,und,historical-archive-only,public-record,sha256:315c35c9683a62b4427b92f8f8512b8e251b436fda8db73b58453fa01ca182e9,410,2002-10-17,Wayback CDX capture 2002-10-17; archive is not current truth; CDX digest=A524CGWF6FQZIPT54KGV4RTDWSTD33BY
url-0569,http://www.lps.ufrj.br:80/~palas/diagbode/diagbode.htm,http://www.lps.ufrj.br/~palas/diagbode/diagbode.htm,"https://web.archive.org/cdx/search/cdx?url=lps.ufrj.br/*&output=json&filter=statuscode:200&filter=mimetype:text/html&fl=timestamp,original,statuscode,digest&collapse=urlkey&limit=10000",2002-06-03T09:59:40Z,archive-cdx,LPS web maintainers,und,historical-archive-only,public-record,sha256:664facce8788c1f5ba1ea5e2670f67db48699751f6ea5acb366f26a95de13542,410,2002-06-03,Wayback CDX capture 2002-06-03; archive is not current truth; CDX digest=BGLF4LZZTBJJMJN2UJY4SX6S4A6P6E7D
url-0570,http://www.lps.ufrj.br:80/~palas/dica.htm,http://www.lps.ufrj.br/~palas/dica.htm,"https://web.archive.org/cdx/search/cdx?url=lps.ufrj.br/*&output=json&filter=statuscode:200&filter=mimetype:text/html&fl=timestamp,original,statuscode,digest&collapse=urlkey&limit=10000",2002-04-14T08:18:08Z,archive-cdx,LPS web maintainers,und,historical-archive-only,public-record,sha256:373c5afe68d4ec7a087405ec273484474f1a4cb46a86c4323050ae2ccc968cfa,410,2002-04-14,Wayback CDX capture 2002-04-14; archive is not current truth; CDX digest=JPEILGEC547UFAOMS44XBVJU4A3JINFA
url-0571,http://www.lps.ufrj.br:80/~palas/discreto/discreto.htm,http://www.lps.ufrj.br/~palas/discreto/discreto.htm,"https://web.archive.org/cdx/search/cdx?url=lps.ufrj.br/*&output=json&filter=statuscode:200&filter=mimetype:text/html&fl=timestamp,original,statuscode,digest&collapse=urlkey&limit=10000",2002-10-16T22:32:50Z,archive-cdx,LPS web maintainers,und,historical-archive-only,public-record,sha256:3ee6d5f3f4398a2558e4031b960da07a2643dacacb3c769c3db74eb18d25741b,410,2002-10-16,Wayback CDX capture 2002-10-16; archive is not current truth; CDX digest=2S2LH4OHSKKYSDALRD3XX7LB7XX65N7Y
url-0572,http://www.lps.ufrj.br:80/~palas/eqdif/eqdif.htm,http://www.lps.ufrj.br/~palas/eqdif/eqdif.htm,"https://web.archive.org/cdx/search/cdx?url=lps.ufrj.br/*&output=json&filter=statuscode:200&filter=mimetype:text/html&fl=timestamp,original,statuscode,digest&collapse=urlkey&limit=10000",2002-10-17T16:04:52Z,archive-cdx,LPS web maintainers,und,historical-archive-only,public-record,sha256:40250c6421ee914accbb526a93d754d142d76424e6a797e931d664455c53a8bd,410,2002-10-17,Wayback CDX capture 2002-10-17; archive is not current truth; CDX digest=OJOCAJW2OXYSB3XCQN4TZ5TPEUTLMDYU
url-0573,http://www.lps.ufrj.br:80/~palas/eqdifer/eqdifer.htm,http://www.lps.ufrj.br/~palas/eqdifer/eqdifer.htm,"https://web.archive.org/cdx/search/cdx?url=lps.ufrj.br/*&output=json&filter=statuscode:200&filter=mimetype:text/html&fl=timestamp,original,statuscode,digest&collapse=urlkey&limit=10000",2002-10-16T22:27:59Z,archive-cdx,LPS web maintainers,und,historical-archive-only,public-record,sha256:68458eb1049e0aec6917130530c6e2de66bfd42660ac5a66570d14990a89fca9,410,2002-10-16,Wayback CDX capture 2002-10-16; archive is not current truth; CDX digest=AJVN2KKZ362EZN3HE6N67AGAFWOURUWE
url-0574,http://www.lps.ufrj.br:80/~palas/ferram/ferram.htm,http://www.lps.ufrj.br/~palas/ferram/ferram.htm,"https://web.archive.org/cdx/search/cdx?url=lps.ufrj.br/*&output=json&filter=statuscode:200&filter=mimetype:text/html&fl=timestamp,original,statuscode,digest&collapse=urlkey&limit=10000",2002-11-09T07:36:14Z,archive-cdx,LPS web maintainers,und,historical-archive-only,public-record,sha256:8f6da6525cbdcabb82a396924427cb25d99dc1a5b0f26ed74b96dee0ee91bab8,410,2002-11-09,Wayback CDX capture 2002-11-09; archive is not current truth; CDX digest=GPTGTR545W2OT5VE6BV7CUCYZDP7YLNP
url-0575,http://www.lps.ufrj.br:80/~palas/fft/algoritmo.htm,http://www.lps.ufrj.br/~palas/fft/algoritmo.htm,"https://web.archive.org/cdx/search/cdx?url=lps.ufrj.br/*&output=json&filter=statuscode:200&filter=mimetype:text/html&fl=timestamp,original,statuscode,digest&collapse=urlkey&limit=10000",2002-08-23T01:29:12Z,archive-cdx,LPS web maintainers,und,historical-archive-only,public-record,sha256:af38af7c2ba62e1136d679a0cc08a4c9236396a4db2a9ee078b3734ae8acc513,410,2002-08-23,Wayback CDX capture 2002-08-23; archive is not current truth; CDX digest=2X432P44PM6J4YL6VICFZOORNMLEICMK
url-0576,http://www.lps.ufrj.br:80/~palas/fft/desafio.htm,http://www.lps.ufrj.br/~palas/fft/desafio.htm,"https://web.archive.org/cdx/search/cdx?url=lps.ufrj.br/*&output=json&filter=statuscode:200&filter=mimetype:text/html&fl=timestamp,original,statuscode,digest&collapse=urlkey&limit=10000",2002-10-17T01:19:23Z,archive-cdx,LPS web maintainers,und,historical-archive-only,public-record,sha256:ca7f410f3f720a3264db8edc13010c0defc55cf0afc777e205dfc59ebd24a978,410,2002-10-17,Wayback CDX capture 2002-10-17; archive is not current truth; CDX digest=3576MFFR25JWMNLVG5IC3J4C5ZY3NDTU
url-0577,http://www.lps.ufrj.br:80/~palas/fft/enfoque.htm,http://www.lps.ufrj.br/~palas/fft/enfoque.htm,"https://web.archive.org/cdx/search/cdx?url=lps.ufrj.br/*&output=json&filter=statuscode:200&filter=mimetype:text/html&fl=timestamp,original,statuscode,digest&collapse=urlkey&limit=10000",2002-08-23T05:20:40Z,archive-cdx,LPS web maintainers,und,historical-archive-only,public-record,sha256:aa5dc808215668aef95b59adfec92dae5bc25cf4660c0816a433080ae6244887,410,2002-08-23,Wayback CDX capture 2002-08-23; archive is not current truth; CDX digest=CX5M5MMXZYHXSSBE6ZLP6D375JVCBNHP
url-0578,http://www.lps.ufrj.br:80/~palas/fft/fft.htm,http://www.lps.ufrj.br/~palas/fft/fft.htm,"https://web.archive.org/cdx/search/cdx?url=lps.ufrj.br/*&output=json&filter=statuscode:200&filter=mimetype:text/html&fl=timestamp,original,statuscode,digest&collapse=urlkey&limit=10000",2002-08-20T12:24:43Z,archive-cdx,LPS web maintainers,und,historical-archive-only,public-record,sha256:8b7e13ff41a697d2b0dce1e172344f534c2f97f3aaf09fc916246aca36d27d97,410,2002-08-20,Wayback CDX capture 2002-08-20; archive is not current truth; CDX digest=YNAYGGIU6EKSLV7CF4AGYAWGHVZVHR7D
url-0579,http://www.lps.ufrj.br:80/~palas/filtcas/filtcas.htm,http://www.lps.ufrj.br/~palas/filtcas/filtcas.htm,"https://web.archive.org/cdx/search/cdx?url=lps.ufrj.br/*&output=json&filter=statuscode:200&filter=mimetype:text/html&fl=timestamp,original,statuscode,digest&collapse=urlkey&limit=10000",2002-06-03T10:11:37Z,archive-cdx,LPS web maintainers,und,historical-archive-only,public-record,sha256:8f37147a1e5fe48f93268f050b9e69ce82756b73cb4ebee2c60e1ebe596cec13,410,2002-06-03,Wayback CDX capture 2002-06-03; archive is not current truth; CDX digest=YZQJ7SSMPRTDTLFNAH2RTQVQKSFW6OQ5
url-0580,http://www.lps.ufrj.br:80/~palas/ident/ident.htm,http://www.lps.ufrj.br/~palas/ident/ident.htm,"https://web.archive.org/cdx/search/cdx?url=lps.ufrj.br/*&output=json&filter=statuscode:200&filter=mimetype:text/html&fl=timestamp,original,statuscode,digest&collapse=urlkey&limit=10000",2002-06-03T10:14:25Z,archive-cdx,LPS web maintainers,und,historical-archive-only,public-record,sha256:41beb2ae037006078a560a48fe15aadb901ce884c50e5e201f5620a8134f8a6b,410,2002-06-03,Wayback CDX capture 2002-06-03; archive is not current truth; CDX digest=RKZ5IUEDHTDBIAZZPHOPXQ562GFCE7NI
url-0581,http://www.lps.ufrj.br:80/~palas/ident/mcaixa.htm,http://www.lps.ufrj.br/~palas/ident/mcaixa.htm,"https://web.archive.org/cdx/search/cdx?url=lps.ufrj.br/*&output=json&filter=statuscode:200&filter=mimetype:text/html&fl=timestamp,original,statuscode,digest&collapse=urlkey&limit=10000",2002-06-24T13:51:15Z,archive-cdx,LPS web maintainers,und,historical-archive-only,public-record,sha256:f0d5209a81c61cb1fdc71e1d88574e1bd439ef9b66948e9cb24956f860762300,410,2002-06-24,Wayback CDX capture 2002-06-24; archive is not current truth; CDX digest=E4WJHWUHLJWCZ7K4RJWT6BVLPVRQXOYD
url-0582,http://www.lps.ufrj.br:80/~palas/impulso/impulso.htm,http://www.lps.ufrj.br/~palas/impulso/impulso.htm,"https://web.archive.org/cdx/search/cdx?url=lps.ufrj.br/*&output=json&filter=statuscode:200&filter=mimetype:text/html&fl=timestamp,original,statuscode,digest&collapse=urlkey&limit=10000",2002-09-03T07:27:07Z,archive-cdx,LPS web maintainers,und,historical-archive-only,public-record,sha256:34b36eea673f9ccf7c794200273a59fbbd79b15dd72ad7954220832f358143d1,410,2002-09-03,Wayback CDX capture 2002-09-03; archive is not current truth; CDX digest=NZPXIYXD6R4NA46BQHIODZ6XUWDLDXUS
url-0583,http://www.lps.ufrj.br:80/~palas/index.htm,http://www.lps.ufrj.br/~palas/index.htm,"https://web.archive.org/cdx/search/cdx?url=lps.ufrj.br/*&output=json&filter=statuscode:200&filter=mimetype:text/html&fl=timestamp,original,statuscode,digest&collapse=urlkey&limit=10000",2002-10-17T01:27:13Z,archive-cdx,LPS web maintainers,und,historical-archive-only,public-record,sha256:1d46c59ec2bdc7180dbaf56204c6c1495426101a3435fa31570d792c6dfd4b02,410,2002-10-17,Wayback CDX capture 2002-10-17; archive is not current truth; CDX digest=4QKF46P3GUEVKQGG7WV6OPVO5RY6WN3X
url-0584,http://www.lps.ufrj.br:80/~palas/index01.htm,http://www.lps.ufrj.br/~palas/index01.htm,"https://web.archive.org/cdx/search/cdx?url=lps.ufrj.br/*&output=json&filter=statuscode:200&filter=mimetype:text/html&fl=timestamp,original,statuscode,digest&collapse=urlkey&limit=10000",2002-06-03T05:58:24Z,archive-cdx,LPS web maintainers,und,historical-archive-only,public-record,sha256:533195365852f867ede73eea6ba5278bde22640767d0b05024c15296839e99fb,410,2002-06-03,Wayback CDX capture 2002-06-03; archive is not current truth; CDX digest=DZ3Z6QSZKCCSL3PUHQHXEU2UUN54K7AS
url-0585,http://www.lps.ufrj.br:80/~palas/index2.htm,http://www.lps.ufrj.br/~palas/index2.htm,"https://web.archive.org/cdx/search/cdx?url=lps.ufrj.br/*&output=json&filter=statuscode:200&filter=mimetype:text/html&fl=timestamp,original,statuscode,digest&collapse=urlkey&limit=10000",2002-08-20T12:30:49Z,archive-cdx,LPS web maintainers,und,historical-archive-only,public-record,sha256:e2c04c0798076abfb64b1e4399967921293d4185d5ebda2618ccaa9579660bd0,410,2002-08-20,Wayback CDX capture 2002-08-20; archive is not current truth; CDX digest=VB3USOAW6AQRUSEIM7NDXFSV2HEPSVCN
url-0586,http://www.lps.ufrj.br:80/~palas/indexp.htm,http://www.lps.ufrj.br/~palas/indexp.htm,"https://web.archive.org/cdx/search/cdx?url=lps.ufrj.br/*&output=json&filter=statuscode:200&filter=mimetype:text/html&fl=timestamp,original,statuscode,digest&collapse=urlkey&limit=10000",2002-02-13T11:55:37Z,archive-cdx,LPS web maintainers,und,historical-archive-only,public-record,sha256:80450ee1c57f23631412fadc2d492a3eb3463e25ee00fbe898f9b27241f3abed,410,2002-02-13,Wayback CDX capture 2002-02-13; archive is not current truth; CDX digest=WZZYZVGJWGX23D3QPHGMP3IG2K3DQJ6Q
url-0587,http://www.lps.ufrj.br:80/~palas/intdifer/intdifer.htm,http://www.lps.ufrj.br/~palas/intdifer/intdifer.htm,"https://web.archive.org/cdx/search/cdx?url=lps.ufrj.br/*&output=json&filter=statuscode:200&filter=mimetype:text/html&fl=timestamp,original,statuscode,digest&collapse=urlkey&limit=10000",2002-09-03T07:28:57Z,archive-cdx,LPS web maintainers,und,historical-archive-only,public-record,sha256:1094fe9649881cfb94b14271e4272f7ddcfd72695d83309147196d4388125464,410,2002-09-03,Wayback CDX capture 2002-09-03; archive is not current truth; CDX digest=WXEBHS3MR7NL3XJ4YL6ERGFXQ4UP5LY4
url-0588,http://www.lps.ufrj.br:80/~palas/intdifer/pratica.htm,http://www.lps.ufrj.br/~palas/intdifer/pratica.htm,"https://web.archive.org/cdx/search/cdx?url=lps.ufrj.br/*&output=json&filter=statuscode:200&filter=mimetype:text/html&fl=timestamp,original,statuscode,digest&collapse=urlkey&limit=10000",2002-09-04T22:57:08Z,archive-cdx,LPS web maintainers,und,historical-archive-only,public-record,sha256:3e228aae85bb7b4bf51916a8af8e375f716bf6068e90a0260b1a4cf2923101fb,410,2002-09-04,Wayback CDX capture 2002-09-04; archive is not current truth; CDX digest=EJTWDD2DZNOWKUXOGAMIS7KHES6WKNFN
url-0589,http://www.lps.ufrj.br:80/~palas/menu.htm,http://www.lps.ufrj.br/~palas/menu.htm,"https://web.archive.org/cdx/search/cdx?url=lps.ufrj.br/*&output=json&filter=statuscode:200&filter=mimetype:text/html&fl=timestamp,original,statuscode,digest&collapse=urlkey&limit=10000",2002-10-17T01:32:51Z,archive-cdx,LPS web maintainers,und,historical-archive-only,public-record,sha256:7ece8306012d908a5443e7135591e897bc0bdcbfe1625a838c1b0887169490d5,410,2002-10-17,Wayback CDX capture 2002-10-17; archive is not current truth; CDX digest=MDAAYVERF7PSWD6IDCONFJNSB4ZNYNA7
url-0590,http://www.lps.ufrj.br:80/~palas/respdeg/r_teste.htm,http://www.lps.ufrj.br/~palas/respdeg/r_teste.htm,"https://web.archive.org/cdx/search/cdx?url=lps.ufrj.br/*&output=json&filter=statuscode:200&filter=mimetype:text/html&fl=timestamp,original,statuscode,digest&collapse=urlkey&limit=10000",2002-06-25T13:30:19Z,archive-cdx,LPS web maintainers,und,historical-archive-only,public-record,sha256:7af472ecdb499157ea8bfd7332673d2577a4e905f411786d2303531cabcbf178,410,2002-06-25,Wayback CDX capture 2002-06-25; archive is not current truth; CDX digest=RYY2LOY4J7EULZWUZWQTKTMNBDUID4RD
url-0591,http://www.lps.ufrj.br:80/~palas/respdeg/respdeg.htm,http://www.lps.ufrj.br/~palas/respdeg/respdeg.htm,"https://web.archive.org/cdx/search/cdx?url=lps.ufrj.br/*&output=json&filter=statuscode:200&filter=mimetype:text/html&fl=timestamp,original,statuscode,digest&collapse=urlkey&limit=10000",2002-06-03T10:26:34Z,archive-cdx,LPS web maintainers,und,historical-archive-only,public-record,sha256:e9b1c2c216ded5514761309296c8d62b7f37f12a0c88d1d839ca5053874c9118,410,2002-06-03,Wayback CDX capture 2002-06-03; archive is not current truth; CDX digest=KLBXSAJGBLDHF3DMOZMT6WTEGXIZTCFV
url-0592,http://www.lps.ufrj.br:80/~palas/series/series.htm,http://www.lps.ufrj.br/~palas/series/series.htm,"https://web.archive.org/cdx/search/cdx?url=lps.ufrj.br/*&output=json&filter=statuscode:200&filter=mimetype:text/html&fl=timestamp,original,statuscode,digest&collapse=urlkey&limit=10000",2002-09-03T01:17:50Z,archive-cdx,LPS web maintainers,und,historical-archive-only,public-record,sha256:f616e1c897aaf0806cc7335e320f90d82220f18929f4485e3fca35566c7c2df6,410,2002-09-03,Wayback CDX capture 2002-09-03; archive is not current truth; CDX digest=ZCYQKYAWMPKUXQHP4CX7U3KNB4TLQRJU
url-0593,http://www.lps.ufrj.br:80/~palas/sfourr/sfourr.htm,http://www.lps.ufrj.br/~palas/sfourr/sfourr.htm,"https://web.archive.org/cdx/search/cdx?url=lps.ufrj.br/*&output=json&filter=statuscode:200&filter=mimetype:text/html&fl=timestamp,original,statuscode,digest&collapse=urlkey&limit=10000",2003-02-22T23:32:28Z,archive-cdx,LPS web maintainers,und,historical-archive-only,public-record,sha256:f5801df55b4c94e6f8eab59e972f186c882138b759cdbdb386683f881d267cec,410,2003-02-22,Wayback CDX capture 2003-02-22; archive is not current truth; CDX digest=E65YHGVMPKSGMANINTKKFF2NIHHV7IG2
url-0594,http://www.lps.ufrj.br:80/~palas/sinton/sinton.htm,http://www.lps.ufrj.br/~palas/sinton/sinton.htm,"https://web.archive.org/cdx/search/cdx?url=lps.ufrj.br/*&output=json&filter=statuscode:200&filter=mimetype:text/html&fl=timestamp,original,statuscode,digest&collapse=urlkey&limit=10000",2002-06-03T10:28:14Z,archive-cdx,LPS web maintainers,und,historical-archive-only,public-record,sha256:968c19f817aa2bd6fef61b834e6886534a3af6defab49f2b54b4a5e906b53e58,410,2002-06-03,Wayback CDX capture 2002-06-03; archive is not current truth; CDX digest=L3PLAGII75OX3YYE4WEWSZYWM2RNQ6YU
url-0595,http://www.lps.ufrj.br:80/~pann/,http://www.lps.ufrj.br/~pann,"https://web.archive.org/cdx/search/cdx?url=lps.ufrj.br/*&output=json&filter=statuscode:200&filter=mimetype:text/html&fl=timestamp,original,statuscode,digest&collapse=urlkey&limit=10000",2002-09-30T19:20:19Z,archive-cdx,LPS web maintainers,und,historical-archive-only,public-record,sha256:21f738a122d733e47b458180f01225eb7c8a229c133eafcaa1c3e981985f4440,410,2002-09-30,Wayback CDX capture 2002-09-30; archive is not current truth; CDX digest=BXABOP525CN3SUN2HRCDVRZ6KZYB3YPG
url-0596,http://www.lps.ufrj.br:80/~pann/ap_outros.htm,http://www.lps.ufrj.br/~pann/ap_outros.htm,"https://web.archive.org/cdx/search/cdx?url=lps.ufrj.br/*&output=json&filter=statuscode:200&filter=mimetype:text/html&fl=timestamp,original,statuscode,digest&collapse=urlkey&limit=10000",2002-08-15T00:43:36Z,archive-cdx,LPS web maintainers,und,historical-archive-only,public-record,sha256:28873b380d261beeed55a0fb83c289d7943266c8f5da266014f9314f96e33c7b,410,2002-08-15,Wayback CDX capture 2002-08-15; archive is not current truth; CDX digest=XF6GXAT3A446MYDX2DQSQ47R73ZIRGWN
url-0597,http://www.lps.ufrj.br:80/~pann/cadastro.htm,http://www.lps.ufrj.br/~pann/cadastro.htm,"https://web.archive.org/cdx/search/cdx?url=lps.ufrj.br/*&output=json&filter=statuscode:200&filter=mimetype:text/html&fl=timestamp,original,statuscode,digest&collapse=urlkey&limit=10000",2002-08-15T00:46:04Z,archive-cdx,LPS web maintainers,und,historical-archive-only,public-record,sha256:03ddef86af9a2da2123d4c0b90cb38018fac04eba895821089950eb1659ca719,410,2002-08-15,Wayback CDX capture 2002-08-15; archive is not current truth; CDX digest=ODIBWMDBHQ67KLZCU6E5DR6UKAVSLNIL
url-0598,http://www.lps.ufrj.br:80/~pann/cgi-bin/glossario01.cgi,http://www.lps.ufrj.br/~pann/cgi-bin/glossario01.cgi,"https://web.archive.org/cdx/search/cdx?url=lps.ufrj.br/*&output=json&filter=statuscode:200&filter=mimetype:text/html&fl=timestamp,original,statuscode,digest&collapse=urlkey&limit=10000",2002-10-22T14:20:36Z,archive-cdx,LPS web maintainers,und,historical-archive-only,public-record,sha256:f80074cb83c9306e8bd2ec5a7d264384d2b55e4bb1df24d207f7400d851c05e2,410,2002-10-22,Wayback CDX capture 2002-10-22; archive is not current truth; CDX digest=GL7C3QVAS3W6PWHZJEJHN3HHIUA66OO6
url-0599,http://www.lps.ufrj.br:80/~pann/cgi-bin/new.cgi,http://www.lps.ufrj.br/~pann/cgi-bin/new.cgi,"https://web.archive.org/cdx/search/cdx?url=lps.ufrj.br/*&output=json&filter=statuscode:200&filter=mimetype:text/html&fl=timestamp,original,statuscode,digest&collapse=urlkey&limit=10000",2002-12-15T12:09:39Z,archive-cdx,LPS web maintainers,und,historical-archive-only,public-record,sha256:c9123d503bc3251b1f26cbc77c1016fe861bc26b54448951c81c62c6f85a1e2f,410,2002-12-15,Wayback CDX capture 2002-12-15; archive is not current truth; CDX digest=2QB4IFFQXIKAHGGFH25Z3JXC2H5PCI4J
url-0600,http://www.lps.ufrj.br:80/~pann/criacao.htm,http://www.lps.ufrj.br/~pann/criacao.htm,"https://web.archive.org/cdx/search/cdx?url=lps.ufrj.br/*&output=json&filter=statuscode:200&filter=mimetype:text/html&fl=timestamp,original,statuscode,digest&collapse=urlkey&limit=10000",2002-08-15T00:53:16Z,archive-cdx,LPS web maintainers,und,historical-archive-only,public-record,sha256:90533303d50e8acd98cce030a92fa553fbaa74ea74be8ce0c92c958585825ca9,410,2002-08-15,Wayback CDX capture 2002-08-15; archive is not current truth; CDX digest=EYWAQCI3UIV62NYDIEEZOPZEEJZJFZNE
url-0601,http://www.lps.ufrj.br:80/~pann/curso.htm,http://www.lps.ufrj.br/~pann/curso.htm,"https://web.archive.org/cdx/search/cdx?url=lps.ufrj.br/*&output=json&filter=statuscode:200&filter=mimetype:text/html&fl=timestamp,original,statuscode,digest&collapse=urlkey&limit=10000",2002-08-15T00:56:34Z,archive-cdx,LPS web maintainers,und,historical-archive-only,public-record,sha256:efb9830bfcc7f38f304ea047351d41f504dc4983e82a08324ed4f4ab09d0c30b,410,2002-08-15,Wayback CDX capture 2002-08-15; archive is not current truth; CDX digest=372Z2WPDRTTINKTO4WWDHAB5PSN7KQGI
url-0602,http://www.lps.ufrj.br:80/~pann/duvidas.htm,http://www.lps.ufrj.br/~pann/duvidas.htm,"https://web.archive.org/cdx/search/cdx?url=lps.ufrj.br/*&output=json&filter=statuscode:200&filter=mimetype:text/html&fl=timestamp,original,statuscode,digest&collapse=urlkey&limit=10000",2002-10-22T14:26:47Z,archive-cdx,LPS web maintainers,und,historical-archive-only,public-record,sha256:134fa5d522991cf44f964db4dc23660af6f8bd245f58e908b6cb12bc6e268e7a,410,2002-10-22,Wayback CDX capture 2002-10-22; archive is not current truth; CDX digest=MGWBSZRPAAD76MTU3E5HH62J42BECEWZ
url-0603,http://www.lps.ufrj.br:80/~pann/indexB.htm,http://www.lps.ufrj.br/~pann/indexB.htm,"https://web.archive.org/cdx/search/cdx?url=lps.ufrj.br/*&output=json&filter=statuscode:200&filter=mimetype:text/html&fl=timestamp,original,statuscode,digest&collapse=urlkey&limit=10000",2002-08-09T22:03:33Z,archive-cdx,LPS web maintainers,und,historical-archive-only,public-record,sha256:1928913edebeff21b11a8f2e334420791b5161cc026bb13aa078f47c3568303e,410,2002-08-09,Wayback CDX capture 2002-08-09; archive is not current truth; CDX digest=PJPSK4NLHJBHKHR7Y74OBEJH4YMJHVDR
url-0604,http://www.lps.ufrj.br:80/~pann/logon.htm,http://www.lps.ufrj.br/~pann/logon.htm,"https://web.archive.org/cdx/search/cdx?url=lps.ufrj.br/*&output=json&filter=statuscode:200&filter=mimetype:text/html&fl=timestamp,original,statuscode,digest&collapse=urlkey&limit=10000",2002-08-09T22:08:18Z,archive-cdx,LPS web maintainers,und,historical-archive-only,public-record,sha256:80bb6f3b4c6f79ddd145f112b648f440d1825324979af70f8703e9315f072916,410,2002-08-09,Wayback CDX capture 2002-08-09; archive is not current truth; CDX digest=EKGDPXLZUVLL7YGYJITKQ36CZW6TUYLX
url-0605,http://www.lps.ufrj.br:80/~pann/menu.htm,http://www.lps.ufrj.br/~pann/menu.htm,"https://web.archive.org/cdx/search/cdx?url=lps.ufrj.br/*&output=json&filter=statuscode:200&filter=mimetype:text/html&fl=timestamp,original,statuscode,digest&collapse=urlkey&limit=10000",2002-08-09T22:10:44Z,archive-cdx,LPS web maintainers,und,historical-archive-only,public-record,sha256:35cd22abc8a89530e6625c683a92cd2dc7581995e126ae34ed896676c7779958,410,2002-08-09,Wayback CDX capture 2002-08-09; archive is not current truth; CDX digest=J3COAV3FJGLJEPVG67KBFMYNVHNHPFIG
url-0606,http://www.lps.ufrj.br:80/~pann/tutorial.htm,http://www.lps.ufrj.br/~pann/tutorial.htm,"https://web.archive.org/cdx/search/cdx?url=lps.ufrj.br/*&output=json&filter=statuscode:200&filter=mimetype:text/html&fl=timestamp,original,statuscode,digest&collapse=urlkey&limit=10000",2002-10-15T05:08:36Z,archive-cdx,LPS web maintainers,und,historical-archive-only,public-record,sha256:1da15d551e9d2d8fa4687a2af5dea35e9fb2c7e3ac1c0142303a565d0b249af4,410,2002-10-15,Wayback CDX capture 2002-10-15; archive is not current truth; CDX digest=UT4XRYQHXX2KL5QZIUEZ6LO2IJJBMGYV
url-0607,http://www.lps.ufrj.br:80/~papros/,http://www.lps.ufrj.br/~papros,"https://web.archive.org/cdx/search/cdx?url=lps.ufrj.br/*&output=json&filter=statuscode:200&filter=mimetype:text/html&fl=timestamp,original,statuscode,digest&collapse=urlkey&limit=10000",2002-08-06T19:47:45Z,archive-cdx,LPS web maintainers,und,historical-archive-only,public-record,sha256:e003de3c69fc05df465caffc358213288a4440658985f5458a1ca69bcdcaa4b0,410,2002-08-06,Wayback CDX capture 2002-08-06; archive is not current truth; CDX digest=JL56QIE7IURI5JWK6MHUZ7JW6MNODYQ4
url-0608,http://www.lps.ufrj.br:80/~papros/base.htm,http://www.lps.ufrj.br/~papros/base.htm,"https://web.archive.org/cdx/search/cdx?url=lps.ufrj.br/*&output=json&filter=statuscode:200&filter=mimetype:text/html&fl=timestamp,original,statuscode,digest&collapse=urlkey&limit=10000",2002-08-15T14:24:27Z,archive-cdx,LPS web maintainers,und,historical-archive-only,public-record,sha256:5d5dbfd263df839aadf15601e7dba018ae5256028f8ae85daea2fa251a3a2efd,410,2002-08-15,Wayback CDX capture 2002-08-15; archive is not current truth; CDX digest=OMRNM2XOIDVG6NQOHSWESI5OXD5N2KMF
url-0609,http://www.lps.ufrj.br:80/~papros/cap4.html,http://www.lps.ufrj.br/~papros/cap4.html,"https://web.archive.org/cdx/search/cdx?url=lps.ufrj.br/*&output=json&filter=statuscode:200&filter=mimetype:text/html&fl=timestamp,original,statuscode,digest&collapse=urlkey&limit=10000",2002-10-16T16:24:38Z,archive-cdx,LPS web maintainers,und,historical-archive-only,public-record,sha256:b3e3cc2c3bb3a41f8e6dac5d7fd0700691d98980429e61a4d1f3bfbdb8738fd5,410,2002-10-16,Wayback CDX capture 2002-10-16; archive is not current truth; CDX digest=LJVU6Z2OXB53PH7TF5A2D4B4QCZKRWNN
url-0610,http://www.lps.ufrj.br:80/~papros/cap5.html,http://www.lps.ufrj.br/~papros/cap5.html,"https://web.archive.org/cdx/search/cdx?url=lps.ufrj.br/*&output=json&filter=statuscode:200&filter=mimetype:text/html&fl=timestamp,original,statuscode,digest&collapse=urlkey&limit=10000",2002-08-16T18:23:04Z,archive-cdx,LPS web maintainers,und,historical-archive-only,public-record,sha256:176597814d352148ee466a3ed6f8dc185e37c3e44e06f6c30f766b0ca383c266,410,2002-08-16,Wayback CDX capture 2002-08-16; archive is not current truth; CDX digest=2QWMAFXYO2ECKSPNKYYDN6ZWST5TAR77
url-0611,http://www.lps.ufrj.br:80/~papros/cap6.html,http://www.lps.ufrj.br/~papros/cap6.html,"https://web.archive.org/cdx/search/cdx?url=lps.ufrj.br/*&output=json&filter=statuscode:200&filter=mimetype:text/html&fl=timestamp,original,statuscode,digest&collapse=urlkey&limit=10000",2002-12-15T21:03:13Z,archive-cdx,LPS web maintainers,und,historical-archive-only,public-record,sha256:93c1f7576eac37622305c89b8fcb0e2b564275ac2fd0566a12a598712b140903,410,2002-12-15,Wayback CDX capture 2002-12-15; archive is not current truth; CDX digest=KK5TM6PZKWYAOPY2EKAAOP3EJOVZSCNB
url-0612,http://www.lps.ufrj.br:80/~papros/cap7.htm,http://www.lps.ufrj.br/~papros/cap7.htm,"https://web.archive.org/cdx/search/cdx?url=lps.ufrj.br/*&output=json&filter=statuscode:200&filter=mimetype:text/html&fl=timestamp,original,statuscode,digest&collapse=urlkey&limit=10000",2002-10-16T16:08:45Z,archive-cdx,LPS web maintainers,und,historical-archive-only,public-record,sha256:950a85d624240197ade8211951c5be4e7f48b6afbb0a0b550ba5c0ed6d18cd17,410,2002-10-16,Wayback CDX capture 2002-10-16; archive is not current truth; CDX digest=HRMDUJJHVXYPQ5U4MG7TMQSXTB44P5KB
url-0613,http://www.lps.ufrj.br:80/~papros/cap8.htm,http://www.lps.ufrj.br/~papros/cap8.htm,"https://web.archive.org/cdx/search/cdx?url=lps.ufrj.br/*&output=json&filter=statuscode:200&filter=mimetype:text/html&fl=timestamp,original,statuscode,digest&collapse=urlkey&limit=10000",2002-08-16T18:28:49Z,archive-cdx,LPS web maintainers,und,historical-archive-only,public-record,sha256:dbed05c769a4e5d09171dfe46126a7c2107df691710a78d4c6d39bc3de94b0f7,410,2002-08-16,Wayback CDX capture 2002-08-16; archive is not current truth; CDX digest=7YSDTHL4N57I4MN6S5UO6G2ISRSJM5R5
url-0614,http://www.lps.ufrj.br:80/~papros/desc1.htm,http://www.lps.ufrj.br/~papros/desc1.htm,"https://web.archive.org/cdx/search/cdx?url=lps.ufrj.br/*&output=json&filter=statuscode:200&filter=mimetype:text/html&fl=timestamp,original,statuscode,digest&collapse=urlkey&limit=10000",2002-08-16T18:29:54Z,archive-cdx,LPS web maintainers,und,historical-archive-only,public-record,sha256:75ade3a1a636d56ff29b7bd2e51be20cfecfba6c646e2f63e5959e64eaae3c91,410,2002-08-16,Wayback CDX capture 2002-08-16; archive is not current truth; CDX digest=2WB2FSEWVEY5K7TNET3DT23XIEOARSLO
url-0615,http://www.lps.ufrj.br:80/~papros/duvidas.htm,http://www.lps.ufrj.br/~papros/duvidas.htm,"https://web.archive.org/cdx/search/cdx?url=lps.ufrj.br/*&output=json&filter=statuscode:200&filter=mimetype:text/html&fl=timestamp,original,statuscode,digest&collapse=urlkey&limit=10000",2002-08-16T18:33:42Z,archive-cdx,LPS web maintainers,und,historical-archive-only,public-record,sha256:fffa2226a46671711a7a823bc67bb2fb73016f7615777174910fe8df43fcb2d5,410,2002-08-16,Wayback CDX capture 2002-08-16; archive is not current truth; CDX digest=JTYCWPJFVLU2QGVT37ROJE6ZVPU3GQPJ
url-0616,http://www.lps.ufrj.br:80/~papros/filtros.htm,http://www.lps.ufrj.br/~papros/filtros.htm,"https://web.archive.org/cdx/search/cdx?url=lps.ufrj.br/*&output=json&filter=statuscode:200&filter=mimetype:text/html&fl=timestamp,original,statuscode,digest&collapse=urlkey&limit=10000",2002-08-09T22:04:03Z,archive-cdx,LPS web maintainers,und,historical-archive-only,public-record,sha256:aa7b768e2aff09b650d117e84f9fd97ed02bc6650fd7dd0eba1ead8e7f347ece,410,2002-08-09,Wayback CDX capture 2002-08-09; archive is not current truth; CDX digest=L6V4RNAXGVFYIRCXEEYG3RINB4YXLCIV
url-0617,http://www.lps.ufrj.br:80/~papros/inicial.htm,http://www.lps.ufrj.br/~papros/inicial.htm,"https://web.archive.org/cdx/search/cdx?url=lps.ufrj.br/*&output=json&filter=statuscode:200&filter=mimetype:text/html&fl=timestamp,original,statuscode,digest&collapse=urlkey&limit=10000",2002-08-15T14:29:38Z,archive-cdx,LPS web maintainers,und,historical-archive-only,public-record,sha256:6848470d8049199dcb7b7dd954c1a7e953fd0971cd3655eb1a5244842f21a5b7,410,2002-08-15,Wayback CDX capture 2002-08-15; archive is not current truth; CDX digest=3AZDXPJMHUANFXGZKFPKNTFFNX76SAPH
url-0618,http://www.lps.ufrj.br:80/~papros/introd.html,http://www.lps.ufrj.br/~papros/introd.html,"https://web.archive.org/cdx/search/cdx?url=lps.ufrj.br/*&output=json&filter=statuscode:200&filter=mimetype:text/html&fl=timestamp,original,statuscode,digest&collapse=urlkey&limit=10000",2002-08-16T18:40:50Z,archive-cdx,LPS web maintainers,und,historical-archive-only,public-record,sha256:dfbf924fef2274769872a92ec12e01318e92813007e2b73cd0497f517b163363,301,2002-08-16,Wayback CDX capture 2002-08-16; archive is not current truth; CDX digest=OLS2YAW5I4Y543AJSNPE5UYHMI2WKQLS
url-0619,http://www.lps.ufrj.br:80/~papros/links.htm,http://www.lps.ufrj.br/~papros/links.htm,"https://web.archive.org/cdx/search/cdx?url=lps.ufrj.br/*&output=json&filter=statuscode:200&filter=mimetype:text/html&fl=timestamp,original,statuscode,digest&collapse=urlkey&limit=10000",2002-08-16T18:49:16Z,archive-cdx,LPS web maintainers,und,historical-archive-only,public-record,sha256:e6d0b6f67af10d1debb548f0c274b548b1ed4ad139ec7750e82c804c577d4753,410,2002-08-16,Wayback CDX capture 2002-08-16; archive is not current truth; CDX digest=WTREXGDATS46OO6IQT3PXQ36UPM5UNO4
url-0620,http://www.lps.ufrj.br:80/~papros/modulo1.htm,http://www.lps.ufrj.br/~papros/modulo1.htm,"https://web.archive.org/cdx/search/cdx?url=lps.ufrj.br/*&output=json&filter=statuscode:200&filter=mimetype:text/html&fl=timestamp,original,statuscode,digest&collapse=urlkey&limit=10000",2002-08-15T00:40:47Z,archive-cdx,LPS web maintainers,und,historical-archive-only,public-record,sha256:06aafa0f68349220d11f023130b9af358645f88a4b4d4ec4de7bd8bf7a56367c,410,2002-08-15,Wayback CDX capture 2002-08-15; archive is not current truth; CDX digest=II2N2YKGHNION6AT65YL23RXTTEANN4M
url-0621,http://www.lps.ufrj.br:80/~papros/omenu.htm,http://www.lps.ufrj.br/~papros/omenu.htm,"https://web.archive.org/cdx/search/cdx?url=lps.ufrj.br/*&output=json&filter=statuscode:200&filter=mimetype:text/html&fl=timestamp,original,statuscode,digest&collapse=urlkey&limit=10000",2002-10-16T06:36:29Z,archive-cdx,LPS web maintainers,und,historical-archive-only,public-record,sha256:5def68993966647b0d7cf372fbe54df82fd5d95fa93b9dc8408cf44bdb9ee082,410,2002-10-16,Wayback CDX capture 2002-10-16; archive is not current truth; CDX digest=B64GFJQ4W4YSP5TCHPJ3DPABCU6AEZXG
url-0622,http://www.lps.ufrj.br:80/~papros/repr1.html,http://www.lps.ufrj.br/~papros/repr1.html,"https://web.archive.org/cdx/search/cdx?url=lps.ufrj.br/*&output=json&filter=statuscode:200&filter=mimetype:text/html&fl=timestamp,original,statuscode,digest&collapse=urlkey&limit=10000",2002-08-16T18:52:45Z,archive-cdx,LPS web maintainers,und,historical-archive-only,public-record,sha256:bed4b9062bb60c30532809c71178e0c4570babec5da65aa4ea97a7e61701288d,410,2002-08-16,Wayback CDX capture 2002-08-16; archive is not current truth; CDX digest=3CLRL7FJQBSZQN3RXFKJBABKCAYJDIII
url-0623,http://www.lps.ufrj.br:80/~papros/repr2.html,http://www.lps.ufrj.br/~papros/repr2.html,"https://web.archive.org/cdx/search/cdx?url=lps.ufrj.br/*&output=json&filter=statuscode:200&filter=mimetype:text/html&fl=timestamp,original,statuscode,digest&collapse=urlkey&limit=10000",2002-08-16T18:45:00Z,archive-cdx,LPS web maintainers,und,historical-archive-only,public-record,sha256:7b4d0dcf7d46992892376c2967ef31de21d6e0446c0f7cf9b403ceaea73613e7,410,2002-08-16,Wayback CDX capture 2002-08-16; archive is not current truth; CDX digest=EVPPTBSIZQRONSDMT2PCSQUPU4CT3FIV
url-0624,http://www.lps.ufrj.br:80/~papros/soft.htm,http://www.lps.ufrj.br/~papros/soft.htm,"https://web.archive.org/cdx/search/cdx?url=lps.ufrj.br/*&output=json&filter=statuscode:200&filter=mimetype:text/html&fl=timestamp,original,statuscode,digest&collapse=urlkey&limit=10000",2002-08-16T18:40:50Z,archive-cdx,LPS web maintainers,und,historical-archive-only,public-record,sha256:55dd211784bb005ca4a808bcb518b81f1561aeea83634a05da370eecae1d63c9,410,2002-08-16,Wayback CDX capture 2002-08-16; archive is not current truth; CDX digest=BYLKNS65QZLUMVRPHB32HXXBJM7AIEWF
url-0625,http://www.lps.ufrj.br:80/~rabello/,http://www.lps.ufrj.br/~rabello,"https://web.archive.org/cdx/search/cdx?url=lps.ufrj.br/*&output=json&filter=statuscode:200&filter=mimetype:text/html&fl=timestamp,original,statuscode,digest&collapse=urlkey&limit=10000",2002-05-29T19:26:11Z,archive-cdx,LPS web maintainers,und,historical-archive-only,public-record,sha256:8d7cc3acc5c849428319eafd7f546025d6d69e47e51720e4ad5fb69b36ea68e0,410,2002-05-29,Wayback CDX capture 2002-05-29; archive is not current truth; CDX digest=QUIJMYTKVK3W7OBMFU2NBVNYDVGGBLKM
url-0626,http://www.lps.ufrj.br:80/~rabello/home/index.html,http://www.lps.ufrj.br/~rabello/home/index.html,"https://web.archive.org/cdx/search/cdx?url=lps.ufrj.br/*&output=json&filter=statuscode:200&filter=mimetype:text/html&fl=timestamp,original,statuscode,digest&collapse=urlkey&limit=10000",2002-02-04T01:58:32Z,archive-cdx,LPS web maintainers,und,historical-archive-only,public-record,sha256:38c9636f1ec2bb232974402fee72857b1e9020172ef3f093e7efdf5f327d8f00,410,2002-02-04,Wayback CDX capture 2002-02-04; archive is not current truth; CDX digest=UPGZ5TMG2LSUVKIGQZMI3DL3H4DEFTZ7
url-0627,http://www.lps.ufrj.br:80/~rabello/home/main.html,http://www.lps.ufrj.br/~rabello/home/main.html,"https://web.archive.org/cdx/search/cdx?url=lps.ufrj.br/*&output=json&filter=statuscode:200&filter=mimetype:text/html&fl=timestamp,original,statuscode,digest&collapse=urlkey&limit=10000",2003-08-09T07:43:55Z,archive-cdx,LPS web maintainers,und,historical-archive-only,public-record,sha256:ed052eab1f14cefcf13bf466daad0c2f8c9aa779ca8b9d6c88106b772b5c73a8,410,2003-08-09,Wayback CDX capture 2003-08-09; archive is not current truth; CDX digest=NNDLMPG2KCZK5S63A3V6ULTUL3OGAUQI
url-0628,http://www.lps.ufrj.br:80/~rabello/home/navigation-bar.html,http://www.lps.ufrj.br/~rabello/home/navigation-bar.html,"https://web.archive.org/cdx/search/cdx?url=lps.ufrj.br/*&output=json&filter=statuscode:200&filter=mimetype:text/html&fl=timestamp,original,statuscode,digest&collapse=urlkey&limit=10000",2003-08-09T07:45:47Z,archive-cdx,LPS web maintainers,und,historical-archive-only,public-record,sha256:58bed0a57b7b9f86d33f45523233b17fcea1562303af365209f667a5814a9ef7,410,2003-08-09,Wayback CDX capture 2003-08-09; archive is not current truth; CDX digest=Z7CUMHVRULRVEECKFM3TZPYIKAOB7UY5
url-0629,http://www.lps.ufrj.br:80/~rabello/index.html,http://www.lps.ufrj.br/~rabello/index.html,"https://web.archive.org/cdx/search/cdx?url=lps.ufrj.br/*&output=json&filter=statuscode:200&filter=mimetype:text/html&fl=timestamp,original,statuscode,digest&collapse=urlkey&limit=10000",2002-09-08T02:04:38Z,archive-cdx,LPS web maintainers,und,historical-archive-only,public-record,sha256:52207497a56f70cf7142f5bb9eaf935c4eb0f44c2e7e6d18eabfdc7e1303f170,410,2002-09-08,Wayback CDX capture 2002-09-08; archive is not current truth; CDX digest=QUIJMYTKVK3W7OBMFU2NBVNYDVGGBLKM
url-0630,http://www.lps.ufrj.br:80/~rabello/navigation-bar.html,http://www.lps.ufrj.br/~rabello/navigation-bar.html,"https://web.archive.org/cdx/search/cdx?url=lps.ufrj.br/*&output=json&filter=statuscode:200&filter=mimetype:text/html&fl=timestamp,original,statuscode,digest&collapse=urlkey&limit=10000",2002-02-04T02:10:54Z,archive-cdx,LPS web maintainers,und,historical-archive-only,public-record,sha256:7575f7867d6ace18c960e957f5e0b3f3ae614ac156d204d4766495521a482b0a,410,2002-02-04,Wayback CDX capture 2002-02-04; archive is not current truth; CDX digest=5LZRHCU7WVQ24GJSJMGFW3YBQQ4YNCLT
url-0631,http://www.lps.ufrj.br:80/~rabello/publications/index.html,http://www.lps.ufrj.br/~rabello/publications/index.html,"https://web.archive.org/cdx/search/cdx?url=lps.ufrj.br/*&output=json&filter=statuscode:200&filter=mimetype:text/html&fl=timestamp,original,statuscode,digest&collapse=urlkey&limit=10000",2003-02-22T05:12:45Z,archive-cdx,LPS web maintainers,und,historical-archive-only,public-record,sha256:e15da5294fff9cc468225ddb2ad4d3be40f049ec2e74d18761d5480e0445c072,301,2003-02-22,Wayback CDX capture 2003-02-22; archive is not current truth; CDX digest=KRIQVPVY7TAQAUD46DMPSZWM3SI53TVM
url-0632,http://www.lps.ufrj.br:80/~rabello/publications/main.html,http://www.lps.ufrj.br/~rabello/publications/main.html,"https://web.archive.org/cdx/search/cdx?url=lps.ufrj.br/*&output=json&filter=statuscode:200&filter=mimetype:text/html&fl=timestamp,original,statuscode,digest&collapse=urlkey&limit=10000",2004-01-11T23:38:16Z,archive-cdx,LPS web maintainers,und,historical-archive-only,public-record,sha256:0b22073d4702e296de76c2f389e1327203c328d06a63d68ef0b13cc031be90e7,301,2004-01-11,Wayback CDX capture 2004-01-11; archive is not current truth; CDX digest=4OTYKLPXBXEEHAE2H3NO5E5DNIOQOWJV
url-0633,http://www.lps.ufrj.br:80/~rabello/publications/navigation-bar.html,http://www.lps.ufrj.br/~rabello/publications/navigation-bar.html,"https://web.archive.org/cdx/search/cdx?url=lps.ufrj.br/*&output=json&filter=statuscode:200&filter=mimetype:text/html&fl=timestamp,original,statuscode,digest&collapse=urlkey&limit=10000",2002-02-04T22:08:17Z,archive-cdx,LPS web maintainers,und,historical-archive-only,public-record,sha256:c042a2264c3613a4f5285dd8ef87cd124dec51095f015707dd375e8266db4738,301,2002-02-04,Wayback CDX capture 2002-02-04; archive is not current truth; CDX digest=4GGQCFIYUIAB4PG3UWUBYXI65RSMRES7
url-0634,http://www.lps.ufrj.br:80/~rabello/resume/cv.html,http://www.lps.ufrj.br/~rabello/resume/cv.html,"https://web.archive.org/cdx/search/cdx?url=lps.ufrj.br/*&output=json&filter=statuscode:200&filter=mimetype:text/html&fl=timestamp,original,statuscode,digest&collapse=urlkey&limit=10000",2002-03-14T00:15:23Z,archive-cdx,LPS web maintainers,und,historical-archive-only,public-record,sha256:4a05ae8d7d482e360caa719e3ff33ada6aadfe7775ff44d0a56701bea85d8742,410,2002-03-14,Wayback CDX capture 2002-03-14; archive is not current truth; CDX digest=D5LWUKT2QB6SLG7KIEKLHCMTQCZDV35I
url-0635,http://www.lps.ufrj.br:80/~rabello/resume/index.html,http://www.lps.ufrj.br/~rabello/resume/index.html,"https://web.archive.org/cdx/search/cdx?url=lps.ufrj.br/*&output=json&filter=statuscode:200&filter=mimetype:text/html&fl=timestamp,original,statuscode,digest&collapse=urlkey&limit=10000",2002-02-04T10:30:34Z,archive-cdx,LPS web maintainers,und,historical-archive-only,public-record,sha256:e35a15539eb9ab05785b906ef9b0014d2139256679690e39e855288308c5cfa2,410,2002-02-04,Wayback CDX capture 2002-02-04; archive is not current truth; CDX digest=D5LWUKT2QB6SLG7KIEKLHCMTQCZDV35I
url-0636,http://www.lps.ufrj.br:80/~rabello/resume/node1.html,http://www.lps.ufrj.br/~rabello/resume/node1.html,"https://web.archive.org/cdx/search/cdx?url=lps.ufrj.br/*&output=json&filter=statuscode:200&filter=mimetype:text/html&fl=timestamp,original,statuscode,digest&collapse=urlkey&limit=10000",2003-08-12T12:31:45Z,archive-cdx,LPS web maintainers,und,historical-archive-only,public-record,sha256:26c670fe2966c598cda21029662fe36ec3ab855575675c00f79f5486487908a9,410,2003-08-12,Wayback CDX capture 2003-08-12; archive is not current truth; CDX digest=N75AU3JVLN3P72WT7DLX64YSS4N2AYYS
url-0637,http://www.lps.ufrj.br:80/~rabello/resume/node10.html,http://www.lps.ufrj.br/~rabello/resume/node10.html,"https://web.archive.org/cdx/search/cdx?url=lps.ufrj.br/*&output=json&filter=statuscode:200&filter=mimetype:text/html&fl=timestamp,original,statuscode,digest&collapse=urlkey&limit=10000",2003-02-22T17:37:37Z,archive-cdx,LPS web maintainers,und,historical-archive-only,public-record,sha256:3932721e3bf751cda096751fb0f4550221225ffd039e115e9b0de5bcbed06390,410,2003-02-22,Wayback CDX capture 2003-02-22; archive is not current truth; CDX digest=KGJFR3NQDI2SOPUY5DD6JNOMN5W4DOFC
url-0638,http://www.lps.ufrj.br:80/~rabello/resume/node2.html,http://www.lps.ufrj.br/~rabello/resume/node2.html,"https://web.archive.org/cdx/search/cdx?url=lps.ufrj.br/*&output=json&filter=statuscode:200&filter=mimetype:text/html&fl=timestamp,original,statuscode,digest&collapse=urlkey&limit=10000",2003-02-22T17:52:15Z,archive-cdx,LPS web maintainers,und,historical-archive-only,public-record,sha256:e60651f91ee71d407f60d7247d699d498bd85a55a553192a87b792930ff4e2ac,410,2003-02-22,Wayback CDX capture 2003-02-22; archive is not current truth; CDX digest=255SUSY4VGMSDBZPMYUDUNAF3Z37AAKF
url-0639,http://www.lps.ufrj.br:80/~rabello/resume/node3.html,http://www.lps.ufrj.br/~rabello/resume/node3.html,"https://web.archive.org/cdx/search/cdx?url=lps.ufrj.br/*&output=json&filter=statuscode:200&filter=mimetype:text/html&fl=timestamp,original,statuscode,digest&collapse=urlkey&limit=10000",2002-03-01T18:46:52Z,archive-cdx,LPS web maintainers,und,historical-archive-only,public-record,sha256:604f2555e118bd917590c792d8888048843cebefce4afbdf8f8f7e2b72e097f9,410,2002-03-01,Wayback CDX capture 2002-03-01; archive is not current truth; CDX digest=SUSZM7GLOVBKV235SBMPRNZJMUBJ4T3J
url-0640,http://www.lps.ufrj.br:80/~rabello/resume/node4.html,http://www.lps.ufrj.br/~rabello/resume/node4.html,"https://web.archive.org/cdx/search/cdx?url=lps.ufrj.br/*&output=json&filter=statuscode:200&filter=mimetype:text/html&fl=timestamp,original,statuscode,digest&collapse=urlkey&limit=10000",2003-02-22T18:06:53Z,archive-cdx,LPS web maintainers,und,historical-archive-only,public-record,sha256:7106c31c6e0d10abc10245294dc3bbbfb746c7211942eec18d92ab8adc793cf3,410,2003-02-22,Wayback CDX capture 2003-02-22; archive is not current truth; CDX digest=TNYBBDRAU2C3NEKR2POVCTDSR5R3XFBD
url-0641,http://www.lps.ufrj.br:80/~rabello/resume/node5.html,http://www.lps.ufrj.br/~rabello/resume/node5.html,"https://web.archive.org/cdx/search/cdx?url=lps.ufrj.br/*&output=json&filter=statuscode:200&filter=mimetype:text/html&fl=timestamp,original,statuscode,digest&collapse=urlkey&limit=10000",2002-03-04T19:56:53Z,archive-cdx,LPS web maintainers,und,historical-archive-only,public-record,sha256:726bf38310e417ff6fd4c539d1aa50f4f4ed04b24c664fd1b92afd63c148ea47,410,2002-03-04,Wayback CDX capture 2002-03-04; archive is not current truth; CDX digest=PFJXP5JK4FKDOPDVJZLWKLDF2MKZXB27
url-0642,http://www.lps.ufrj.br:80/~rabello/resume/node6.html,http://www.lps.ufrj.br/~rabello/resume/node6.html,"https://web.archive.org/cdx/search/cdx?url=lps.ufrj.br/*&output=json&filter=statuscode:200&filter=mimetype:text/html&fl=timestamp,original,statuscode,digest&collapse=urlkey&limit=10000",2003-08-12T10:22:02Z,archive-cdx,LPS web maintainers,und,historical-archive-only,public-record,sha256:cfc00f6da3323cfbe56d418cb525db92eaf39a8a0d92900c28689b193b1c4096,410,2003-08-12,Wayback CDX capture 2003-08-12; archive is not current truth; CDX digest=PU4CF27SQXMB2Q7QW7QCGKVXK2YGKYIW
url-0643,http://www.lps.ufrj.br:80/~rabello/resume/node9.html,http://www.lps.ufrj.br/~rabello/resume/node9.html,"https://web.archive.org/cdx/search/cdx?url=lps.ufrj.br/*&output=json&filter=statuscode:200&filter=mimetype:text/html&fl=timestamp,original,statuscode,digest&collapse=urlkey&limit=10000",2002-03-08T21:32:18Z,archive-cdx,LPS web maintainers,und,historical-archive-only,public-record,sha256:bf9de68734810a2c3f04ce86808edc865e378f7fee3c4f91a99aab66e18db7f5,410,2002-03-08,Wayback CDX capture 2002-03-08; archive is not current truth; CDX digest=ZL65UXGXTNZV6EI3653HIHJNCPTC3FEN
url-0644,http://www.lps.ufrj.br:80/~rabello/university/graduation/index.html,http://www.lps.ufrj.br/~rabello/university/graduation/index.html,"https://web.archive.org/cdx/search/cdx?url=lps.ufrj.br/*&output=json&filter=statuscode:200&filter=mimetype:text/html&fl=timestamp,original,statuscode,digest&collapse=urlkey&limit=10000",2002-03-24T06:15:34Z,archive-cdx,LPS web maintainers,und,historical-archive-only,public-record,sha256:b3d1d5231f94d3e75f973489ecd63484c6a340e20c9def849add5d71b8e86a09,410,2002-03-24,Wayback CDX capture 2002-03-24; archive is not current truth; CDX digest=7O7BAF5WVXWM44EXPIJZVBP3Q3UY5VA2
url-0645,http://www.lps.ufrj.br:80/~rabello/university/graduation/snl/index.html,http://www.lps.ufrj.br/~rabello/university/graduation/snl/index.html,"https://web.archive.org/cdx/search/cdx?url=lps.ufrj.br/*&output=json&filter=statuscode:200&filter=mimetype:text/html&fl=timestamp,original,statuscode,digest&collapse=urlkey&limit=10000",2002-10-10T16:35:04Z,archive-cdx,LPS web maintainers,und,historical-archive-only,public-record,sha256:8861ee5a6423f7851f925774ad2d2cc40152452097aacdd9724ca8e00f090294,410,2002-10-10,Wayback CDX capture 2002-10-10; archive is not current truth; CDX digest=G7SLR72Y46Q3SDEJXOXK66SDGXNBN667
url-0646,http://www.lps.ufrj.br:80/~rabello/university/graduation/software1/index.html,http://www.lps.ufrj.br/~rabello/university/graduation/software1/index.html,"https://web.archive.org/cdx/search/cdx?url=lps.ufrj.br/*&output=json&filter=statuscode:200&filter=mimetype:text/html&fl=timestamp,original,statuscode,digest&collapse=urlkey&limit=10000",2002-03-21T13:54:25Z,archive-cdx,LPS web maintainers,und,historical-archive-only,public-record,sha256:8d7a916f56a030c7d7952105105143ac882787d84eb6830cc4d58ad76915d07c,410,2002-03-21,Wayback CDX capture 2002-03-21; archive is not current truth; CDX digest=DWVKK645BFRBPIB6O4MGAV4XLTHYT6TV
url-0647,http://www.lps.ufrj.br:80/~rabello/university/index.html,http://www.lps.ufrj.br/~rabello/university/index.html,"https://web.archive.org/cdx/search/cdx?url=lps.ufrj.br/*&output=json&filter=statuscode:200&filter=mimetype:text/html&fl=timestamp,original,statuscode,digest&collapse=urlkey&limit=10000",2002-02-04T11:21:12Z,archive-cdx,LPS web maintainers,und,historical-archive-only,public-record,sha256:ada683161fd1ed2d4919d09d451d835df5ce9a9566a40afb392a79babaf2edf1,410,2002-02-04,Wayback CDX capture 2002-02-04; archive is not current truth; CDX digest=S3B65U3UBBVCIILEGTTWZSWUG727566H
url-0648,http://www.lps.ufrj.br:80/~rabello/work/current/index.html,http://www.lps.ufrj.br/~rabello/work/current/index.html,"https://web.archive.org/cdx/search/cdx?url=lps.ufrj.br/*&output=json&filter=statuscode:200&filter=mimetype:text/html&fl=timestamp,original,statuscode,digest&collapse=urlkey&limit=10000",2002-03-09T15:03:15Z,archive-cdx,LPS web maintainers,und,historical-archive-only,public-record,sha256:7352c564157bda94ca56ae2aa5e1e8ea0b29b9b54096f8d6e8573ac4a0c92fff,410,2002-03-09,Wayback CDX capture 2002-03-09; archive is not current truth; CDX digest=PMZKFCWE7IPPISNUZBBVD35LP75DHHQD
url-0649,http://www.lps.ufrj.br:80/~rabello/work/index.html,http://www.lps.ufrj.br/~rabello/work/index.html,"https://web.archive.org/cdx/search/cdx?url=lps.ufrj.br/*&output=json&filter=statuscode:200&filter=mimetype:text/html&fl=timestamp,original,statuscode,digest&collapse=urlkey&limit=10000",2002-02-04T10:59:55Z,archive-cdx,LPS web maintainers,und,historical-archive-only,public-record,sha256:e6493f79287bc1efac5ebd5a0b801ae3a63fe2225c66c42e4b055f8ef441477f,410,2002-02-04,Wayback CDX capture 2002-02-04; archive is not current truth; CDX digest=SMP3NBDB5ZUTJI6WBDYPP47NJNEPHLBQ
url-0650,http://www.lps.ufrj.br:80/~rabello/work/navigation-bar.html,http://www.lps.ufrj.br/~rabello/work/navigation-bar.html,"https://web.archive.org/cdx/search/cdx?url=lps.ufrj.br/*&output=json&filter=statuscode:200&filter=mimetype:text/html&fl=timestamp,original,statuscode,digest&collapse=urlkey&limit=10000",2002-03-13T10:53:25Z,archive-cdx,LPS web maintainers,und,historical-archive-only,public-record,sha256:02bd18734286745f43f9cdffee625d1406f49166aaf0942cb1f8cdc6b6644831,410,2002-03-13,Wayback CDX capture 2002-03-13; archive is not current truth; CDX digest=LZSIGHTH6TO54SXJEYVRUPODKY4T6DXP
url-0651,http://www.lps.ufrj.br:80/~rmartins/,http://www.lps.ufrj.br/~rmartins,"https://web.archive.org/cdx/search/cdx?url=lps.ufrj.br/*&output=json&filter=statuscode:200&filter=mimetype:text/html&fl=timestamp,original,statuscode,digest&collapse=urlkey&limit=10000",2003-10-20T18:16:11Z,archive-cdx,LPS web maintainers,und,historical-archive-only,public-record,sha256:bedf4327fb83bd746586e18b2036569ea38172a5344706b422950926b8579c44,410,2003-10-20,Wayback CDX capture 2003-10-20; archive is not current truth; CDX digest=A76MRZQWIBOUXTSBDVUPBN53HHYX5HUR
url-0652,http://www.lps.ufrj.br:80/~rmartins/add_subject.htm,http://www.lps.ufrj.br/~rmartins/add_subject.htm,"https://web.archive.org/cdx/search/cdx?url=lps.ufrj.br/*&output=json&filter=statuscode:200&filter=mimetype:text/html&fl=timestamp,original,statuscode,digest&collapse=urlkey&limit=10000",2004-09-08T06:28:24Z,archive-cdx,LPS web maintainers,und,historical-archive-only,public-record,sha256:64c402f6e1380d93a14316cb6f9c76dcb7d7666a294f8704e70b255e0a0ab33d,410,2004-09-08,Wayback CDX capture 2004-09-08; archive is not current truth; CDX digest=A2W2PQX5EGOCJ4WRBAT2BQN635TCW4VY
url-0653,http://www.lps.ufrj.br:80/~rmartins/add_user.htm,http://www.lps.ufrj.br/~rmartins/add_user.htm,"https://web.archive.org/cdx/search/cdx?url=lps.ufrj.br/*&output=json&filter=statuscode:200&filter=mimetype:text/html&fl=timestamp,original,statuscode,digest&collapse=urlkey&limit=10000",2003-08-08T22:29:53Z,archive-cdx,LPS web maintainers,und,historical-archive-only,public-record,sha256:16fe92f3944bf85abd60ba45960249856305a139ccb2bc3bb27ca56491f53586,410,2003-08-08,Wayback CDX capture 2003-08-08; archive is not current truth; CDX digest=QUVS6G7ND4LGPJIIO6E7JJCVVDEXR7X3
url-0654,http://www.lps.ufrj.br:80/~rmartins/admin.htm,http://www.lps.ufrj.br/~rmartins/admin.htm,"https://web.archive.org/cdx/search/cdx?url=lps.ufrj.br/*&output=json&filter=statuscode:200&filter=mimetype:text/html&fl=timestamp,original,statuscode,digest&collapse=urlkey&limit=10000",2003-08-09T08:22:45Z,archive-cdx,LPS web maintainers,und,historical-archive-only,private-excluded,sha256:ac2ce2b0f6a6725fe1176f245c6ed377a6151ac5c7f65565c4d9202da666a7a8,private-excluded,2003-08-09,Wayback CDX capture 2003-08-09; archive is not current truth; CDX digest=HJX6JNUZJACIGQGMK7FPVHBU34HRUBWU
url-0655,http://www.lps.ufrj.br:80/~rmartins/index.htm,http://www.lps.ufrj.br/~rmartins/index.htm,"https://web.archive.org/cdx/search/cdx?url=lps.ufrj.br/*&output=json&filter=statuscode:200&filter=mimetype:text/html&fl=timestamp,original,statuscode,digest&collapse=urlkey&limit=10000",2003-08-09T08:35:46Z,archive-cdx,LPS web maintainers,und,historical-archive-only,public-record,sha256:0f5faf5f06162b2b4bab2dd6815dd5b6a481934d17fb677ddc0f3ea8f632ea71,410,2003-08-09,Wayback CDX capture 2003-08-09; archive is not current truth; CDX digest=A76MRZQWIBOUXTSBDVUPBN53HHYX5HUR
url-0656,http://www.lps.ufrj.br:80/~rmartins/show_subject.htm,http://www.lps.ufrj.br/~rmartins/show_subject.htm,"https://web.archive.org/cdx/search/cdx?url=lps.ufrj.br/*&output=json&filter=statuscode:200&filter=mimetype:text/html&fl=timestamp,original,statuscode,digest&collapse=urlkey&limit=10000",2003-08-09T08:21:29Z,archive-cdx,LPS web maintainers,und,historical-archive-only,public-record,sha256:25b22c9e7b03c23d2817ae2e073bf5d8d505b84ed2eb3eb3e280f703639a1c61,410,2003-08-09,Wayback CDX capture 2003-08-09; archive is not current truth; CDX digest=ED44Y75WDLYLWOMEHV3CBM2DOLWUVJWQ
url-0657,http://www.lps.ufrj.br:80/~romano/,http://www.lps.ufrj.br/~romano,"https://web.archive.org/cdx/search/cdx?url=lps.ufrj.br/*&output=json&filter=statuscode:200&filter=mimetype:text/html&fl=timestamp,original,statuscode,digest&collapse=urlkey&limit=10000",2002-12-01T06:06:13Z,archive-cdx,LPS web maintainers,und,historical-archive-only,public-record,sha256:79db4c745e499f17687ca3e4d65d4f89e49d82cb1147573602766128424fd7b9,410,2002-12-01,Wayback CDX capture 2002-12-01; archive is not current truth; CDX digest=CTAJWIHPWWQOKASBEVRZPV76XSGGX6IW
url-0658,http://www.lps.ufrj.br:80/~sergioln/,http://www.lps.ufrj.br/~sergioln,"https://web.archive.org/cdx/search/cdx?url=lps.ufrj.br/*&output=json&filter=statuscode:200&filter=mimetype:text/html&fl=timestamp,original,statuscode,digest&collapse=urlkey&limit=10000",2009-07-26T00:49:47Z,archive-cdx,LPS web maintainers,und,historical-archive-only,public-record,sha256:cb75e164239ce28e7294f3d0e30a25ae716b71227a964b3af57013af831a74ea,410,2009-07-26,Wayback CDX capture 2009-07-26; archive is not current truth; CDX digest=6KJR6SCFWW4VVSMOT4FHG6DB2RIVKS2G
url-0659,http://www.lps.ufrj.br:80/~sergioln/denoising/,http://www.lps.ufrj.br/~sergioln/denoising,"https://web.archive.org/cdx/search/cdx?url=lps.ufrj.br/*&output=json&filter=statuscode:200&filter=mimetype:text/html&fl=timestamp,original,statuscode,digest&collapse=urlkey&limit=10000",2009-07-27T08:48:19Z,archive-cdx,LPS web maintainers,und,historical-archive-only,public-record,sha256:db808ee7346ec5d2132ab38544c787697c6c22dd36d60cde858b9b52ba8a762d,410,2009-07-27,Wayback CDX capture 2009-07-27; archive is not current truth; CDX digest=UYFN52D4FYCSNCJER5JQBKPPJJ54D5ZA
url-0660,http://www02.lps.ufrj.br/~sergioln/home.html,http://www02.lps.ufrj.br/~sergioln/home.html,"https://web.archive.org/cdx/search/cdx?url=lps.ufrj.br/*&output=json&filter=statuscode:200&filter=mimetype:text/html&fl=timestamp,original,statuscode,digest&collapse=urlkey&limit=10000",2013-02-15T19:25:14Z,archive-cdx,LPS web maintainers,und,historical-archive-only,public-record,sha256:08ed870788413e3949f55f3debc3c549fc28d467aecada3a31a4c990a0e0304c,410,2013-02-15,Wayback CDX capture 2013-02-15; archive is not current truth; CDX digest=JC3HMCG7GV63L2GSNLJKQ2VUKENGUPIP
url-0661,http://www.lps.ufrj.br:80/~sergioln/ime/,http://www.lps.ufrj.br/~sergioln/ime,"https://web.archive.org/cdx/search/cdx?url=lps.ufrj.br/*&output=json&filter=statuscode:200&filter=mimetype:text/html&fl=timestamp,original,statuscode,digest&collapse=urlkey&limit=10000",2005-03-17T05:05:47Z,archive-cdx,LPS web maintainers,und,historical-archive-only,public-record,sha256:f95a7d1d0eaa43d17fbb1f4e98b40bb91b0b186b0b33c78fc51315e45cf0fa4a,410,2005-03-17,Wayback CDX capture 2005-03-17; archive is not current truth; CDX digest=FHJ6ZRBWDEAOKY2CAY3BDAXZMUIWBVZN
url-0662,http://www.lps.ufrj.br:80/~sergioln/ime/index.html,http://www.lps.ufrj.br/~sergioln/ime/index.html,"https://web.archive.org/cdx/search/cdx?url=lps.ufrj.br/*&output=json&filter=statuscode:200&filter=mimetype:text/html&fl=timestamp,original,statuscode,digest&collapse=urlkey&limit=10000",2009-06-19T07:16:55Z,archive-cdx,LPS web maintainers,und,historical-archive-only,public-record,sha256:bf8c08dbe24d766c1dc2adbbdafac505ecd6f91019daf6e1d5754a381b67daa3,410,2009-06-19,Wayback CDX capture 2009-06-19; archive is not current truth; CDX digest=Q6V3DJQ6TJA6S3E3ZX3EBHTXTG6UYDNB
url-0663,http://www02.lps.ufrj.br/~sergioln/menu1.html,http://www02.lps.ufrj.br/~sergioln/menu1.html,"https://web.archive.org/cdx/search/cdx?url=lps.ufrj.br/*&output=json&filter=statuscode:200&filter=mimetype:text/html&fl=timestamp,original,statuscode,digest&collapse=urlkey&limit=10000",2013-02-15T19:25:14Z,archive-cdx,LPS web maintainers,und,historical-archive-only,public-record,sha256:aef804b797e95471035367ce509c72ea7e000aada09e9cc6021bf45b49483984,410,2013-02-15,Wayback CDX capture 2013-02-15; archive is not current truth; CDX digest=DZOAZW2WAWXAW655RCRYA7LE3BWAOZPX
url-0664,http://www.lps.ufrj.br:80/~sergioln/?C=S;O=A,http://www.lps.ufrj.br/~sergioln?C=S%3BO%3DA,"https://web.archive.org/cdx/search/cdx?url=lps.ufrj.br/*&output=json&filter=statuscode:200&filter=mimetype:text/html&fl=timestamp,original,statuscode,digest&collapse=urlkey&limit=10000",2009-07-27T08:48:14Z,archive-cdx,LPS web maintainers,und,historical-archive-only,public-record,sha256:13c3216621025c453eaa27a7b32404b0a02fd47291dc96b6e486ede3048a8dd6,410,2009-07-27,Wayback CDX capture 2009-07-27; archive is not current truth; CDX digest=W6SKB2QHN7F2ULFK5FBGHYJ672PIWBZT
url-0665,http://www.lps.ufrj.br:80/~telecom/,http://www.lps.ufrj.br/~telecom,"https://web.archive.org/cdx/search/cdx?url=lps.ufrj.br/*&output=json&filter=statuscode:200&filter=mimetype:text/html&fl=timestamp,original,statuscode,digest&collapse=urlkey&limit=10000",2003-08-17T05:20:09Z,archive-cdx,LPS web maintainers,und,historical-archive-only,public-record,sha256:ca19d2e0cf0019767ab2ace71ffe63d51310ea97ece7c3c7fe0630c14bb3656b,410,2003-08-17,Wayback CDX capture 2003-08-17; archive is not current truth; CDX digest=TMLLFZZRVOLXONSXNYNXMQTMUAFGE4FR
url-0666,http://www.lps.ufrj.br:80/~telecom/banner.html,http://www.lps.ufrj.br/~telecom/banner.html,"https://web.archive.org/cdx/search/cdx?url=lps.ufrj.br/*&output=json&filter=statuscode:200&filter=mimetype:text/html&fl=timestamp,original,statuscode,digest&collapse=urlkey&limit=10000",2005-04-19T15:57:09Z,archive-cdx,LPS web maintainers,und,historical-archive-only,public-record,sha256:1b61fc67ada6eae70f6f3c179539e3b71db81c84f4f3a8a7701b23551b90ef47,410,2005-04-19,Wayback CDX capture 2005-04-19; archive is not current truth; CDX digest=O4Y5F5FRAVKT27VU3RYD6MJVBEYCINNV
url-0667,http://www.lps.ufrj.br:80/~telecom/banner_voip.html,http://www.lps.ufrj.br/~telecom/banner_voip.html,"https://web.archive.org/cdx/search/cdx?url=lps.ufrj.br/*&output=json&filter=statuscode:200&filter=mimetype:text/html&fl=timestamp,original,statuscode,digest&collapse=urlkey&limit=10000",2005-02-06T02:15:17Z,archive-cdx,LPS web maintainers,und,historical-archive-only,public-record,sha256:11ec907e1b1cbbe05c3966d016bbc5633795fbf0e1a21abc2d94ac819e521b3f,410,2005-02-06,Wayback CDX capture 2005-02-06; archive is not current truth; CDX digest=KOE2YQ75ZWR2PXFB7TASOHKQM34TETJE
url-0668,http://www.lps.ufrj.br:80/~telecom/calendario.html,http://www.lps.ufrj.br/~telecom/calendario.html,"https://web.archive.org/cdx/search/cdx?url=lps.ufrj.br/*&output=json&filter=statuscode:200&filter=mimetype:text/html&fl=timestamp,original,statuscode,digest&collapse=urlkey&limit=10000",2003-12-16T06:24:47Z,archive-cdx,LPS web maintainers,und,historical-archive-only,public-record,sha256:1723deaff1e6e3bb4e434c843e6f709bed4985abb99d4ff0d89a72b84921431c,410,2003-12-16,Wayback CDX capture 2003-12-16; archive is not current truth; CDX digest=HVEIGG5Q2OOP4ERLV4BU5LZ6THNET5EZ
url-0669,http://www.lps.ufrj.br:80/~telecom/contatos.html,http://www.lps.ufrj.br/~telecom/contatos.html,"https://web.archive.org/cdx/search/cdx?url=lps.ufrj.br/*&output=json&filter=statuscode:200&filter=mimetype:text/html&fl=timestamp,original,statuscode,digest&collapse=urlkey&limit=10000",2003-05-26T08:16:44Z,archive-cdx,LPS web maintainers,und,historical-archive-only,public-record,sha256:2964c91afeb8378e88585566a955fe4c94630929787e2a61f1a1fec51ab879ea,410,2003-05-26,Wayback CDX capture 2003-05-26; archive is not current truth; CDX digest=DAZEKNGIR3Z7LY7AW2LTBWME4TMMP2CT
url-0670,http://www.lps.ufrj.br:80/~telecom/conteudo.html,http://www.lps.ufrj.br/~telecom/conteudo.html,"https://web.archive.org/cdx/search/cdx?url=lps.ufrj.br/*&output=json&filter=statuscode:200&filter=mimetype:text/html&fl=timestamp,original,statuscode,digest&collapse=urlkey&limit=10000",2003-05-23T03:47:28Z,archive-cdx,LPS web maintainers,und,historical-archive-only,public-record,sha256:8844fceb3b425b2b3435b855d5a4003c6300d04f11b0c8ba04f8f55259654670,410,2003-05-23,Wayback CDX capture 2003-05-23; archive is not current truth; CDX digest=EDJH7PF7FPWFDGRTCYHVOG3AZING7FJV
url-0671,http://www.lps.ufrj.br:80/~telecom/corpodocente.html,http://www.lps.ufrj.br/~telecom/corpodocente.html,"https://web.archive.org/cdx/search/cdx?url=lps.ufrj.br/*&output=json&filter=statuscode:200&filter=mimetype:text/html&fl=timestamp,original,statuscode,digest&collapse=urlkey&limit=10000",2003-08-19T20:37:15Z,archive-cdx,LPS web maintainers,und,historical-archive-only,public-record,sha256:2a9bd0e14828b5111fe224bc2e021946b48d186f9778bbb884aaaff2bcbe8e3f,410,2003-08-19,Wayback CDX capture 2003-08-19; archive is not current truth; CDX digest=U2BOFD3BDOCNMLNSL5U53JCV4YAMDK72
url-0672,http://www.lps.ufrj.br:80/~telecom/index.html,http://www.lps.ufrj.br/~telecom/index.html,"https://web.archive.org/cdx/search/cdx?url=lps.ufrj.br/*&output=json&filter=statuscode:200&filter=mimetype:text/html&fl=timestamp,original,statuscode,digest&collapse=urlkey&limit=10000",2004-06-09T12:12:58Z,archive-cdx,LPS web maintainers,und,historical-archive-only,public-record,sha256:a3b68efe30a467cb1c30cbf1a2b160e67d3c94d9173e30243fc4e4d4205354be,410,2004-06-09,Wayback CDX capture 2004-06-09; archive is not current truth; CDX digest=GGCGT2D7HUZOATWG6WT4RXYN2DWEBH54
url-0673,http://www.lps.ufrj.br:80/~telecom/inscricao.html,http://www.lps.ufrj.br/~telecom/inscricao.html,"https://web.archive.org/cdx/search/cdx?url=lps.ufrj.br/*&output=json&filter=statuscode:200&filter=mimetype:text/html&fl=timestamp,original,statuscode,digest&collapse=urlkey&limit=10000",2003-05-26T07:40:47Z,archive-cdx,LPS web maintainers,und,historical-archive-only,public-record,sha256:426177781b7a7357b86c036b789896d248d137aa74dd4f2e60c8a3f0bb6dd348,410,2003-05-26,Wayback CDX capture 2003-05-26; archive is not current truth; CDX digest=R6RWM6XQVE7PRHKZEQG4DZOB7D43SXGV
url-0674,http://www.lps.ufrj.br:80/~telecom/menu.html,http://www.lps.ufrj.br/~telecom/menu.html,"https://web.archive.org/cdx/search/cdx?url=lps.ufrj.br/*&output=json&filter=statuscode:200&filter=mimetype:text/html&fl=timestamp,original,statuscode,digest&collapse=urlkey&limit=10000",2004-02-13T22:15:32Z,archive-cdx,LPS web maintainers,und,historical-archive-only,public-record,sha256:96dc4641c098a22d50fa349341b63d23de952fbd910444c3adf33cb32e8b22e5,410,2004-02-13,Wayback CDX capture 2004-02-13; archive is not current truth; CDX digest=VB22P5YNLVBZZY5COZX6UCWQGVBROM7M
url-0675,http://www.lps.ufrj.br:80/~telecom/nivelamento.html,http://www.lps.ufrj.br/~telecom/nivelamento.html,"https://web.archive.org/cdx/search/cdx?url=lps.ufrj.br/*&output=json&filter=statuscode:200&filter=mimetype:text/html&fl=timestamp,original,statuscode,digest&collapse=urlkey&limit=10000",2003-08-19T20:46:55Z,archive-cdx,LPS web maintainers,und,historical-archive-only,public-record,sha256:400bfe6a21b325eabf81fbbaf7090942e17f04abd85c271d34195e9019317c4b,410,2003-08-19,Wayback CDX capture 2003-08-19; archive is not current truth; CDX digest=4XJRJ4PNNEI47AIHCGQNAHXBJFBDC5GZ
url-0676,http://www.lps.ufrj.br:80/~telecom/programa.html,http://www.lps.ufrj.br/~telecom/programa.html,"https://web.archive.org/cdx/search/cdx?url=lps.ufrj.br/*&output=json&filter=statuscode:200&filter=mimetype:text/html&fl=timestamp,original,statuscode,digest&collapse=urlkey&limit=10000",2003-05-26T07:35:46Z,archive-cdx,LPS web maintainers,und,historical-archive-only,public-record,sha256:03994760fdb67e6a83328406d704acc414a6fc83d0b2812e8973493be6611231,410,2003-05-26,Wayback CDX capture 2003-05-26; archive is not current truth; CDX digest=65GU3XI3ZJFTDEEPYMSDFMEQGJGKRVFI
url-0677,http://www.lps.ufrj.br:80/~telecom/promocoes.html,http://www.lps.ufrj.br/~telecom/promocoes.html,"https://web.archive.org/cdx/search/cdx?url=lps.ufrj.br/*&output=json&filter=statuscode:200&filter=mimetype:text/html&fl=timestamp,original,statuscode,digest&collapse=urlkey&limit=10000",2003-05-26T07:54:15Z,archive-cdx,LPS web maintainers,und,historical-archive-only,public-record,sha256:fe8fecc9fd7ad6f7c8e1dfc94a252dec583d128aab8e5cb54079f32f1e54e9f2,410,2003-05-26,Wayback CDX capture 2003-05-26; archive is not current truth; CDX digest=G4SCUQHAJAQ4ULZZLF4OJO2XAG7BRL52
url-0678,http://www.lps.ufrj.br:80/~telecom/topo.htm,http://www.lps.ufrj.br/~telecom/topo.htm,"https://web.archive.org/cdx/search/cdx?url=lps.ufrj.br/*&output=json&filter=statuscode:200&filter=mimetype:text/html&fl=timestamp,original,statuscode,digest&collapse=urlkey&limit=10000",2003-08-18T22:06:17Z,archive-cdx,LPS web maintainers,und,historical-archive-only,public-record,sha256:555029338d4b141043d127547e1612816bca3809ddbbe3bccf5c9960cf1402f0,410,2003-08-18,Wayback CDX capture 2003-08-18; archive is not current truth; CDX digest=ZVOWHXC6YWHHY752CGSLR6AQ5EKVWGOD
url-0679,http://www.lps.ufrj.br:80/~tiledb/,http://www.lps.ufrj.br/~tiledb,"https://web.archive.org/cdx/search/cdx?url=lps.ufrj.br/*&output=json&filter=statuscode:200&filter=mimetype:text/html&fl=timestamp,original,statuscode,digest&collapse=urlkey&limit=10000",2001-05-21T14:07:58Z,archive-cdx,LPS web maintainers,und,historical-archive-only,public-record,sha256:e3d1e9060dbc55f77eeecb4cc7c72861fbe9f42b98245448ebe049a2ded7dbde,410,2001-05-21,Wayback CDX capture 2001-05-21; archive is not current truth; CDX digest=YHC4C2GOTIT6OJ7PZ3Q5OLLRLZMTS4ZT
url-0680,http://www.lps.ufrj.br:80/~tiledb/Framework/Banner.html,http://www.lps.ufrj.br/~tiledb/Framework/Banner.html,"https://web.archive.org/cdx/search/cdx?url=lps.ufrj.br/*&output=json&filter=statuscode:200&filter=mimetype:text/html&fl=timestamp,original,statuscode,digest&collapse=urlkey&limit=10000",2002-10-23T03:52:01Z,archive-cdx,LPS web maintainers,und,historical-archive-only,public-record,sha256:743c93ff35bfee33858fa1816eb144d4a97dc00eef2cad2a5bec9b971c23f87c,410,2002-10-23,Wayback CDX capture 2002-10-23; archive is not current truth; CDX digest=F5EUKR36Z5QAHGO2F26PZL6SVN3QYXI2
url-0681,http://www.lps.ufrj.br:80/~tiledb/Framework/index.html,http://www.lps.ufrj.br/~tiledb/Framework/index.html,"https://web.archive.org/cdx/search/cdx?url=lps.ufrj.br/*&output=json&filter=statuscode:200&filter=mimetype:text/html&fl=timestamp,original,statuscode,digest&collapse=urlkey&limit=10000",2003-02-22T09:13:05Z,archive-cdx,LPS web maintainers,und,historical-archive-only,public-record,sha256:5fb004e790ad573dd459ef57bd69c20b0b1252cfd090f4d8c3a757849ca1247d,410,2003-02-22,Wayback CDX capture 2003-02-22; archive is not current truth; CDX digest=77DSBLWXE3CZ3KW7KJMWLAEMPE732YS3
url-0682,http://www.lps.ufrj.br:80/~tiledb/Framework/Menu.html,http://www.lps.ufrj.br/~tiledb/Framework/Menu.html,"https://web.archive.org/cdx/search/cdx?url=lps.ufrj.br/*&output=json&filter=statuscode:200&filter=mimetype:text/html&fl=timestamp,original,statuscode,digest&collapse=urlkey&limit=10000",2002-12-13T01:10:44Z,archive-cdx,LPS web maintainers,und,historical-archive-only,public-record,sha256:d1716351115bc64bd39791abf91fbc1bbe73392e621ed36e32e36b3d80373800,410,2002-12-13,Wayback CDX capture 2002-12-13; archive is not current truth; CDX digest=AUDZM3CICJQER4JPQPZ6AMTGQBDFZAZG
url-0683,http://www.lps.ufrj.br:80/~tiledb/Framework/protocol.html,http://www.lps.ufrj.br/~tiledb/Framework/protocol.html,"https://web.archive.org/cdx/search/cdx?url=lps.ufrj.br/*&output=json&filter=statuscode:200&filter=mimetype:text/html&fl=timestamp,original,statuscode,digest&collapse=urlkey&limit=10000",2002-10-24T21:49:53Z,archive-cdx,LPS web maintainers,und,historical-archive-only,public-record,sha256:555c083cdebae8479d5c77301f6503f2c2f9b5dcb7dbd818046556c783e7c8dc,410,2002-10-24,Wayback CDX capture 2002-10-24; archive is not current truth; CDX digest=2FW452RLHH6UGT3BKWUE52MP7DGLQ5Q5
url-0684,http://www.lps.ufrj.br:80/~tiledb/Framework/Welcome.html,http://www.lps.ufrj.br/~tiledb/Framework/Welcome.html,"https://web.archive.org/cdx/search/cdx?url=lps.ufrj.br/*&output=json&filter=statuscode:200&filter=mimetype:text/html&fl=timestamp,original,statuscode,digest&collapse=urlkey&limit=10000",2002-10-23T04:03:15Z,archive-cdx,LPS web maintainers,und,historical-archive-only,public-record,sha256:d55927f991ab05850d54b58862dd85dc19f491ba9cbae1445cd81c7a3814a202,410,2002-10-23,Wayback CDX capture 2002-10-23; archive is not current truth; CDX digest=6RRFLP6LSZHMA7MLL4EWW2UPPM2NVA52
url-0685,http://www.lps.ufrj.br:80/~tiledb/index.html,http://www.lps.ufrj.br/~tiledb/index.html,"https://web.archive.org/cdx/search/cdx?url=lps.ufrj.br/*&output=json&filter=statuscode:200&filter=mimetype:text/html&fl=timestamp,original,statuscode,digest&collapse=urlkey&limit=10000",2001-08-19T03:13:06Z,archive-cdx,LPS web maintainers,und,historical-archive-only,public-record,sha256:524ef240cd01fb10c2c12f123ef4e9125acea0e7367818a5baf78bf2433dbcdf,410,2001-08-19,Wayback CDX capture 2001-08-19; archive is not current truth; CDX digest=YHC4C2GOTIT6OJ7PZ3Q5OLLRLZMTS4ZT
url-0686,http://www.lps.ufrj.br:80/~tiledb/meetings.html,http://www.lps.ufrj.br/~tiledb/meetings.html,"https://web.archive.org/cdx/search/cdx?url=lps.ufrj.br/*&output=json&filter=statuscode:200&filter=mimetype:text/html&fl=timestamp,original,statuscode,digest&collapse=urlkey&limit=10000",2001-06-13T05:08:23Z,archive-cdx,LPS web maintainers,und,historical-archive-only,public-record,sha256:1ed076dc0907413a185e94cffdd21e4c9c39dcc4fc5a24ec6a9641a047af5ead,410,2001-06-13,Wayback CDX capture 2001-06-13; archive is not current truth; CDX digest=ZNL5ELLW6VOK7L7YQG5VFZDIPSMX7AWS
url-0687,http://www.lps.ufrj.br:80/~tiledb/ProjetoFinal/doc/development.html,http://www.lps.ufrj.br/~tiledb/ProjetoFinal/doc/development.html,"https://web.archive.org/cdx/search/cdx?url=lps.ufrj.br/*&output=json&filter=statuscode:200&filter=mimetype:text/html&fl=timestamp,original,statuscode,digest&collapse=urlkey&limit=10000",2002-10-14T20:21:42Z,archive-cdx,LPS web maintainers,und,historical-archive-only,public-record,sha256:7a6216bad35e5936c2e3f11847ead436bf2b1c1cfbcc5547eacee7069b8ac7ae,410,2002-10-14,Wayback CDX capture 2002-10-14; archive is not current truth; CDX digest=CZ2KLCMRVEZAQJJOBKTHX7YXTKCUUBY6
url-0688,http://www.lps.ufrj.br:80/~tiledb/ProjetoFinal/doc/docindex.html,http://www.lps.ufrj.br/~tiledb/ProjetoFinal/doc/docindex.html,"https://web.archive.org/cdx/search/cdx?url=lps.ufrj.br/*&output=json&filter=statuscode:200&filter=mimetype:text/html&fl=timestamp,original,statuscode,digest&collapse=urlkey&limit=10000",2001-06-13T04:39:15Z,archive-cdx,LPS web maintainers,und,historical-archive-only,public-record,sha256:719af367849861a19dd50c0768f1dbaae40f488eacd67aa0c39ad80e466ac2a7,410,2001-06-13,Wayback CDX capture 2001-06-13; archive is not current truth; CDX digest=DJVYDP5IKFDNK5OJWK7QFWNINQS2RHFE
url-0689,http://www.lps.ufrj.br:80/~tiledb/ProjetoFinal/doc/glossary.html,http://www.lps.ufrj.br/~tiledb/ProjetoFinal/doc/glossary.html,"https://web.archive.org/cdx/search/cdx?url=lps.ufrj.br/*&output=json&filter=statuscode:200&filter=mimetype:text/html&fl=timestamp,original,statuscode,digest&collapse=urlkey&limit=10000",2002-08-09T01:30:10Z,archive-cdx,LPS web maintainers,und,historical-archive-only,public-record,sha256:05e2544e8484e07e957d4aef8c16219356682856b12ea4898e63238376d450ef,410,2002-08-09,Wayback CDX capture 2002-08-09; archive is not current truth; CDX digest=CJBFTHNPDNU7FAQJVP5HYWJBXSZSRQBQ
url-0690,http://www.lps.ufrj.br:80/~tiledb/ProjetoFinal/doc/index.html,http://www.lps.ufrj.br/~tiledb/ProjetoFinal/doc/index.html,"https://web.archive.org/cdx/search/cdx?url=lps.ufrj.br/*&output=json&filter=statuscode:200&filter=mimetype:text/html&fl=timestamp,original,statuscode,digest&collapse=urlkey&limit=10000",2001-06-23T13:56:39Z,archive-cdx,LPS web maintainers,und,historical-archive-only,public-record,sha256:fd951287dc2aa4fab0c9eeeaf8958f45db3992351baea2eeeba5526343550df9,410,2001-06-23,Wayback CDX capture 2001-06-23; archive is not current truth; CDX digest=MNWCIJTWQ6HWVZJWCDQE5NYXS7WSOSCU
url-0691,http://www.lps.ufrj.br:80/~tiledb/ProjetoFinal/doc/prototypes.html,http://www.lps.ufrj.br/~tiledb/ProjetoFinal/doc/prototypes.html,"https://web.archive.org/cdx/search/cdx?url=lps.ufrj.br/*&output=json&filter=statuscode:200&filter=mimetype:text/html&fl=timestamp,original,statuscode,digest&collapse=urlkey&limit=10000",2002-08-10T02:22:51Z,archive-cdx,LPS web maintainers,und,historical-archive-only,public-record,sha256:f9bc41a7c1cce1b3a19d885e0b5ebbd85604d0b4e484cc5702651f3d4ba06ff9,410,2002-08-10,Wayback CDX capture 2002-08-10; archive is not current truth; CDX digest=IPCMAVHZ757P7KQEG5NBVVFHA3ZR7K3D
url-0692,http://www.lps.ufrj.br:80/~tiledb/ProjetoFinal/doc/qcmodule.html,http://www.lps.ufrj.br/~tiledb/ProjetoFinal/doc/qcmodule.html,"https://web.archive.org/cdx/search/cdx?url=lps.ufrj.br/*&output=json&filter=statuscode:200&filter=mimetype:text/html&fl=timestamp,original,statuscode,digest&collapse=urlkey&limit=10000",2002-10-22T14:31:25Z,archive-cdx,LPS web maintainers,und,historical-archive-only,public-record,sha256:ef70f566fbbe1c38d0de3cf0e59886593d6f6404563882849637dba909fe4576,410,2002-10-22,Wayback CDX capture 2002-10-22; archive is not current truth; CDX digest=SOEROUIAWMGHGNA7KT4Q2VRUS2X4RJNS
url-0693,http://www.lps.ufrj.br:80/~tiledb/ProjetoFinal/doc/tecnologia.html,http://www.lps.ufrj.br/~tiledb/ProjetoFinal/doc/tecnologia.html,"https://web.archive.org/cdx/search/cdx?url=lps.ufrj.br/*&output=json&filter=statuscode:200&filter=mimetype:text/html&fl=timestamp,original,statuscode,digest&collapse=urlkey&limit=10000",2001-06-23T14:09:57Z,archive-cdx,LPS web maintainers,und,historical-archive-only,public-record,sha256:48c35a5430f4da8d865ed9ec2355aabc533ba4f42108d3514018363b8bf34d0f,410,2001-06-23,Wayback CDX capture 2001-06-23; archive is not current truth; CDX digest=UYBE5FVO7VWJ65JLDPNICIAXGW56XWFU
url-0694,http://www.lps.ufrj.br:80/~tiledb/ProjetoFinal/doc/users.html,http://www.lps.ufrj.br/~tiledb/ProjetoFinal/doc/users.html,"https://web.archive.org/cdx/search/cdx?url=lps.ufrj.br/*&output=json&filter=statuscode:200&filter=mimetype:text/html&fl=timestamp,original,statuscode,digest&collapse=urlkey&limit=10000",2002-08-08T22:16:25Z,archive-cdx,LPS web maintainers,und,historical-archive-only,public-record,sha256:3e06d4fce18cb2d6d733c0e9459a1434306c9e3f3a0ce92929a84e566c967fcb,410,2002-08-08,Wayback CDX capture 2002-08-08; archive is not current truth; CDX digest=5RR5CBCNYFZ44D6RDBVIQC3AB2R6KYDV
url-0695,http://www.lps.ufrj.br:80/~tiledb/ProjetoFinal/doc/wteam.html,http://www.lps.ufrj.br/~tiledb/ProjetoFinal/doc/wteam.html,"https://web.archive.org/cdx/search/cdx?url=lps.ufrj.br/*&output=json&filter=statuscode:200&filter=mimetype:text/html&fl=timestamp,original,statuscode,digest&collapse=urlkey&limit=10000",2002-10-14T19:29:28Z,archive-cdx,LPS web maintainers,und,historical-archive-only,public-record,sha256:6939e29d9e19ac80e1bbca15ee6ae244ecff9d0c883992cad767e6fb13d7b89d,410,2002-10-14,Wayback CDX capture 2002-10-14; archive is not current truth; CDX digest=FAJKHSC66JS6ZOX5MFVL3WN2XA3A3FRC
url-0696,http://www.lps.ufrj.br:80/~tiledb/propostas/index.html,http://www.lps.ufrj.br/~tiledb/propostas/index.html,"https://web.archive.org/cdx/search/cdx?url=lps.ufrj.br/*&output=json&filter=statuscode:200&filter=mimetype:text/html&fl=timestamp,original,statuscode,digest&collapse=urlkey&limit=10000",2005-03-01T06:45:14Z,archive-cdx,LPS web maintainers,und,historical-archive-only,public-record,sha256:6db6b059baded85659c0647b70532a4d37bfa12aa22cb1a3b2fa7daea390d6cf,410,2005-03-01,Wayback CDX capture 2005-03-01; archive is not current truth; CDX digest=ARAZFR37OITQYQ7MBGCNK6TFSD2K53I7
url-0697,http://www.lps.ufrj.br:80/~tiledb/prototypes.html,http://www.lps.ufrj.br/~tiledb/prototypes.html,"https://web.archive.org/cdx/search/cdx?url=lps.ufrj.br/*&output=json&filter=statuscode:200&filter=mimetype:text/html&fl=timestamp,original,statuscode,digest&collapse=urlkey&limit=10000",2001-08-15T05:56:54Z,archive-cdx,LPS web maintainers,und,historical-archive-only,public-record,sha256:f5eefbd48110cf25f12f20121ac34dffa13f11b906c54dea5428ea111b5a4a5a,410,2001-08-15,Wayback CDX capture 2001-08-15; archive is not current truth; CDX digest=LQ4V3HZ3KN4XJUMQ6M6T53IFRVOPCR5I
url-0698,http://www.lps.ufrj.br:80/~tiledb/qcmodule.html,http://www.lps.ufrj.br/~tiledb/qcmodule.html,"https://web.archive.org/cdx/search/cdx?url=lps.ufrj.br/*&output=json&filter=statuscode:200&filter=mimetype:text/html&fl=timestamp,original,statuscode,digest&collapse=urlkey&limit=10000",2001-08-22T10:23:11Z,archive-cdx,LPS web maintainers,und,historical-archive-only,public-record,sha256:e29521f4b74362de3fa4bbe5e61a3b9dec5477bc4bd0bd2718ea15c68fa3f00c,410,2001-08-22,Wayback CDX capture 2001-08-22; archive is not current truth; CDX digest=SOEROUIAWMGHGNA7KT4Q2VRUS2X4RJNS
url-0699,http://www.lps.ufrj.br:80/~tiledb/wteam.html,http://www.lps.ufrj.br/~tiledb/wteam.html,"https://web.archive.org/cdx/search/cdx?url=lps.ufrj.br/*&output=json&filter=statuscode:200&filter=mimetype:text/html&fl=timestamp,original,statuscode,digest&collapse=urlkey&limit=10000",2001-08-15T05:58:33Z,archive-cdx,LPS web maintainers,und,historical-archive-only,public-record,sha256:40c1a1addddfb37ffadafa1781844d459bbe846bb171f9095fd7dbc82e10ccf2,410,2001-08-15,Wayback CDX capture 2001-08-15; archive is not current truth; CDX digest=ZW7BOZH6OIP2TIVQDKGH5FCVJ6HVUQB3
url-0700,http://www02.lps.ufrj.br:80/~tvdigital/h264setup/index.html,http://www02.lps.ufrj.br/~tvdigital/h264setup/index.html,"https://web.archive.org/cdx/search/cdx?url=lps.ufrj.br/*&output=json&filter=statuscode:200&filter=mimetype:text/html&fl=timestamp,original,statuscode,digest&collapse=urlkey&limit=10000",2010-08-01T08:27:23Z,archive-cdx,LPS web maintainers,und,historical-archive-only,public-record,sha256:f70b96d0fed61fb6239a3ec4093f720dcbcdf3fec887a54e9bb8f412ba7127e8,410,2010-08-01,Wayback CDX capture 2010-08-01; archive is not current truth; CDX digest=4OQ74TQSV5SVLVEVJZ2IO3NUWTOJXE4Q
url-0701,http://www02.lps.ufrj.br:80/~tvdigital/h264setup/page_01.html,http://www02.lps.ufrj.br/~tvdigital/h264setup/page_01.html,"https://web.archive.org/cdx/search/cdx?url=lps.ufrj.br/*&output=json&filter=statuscode:200&filter=mimetype:text/html&fl=timestamp,original,statuscode,digest&collapse=urlkey&limit=10000",2010-08-01T08:25:27Z,archive-cdx,LPS web maintainers,und,historical-archive-only,public-record,sha256:f72e64e4bb7759d02db37eda46528afa018a70046ddb29d9cc5b55fe3b892d80,410,2010-08-01,Wayback CDX capture 2010-08-01; archive is not current truth; CDX digest=XFC532PPGIS2PJPKR2GWZFNEGCQ74AZI
url-0702,http://www02.lps.ufrj.br:80/~tvdigital/h264setup/page_02.html,http://www02.lps.ufrj.br/~tvdigital/h264setup/page_02.html,"https://web.archive.org/cdx/search/cdx?url=lps.ufrj.br/*&output=json&filter=statuscode:200&filter=mimetype:text/html&fl=timestamp,original,statuscode,digest&collapse=urlkey&limit=10000",2010-07-30T11:10:25Z,archive-cdx,LPS web maintainers,und,historical-archive-only,public-record,sha256:aa83ceccf1f8b599d592ea83b141b8ea17072e7162130a816fc00b154a1a5edc,410,2010-07-30,Wayback CDX capture 2010-07-30; archive is not current truth; CDX digest=BDRVYNSG4FU2UWT2C6YEMEFDD56GE67P
url-0703,http://www02.lps.ufrj.br:80/~tvdigital/h264setup/page_03.html,http://www02.lps.ufrj.br/~tvdigital/h264setup/page_03.html,"https://web.archive.org/cdx/search/cdx?url=lps.ufrj.br/*&output=json&filter=statuscode:200&filter=mimetype:text/html&fl=timestamp,original,statuscode,digest&collapse=urlkey&limit=10000",2010-08-01T03:19:02Z,archive-cdx,LPS web maintainers,und,historical-archive-only,public-record,sha256:afd9359fb50f34033ba6cf49be98de5b36ec169ca609c8e14b9de8fdb85b6045,410,2010-08-01,Wayback CDX capture 2010-08-01; archive is not current truth; CDX digest=5A5SAN3WWYVJAOSAHQU4TXP6D6NUEKZG
url-0704,http://www.lps.ufrj.br:80/~vassali/,http://www.lps.ufrj.br/~vassali,"https://web.archive.org/cdx/search/cdx?url=lps.ufrj.br/*&output=json&filter=statuscode:200&filter=mimetype:text/html&fl=timestamp,original,statuscode,digest&collapse=urlkey&limit=10000",2002-08-15T03:45:42Z,archive-cdx,LPS web maintainers,und,historical-archive-only,public-record,sha256:32f82686f9becfd8e1bd9ca8c2e34cd2ef33a64316f55a53be61686d1dafb390,410,2002-08-15,Wayback CDX capture 2002-08-15; archive is not current truth; CDX digest=E5CFTYI44TPYXBELMQOTV6JFPM2B6BEU
url-0705,http://www.lps.ufrj.br:80/~vassali/apresentacao.html,http://www.lps.ufrj.br/~vassali/apresentacao.html,"https://web.archive.org/cdx/search/cdx?url=lps.ufrj.br/*&output=json&filter=statuscode:200&filter=mimetype:text/html&fl=timestamp,original,statuscode,digest&collapse=urlkey&limit=10000",2003-02-22T04:24:22Z,archive-cdx,LPS web maintainers,und,historical-archive-only,public-record,sha256:f36ff260a8d1a0785d1312786b8eac2531126cd6ab89e94150782289ba7e2d10,410,2003-02-22,Wayback CDX capture 2003-02-22; archive is not current truth; CDX digest=U42PDNERUXZZWK3AMPU2O2NPZW3TF2QH
url-0706,http://www.lps.ufrj.br:80/~vassali/artigos.html,http://www.lps.ufrj.br/~vassali/artigos.html,"https://web.archive.org/cdx/search/cdx?url=lps.ufrj.br/*&output=json&filter=statuscode:200&filter=mimetype:text/html&fl=timestamp,original,statuscode,digest&collapse=urlkey&limit=10000",2003-07-14T08:08:37Z,archive-cdx,LPS web maintainers,und,historical-archive-only,public-record,sha256:515d36ff9eb60afe9dfd0f971ed8d05359a71a4c6bd9ae833d087af8eebbfe58,410,2003-07-14,Wayback CDX capture 2003-07-14; archive is not current truth; CDX digest=C3XDV2TLROGTUINUVMSM6EA2CYLEEFCI
url-0707,http://www.lps.ufrj.br:80/~vassali/curriculum.html,http://www.lps.ufrj.br/~vassali/curriculum.html,"https://web.archive.org/cdx/search/cdx?url=lps.ufrj.br/*&output=json&filter=statuscode:200&filter=mimetype:text/html&fl=timestamp,original,statuscode,digest&collapse=urlkey&limit=10000",2003-02-22T04:36:34Z,archive-cdx,LPS web maintainers,und,historical-archive-only,public-record,sha256:34300bc21e8bec4690e0d965b809aa11e558428ecddb0056dfa185d6c1074258,410,2003-02-22,Wayback CDX capture 2003-02-22; archive is not current truth; CDX digest=KRIV5L3LVSLE22Z2R2VTQPDAQQBUZCA4
url-0708,http://www.lps.ufrj.br:80/~vassali/links.html,http://www.lps.ufrj.br/~vassali/links.html,"https://web.archive.org/cdx/search/cdx?url=lps.ufrj.br/*&output=json&filter=statuscode:200&filter=mimetype:text/html&fl=timestamp,original,statuscode,digest&collapse=urlkey&limit=10000",2003-02-22T04:24:50Z,archive-cdx,LPS web maintainers,und,historical-archive-only,public-record,sha256:b4a8f53c370a1af8ad351ddb74b1addd42785f78d51f380ee6953508d87b41d7,410,2003-02-22,Wayback CDX capture 2003-02-22; archive is not current truth; CDX digest=JJJJULQ2BTNXYASZC2E6UHQFX53UPM42
url-0709,http://www.lps.ufrj.br:80/~vassali/repositorio.html,http://www.lps.ufrj.br/~vassali/repositorio.html,"https://web.archive.org/cdx/search/cdx?url=lps.ufrj.br/*&output=json&filter=statuscode:200&filter=mimetype:text/html&fl=timestamp,original,statuscode,digest&collapse=urlkey&limit=10000",2003-02-22T04:20:53Z,archive-cdx,LPS web maintainers,und,historical-archive-only,public-record,sha256:ac6d9f885be3f17307b01dfbd018ce927cde9ce6297d3d2e355451c6954cc898,410,2003-02-22,Wayback CDX capture 2003-02-22; archive is not current truth; CDX digest=ERE5G5AYSJZYI2YEVSBFF4X6ZQLW7PBL
url-0710,http://www.lps.ufrj.br:80/~villas-boas/,http://www.lps.ufrj.br/~villas-boas,"https://web.archive.org/cdx/search/cdx?url=lps.ufrj.br/*&output=json&filter=statuscode:200&filter=mimetype:text/html&fl=timestamp,original,statuscode,digest&collapse=urlkey&limit=10000",2001-05-17T01:59:55Z,archive-cdx,LPS web maintainers,und,historical-archive-only,public-record,sha256:7431939ced291f9802fbd2a2669d257f1aa2cdb3a63e003307b0f056e4b5f5e0,410,2001-05-17,Wayback CDX capture 2001-05-17; archive is not current truth; CDX digest=HU375QHNIRJXGVEBMKQRRL2FRZ7CJSAF
url-0711,http://www.lps.ufrj.br:80/~villas-boas/cards/,http://www.lps.ufrj.br/~villas-boas/cards,"https://web.archive.org/cdx/search/cdx?url=lps.ufrj.br/*&output=json&filter=statuscode:200&filter=mimetype:text/html&fl=timestamp,original,statuscode,digest&collapse=urlkey&limit=10000",2001-06-14T02:33:00Z,archive-cdx,LPS web maintainers,und,historical-archive-only,public-record,sha256:eb6d0e1273d6d449fa02297b3981f7ac110c550ca4f3e9855579fcc1a843ef25,410,2001-06-14,Wayback CDX capture 2001-06-14; archive is not current truth; CDX digest=C4PR3CM6Z5LN5VW44DXKVOTTFBNW2YX4
url-0712,http://www.lps.ufrj.br:80/~villas-boas/patrol/,http://www.lps.ufrj.br/~villas-boas/patrol,"https://web.archive.org/cdx/search/cdx?url=lps.ufrj.br/*&output=json&filter=statuscode:200&filter=mimetype:text/html&fl=timestamp,original,statuscode,digest&collapse=urlkey&limit=10000",2002-04-12T11:06:29Z,archive-cdx,LPS web maintainers,und,historical-archive-only,public-record,sha256:94912c3f65fab5e31c12f1c22c1d9992d504e2a497114e5a85b6dab40949efa8,410,2002-04-12,Wayback CDX capture 2002-04-12; archive is not current truth; CDX digest=63UVOJULV7JYRZTM76ITWQU43GYQ4LH7
url-0713,http://www.lps.ufrj.br:80/~villas-boas/patrol/calc_contr.htm,http://www.lps.ufrj.br/~villas-boas/patrol/calc_contr.htm,"https://web.archive.org/cdx/search/cdx?url=lps.ufrj.br/*&output=json&filter=statuscode:200&filter=mimetype:text/html&fl=timestamp,original,statuscode,digest&collapse=urlkey&limit=10000",2001-05-12T03:59:21Z,archive-cdx,LPS web maintainers,und,historical-archive-only,public-record,sha256:4d843121e738cefb3cbb18ae7fe633bfaee60885a5ae125bba7fb468b50b0a6d,410,2001-05-12,Wayback CDX capture 2001-05-12; archive is not current truth; CDX digest=3WPHTTN2HUOA2PFYM45BKIO6K5V3CMBQ
url-0714,http://www.lps.ufrj.br:80/~villas-boas/patrol/esp_est.htm,http://www.lps.ufrj.br/~villas-boas/patrol/esp_est.htm,"https://web.archive.org/cdx/search/cdx?url=lps.ufrj.br/*&output=json&filter=statuscode:200&filter=mimetype:text/html&fl=timestamp,original,statuscode,digest&collapse=urlkey&limit=10000",2001-05-11T21:39:40Z,archive-cdx,LPS web maintainers,und,historical-archive-only,public-record,sha256:1a83f3be46e39271624d4e943864c0c86494fbedfe143795153eec94b2e25d52,410,2001-05-11,Wayback CDX capture 2001-05-11; archive is not current truth; CDX digest=OONIHL7254XHP7SS2B2NXGWYX7T5Y2LD
url-0715,http://www.lps.ufrj.br:80/~villas-boas/patrol/este_sist_din.htm,http://www.lps.ufrj.br/~villas-boas/patrol/este_sist_din.htm,"https://web.archive.org/cdx/search/cdx?url=lps.ufrj.br/*&output=json&filter=statuscode:200&filter=mimetype:text/html&fl=timestamp,original,statuscode,digest&collapse=urlkey&limit=10000",2001-09-07T11:37:33Z,archive-cdx,LPS web maintainers,und,historical-archive-only,public-record,sha256:adc45833c741384f480b9afcf84a9f5e53208bf9bc269f92d4e0f87edfdb6275,410,2001-09-07,Wayback CDX capture 2001-09-07; archive is not current truth; CDX digest=YGGVBAIMHG4W46BBNQH23SGCZGR5QGJP
url-0716,http://www.lps.ufrj.br:80/~villas-boas/patrol/func_trans.htm,http://www.lps.ufrj.br/~villas-boas/patrol/func_trans.htm,"https://web.archive.org/cdx/search/cdx?url=lps.ufrj.br/*&output=json&filter=statuscode:200&filter=mimetype:text/html&fl=timestamp,original,statuscode,digest&collapse=urlkey&limit=10000",2001-05-12T01:52:51Z,archive-cdx,LPS web maintainers,und,historical-archive-only,public-record,sha256:e6f55b89a10a066477fd49164ac6db6bea9156667683058039ade64a681f51ff,410,2001-05-12,Wayback CDX capture 2001-05-12; archive is not current truth; CDX digest=EQCVA3AYA5VULNEQWDOVUZVMLGSAOJBU
url-0717,http://www.lps.ufrj.br:80/~villas-boas/patrol/fund_tec.html,http://www.lps.ufrj.br/~villas-boas/patrol/fund_tec.html,"https://web.archive.org/cdx/search/cdx?url=lps.ufrj.br/*&output=json&filter=statuscode:200&filter=mimetype:text/html&fl=timestamp,original,statuscode,digest&collapse=urlkey&limit=10000",2001-05-08T01:08:41Z,archive-cdx,LPS web maintainers,und,historical-archive-only,public-record,sha256:43b53265b6aa01b0bf29dc9208baf6bb86d7cb54a3f53474e06cad010fcfbe30,410,2001-05-08,Wayback CDX capture 2001-05-08; archive is not current truth; CDX digest=XXO7EE3Q4JSNQR43G5OKQ6SHNAYN6DFJ
url-0718,http://www.lps.ufrj.br:80/~villas-boas/patrol/index.html,http://www.lps.ufrj.br/~villas-boas/patrol/index.html,"https://web.archive.org/cdx/search/cdx?url=lps.ufrj.br/*&output=json&filter=statuscode:200&filter=mimetype:text/html&fl=timestamp,original,statuscode,digest&collapse=urlkey&limit=10000",2002-08-08T00:58:52Z,archive-cdx,LPS web maintainers,und,historical-archive-only,public-record,sha256:952ee975da9f45465a877f3c4321da05aca1ab08064182c30338944f61903d24,410,2002-08-08,Wayback CDX capture 2002-08-08; archive is not current truth; CDX digest=63UVOJULV7JYRZTM76ITWQU43GYQ4LH7
url-0719,http://www.lps.ufrj.br:80/~villas-boas/patrol/int_sist_lin.htm,http://www.lps.ufrj.br/~villas-boas/patrol/int_sist_lin.htm,"https://web.archive.org/cdx/search/cdx?url=lps.ufrj.br/*&output=json&filter=statuscode:200&filter=mimetype:text/html&fl=timestamp,original,statuscode,digest&collapse=urlkey&limit=10000",2001-05-12T05:12:08Z,archive-cdx,LPS web maintainers,und,historical-archive-only,public-record,sha256:6e3c08d3c3ea42b25389b3441e014f553d2d8993479cf03145ea9a9ce7f0f8de,410,2001-05-12,Wayback CDX capture 2001-05-12; archive is not current truth; CDX digest=OF7M7N6OZABTWIT22HBUGDVSGAFZM6M3
url-0720,http://www.lps.ufrj.br:80/~villas-boas/patrol/mod_dinamicos.html,http://www.lps.ufrj.br/~villas-boas/patrol/mod_dinamicos.html,"https://web.archive.org/cdx/search/cdx?url=lps.ufrj.br/*&output=json&filter=statuscode:200&filter=mimetype:text/html&fl=timestamp,original,statuscode,digest&collapse=urlkey&limit=10000",2001-08-19T03:21:18Z,archive-cdx,LPS web maintainers,und,historical-archive-only,public-record,sha256:67a8154a2532bcfc119d2a26e9947dace7c040ee0126a71e9034ad1dc18b3a08,410,2001-08-19,Wayback CDX capture 2001-08-19; archive is not current truth; CDX digest=MN3JMVP3MB4WITA443FTXPFWYCOLAPQR
url-0721,http://www.lps.ufrj.br:80/~villas-boas/patrol/mod_estat.html,http://www.lps.ufrj.br/~villas-boas/patrol/mod_estat.html,"https://web.archive.org/cdx/search/cdx?url=lps.ufrj.br/*&output=json&filter=statuscode:200&filter=mimetype:text/html&fl=timestamp,original,statuscode,digest&collapse=urlkey&limit=10000",2001-12-08T01:53:34Z,archive-cdx,LPS web maintainers,und,historical-archive-only,public-record,sha256:6cdda03a0985a2795333aa2fb6eaa70165bb77b2e8c5bfdd6eba6e44974c1f46,410,2001-12-08,Wayback CDX capture 2001-12-08; archive is not current truth; CDX digest=AEFAEDK6ZNRTWCLYV6EPQBN5HLCXEQFJ
url-0722,http://www.lps.ufrj.br:80/~villas-boas/patrol/obs_contr.htm,http://www.lps.ufrj.br/~villas-boas/patrol/obs_contr.htm,"https://web.archive.org/cdx/search/cdx?url=lps.ufrj.br/*&output=json&filter=statuscode:200&filter=mimetype:text/html&fl=timestamp,original,statuscode,digest&collapse=urlkey&limit=10000",2001-05-12T08:18:58Z,archive-cdx,LPS web maintainers,und,historical-archive-only,public-record,sha256:37ca357026456c35f4ac33321c901c65a4f763b0755b1b03da3f495ded999821,410,2001-05-12,Wayback CDX capture 2001-05-12; archive is not current truth; CDX digest=62Y2B7X3K7N363V6JUKBNLJ6XA233LLS
url-0723,http://www.lps.ufrj.br:80/~villas-boas/patrol/pol_zer.htm,http://www.lps.ufrj.br/~villas-boas/patrol/pol_zer.htm,"https://web.archive.org/cdx/search/cdx?url=lps.ufrj.br/*&output=json&filter=statuscode:200&filter=mimetype:text/html&fl=timestamp,original,statuscode,digest&collapse=urlkey&limit=10000",2001-05-12T16:23:35Z,archive-cdx,LPS web maintainers,und,historical-archive-only,public-record,sha256:e77159e3d49a20dc64bfdff8ef2fbcdfcccc8efa222f1de7f688c6d3cadf69ec,410,2001-05-12,Wayback CDX capture 2001-05-12; archive is not current truth; CDX digest=HPBWKLQVVJVGGISX5NXTKI5NBNGOUBLT
url-0724,http://www.lps.ufrj.br:80/~villas-boas/patrol/resp_freq.htm,http://www.lps.ufrj.br/~villas-boas/patrol/resp_freq.htm,"https://web.archive.org/cdx/search/cdx?url=lps.ufrj.br/*&output=json&filter=statuscode:200&filter=mimetype:text/html&fl=timestamp,original,statuscode,digest&collapse=urlkey&limit=10000",2001-05-12T17:36:52Z,archive-cdx,LPS web maintainers,und,historical-archive-only,public-record,sha256:a6d35c02b1ecc7deabeeeb24b7b020b963a9e30b0fc4923a8d69eade024ab17a,410,2001-05-12,Wayback CDX capture 2001-05-12; archive is not current truth; CDX digest=QRAP5ENAEOKFC3F6SJ2T322IDMSUC5AG
url-0725,http://www.lps.ufrj.br:80/~villas-boas/patrol/resp_temp.htm,http://www.lps.ufrj.br/~villas-boas/patrol/resp_temp.htm,"https://web.archive.org/cdx/search/cdx?url=lps.ufrj.br/*&output=json&filter=statuscode:200&filter=mimetype:text/html&fl=timestamp,original,statuscode,digest&collapse=urlkey&limit=10000",2001-05-12T20:20:43Z,archive-cdx,LPS web maintainers,und,historical-archive-only,public-record,sha256:fe5c8d88c4d8d639049d7c1c59affdbd284e5fa47d02b8628c4eb4bf87fd4f2d,410,2001-05-12,Wayback CDX capture 2001-05-12; archive is not current truth; CDX digest=HF4ZJUVCID2CAJBWL22PYJK76U5NDLLJ
url-0726,http://www.lps.ufrj.br:80/~villas-boas/patrol/simp_sist_din.htm,http://www.lps.ufrj.br/~villas-boas/patrol/simp_sist_din.htm,"https://web.archive.org/cdx/search/cdx?url=lps.ufrj.br/*&output=json&filter=statuscode:200&filter=mimetype:text/html&fl=timestamp,original,statuscode,digest&collapse=urlkey&limit=10000",2001-05-11T21:39:01Z,archive-cdx,LPS web maintainers,und,historical-archive-only,public-record,sha256:f58cb17e5f48115c4e929097d9f0778610068893edc488e77e2f1aeb9891d52e,410,2001-05-11,Wayback CDX capture 2001-05-11; archive is not current truth; CDX digest=P4MKOZCBCYZEVHI5NRSYQ7TEHCFP57O7
url-0727,http://www.lps.ufrj.br:80/~villas-boas/patrol/sis_multiv.htm,http://www.lps.ufrj.br/~villas-boas/patrol/sis_multiv.htm,"https://web.archive.org/cdx/search/cdx?url=lps.ufrj.br/*&output=json&filter=statuscode:200&filter=mimetype:text/html&fl=timestamp,original,statuscode,digest&collapse=urlkey&limit=10000",2001-05-13T19:25:02Z,archive-cdx,LPS web maintainers,und,historical-archive-only,public-record,sha256:011be78c301e94dee4bd8d1a3d7975d147bccb42035a4ef72eff0bdc92bfbb08,410,2001-05-13,Wayback CDX capture 2001-05-13; archive is not current truth; CDX digest=CAX7HWKDJ6GLMG5FFL2YYTVO5PBENA56
url-0728,http://www.lps.ufrj.br:80/~villas-boas/patrol/step1.htm,http://www.lps.ufrj.br/~villas-boas/patrol/step1.htm,"https://web.archive.org/cdx/search/cdx?url=lps.ufrj.br/*&output=json&filter=statuscode:200&filter=mimetype:text/html&fl=timestamp,original,statuscode,digest&collapse=urlkey&limit=10000",2001-10-14T22:12:58Z,archive-cdx,LPS web maintainers,und,historical-archive-only,public-record,sha256:0fba773afa85ddec7aa85c795e47e4a4770afe8c0a2fa12842d1bb9d639c7f09,410,2001-10-14,Wayback CDX capture 2001-10-14; archive is not current truth; CDX digest=3HQGRAC6Z3Q345RVHQO4WLC2GLHVUXFF
url-0729,http://www.lps.ufrj.br:80/~villas-boas/patrol/step2.htm,http://www.lps.ufrj.br/~villas-boas/patrol/step2.htm,"https://web.archive.org/cdx/search/cdx?url=lps.ufrj.br/*&output=json&filter=statuscode:200&filter=mimetype:text/html&fl=timestamp,original,statuscode,digest&collapse=urlkey&limit=10000",2001-10-14T22:43:58Z,archive-cdx,LPS web maintainers,und,historical-archive-only,public-record,sha256:730f74689489e589cbb3ac152d258e5759b2f5fa74ffe7b3ee02a4aaa6e58b5e,410,2001-10-14,Wayback CDX capture 2001-10-14; archive is not current truth; CDX digest=QGKSTBBHLX52BYT46C7B5DAZ7U36EPLE
